1 1565
2 2966
3 2604
4 3502
5 1469
6 3310
7 3050
8 3002
9 1777
10 2574
11 2081 4303
12 381
13 588
14 3334
15 3157
16 1468 1686 1705 3002 3032
17 473
18 2539
19 814
20 921
21 3421
22 1306 1541 1861
23 2131 2346 2587 2653 2751
24 850
25 3190
26 4452
27 262
28 1636 3064
29 3461
30 1446
31 104
32 3108
33 2546
34 1888
35 2133
36 1410
37 2715
38 2609
39 3074
40 3580
41 4189
42 487 751 1291 3188 3248 3274 4430
43 2599
44 2421
45 206
46 669
47 2334
48 2114
49 1553
50 3025
51 3217 3250
52 2617
53 3548
54 1424
55 844
56 734
57 2450
58 1918 2613 2951
59 1689
60 1202
61 2896
62 512
63 2427
64 4372
65 943
66 3002
67 1952
68 69
69 1693
70 3734
71 2952
72 2081
73 3017
74 290
75 212
76 1508
77 1862
78 2717
79 2620
80 445
81 2675
82 3633
83 3128 3137
84 2751
85 2574
86 2256
87 217 2505 3751
88 1966
89 339 1195 1316 2247 2450 2886 2950
90 846
91 1469 2771
92 2905
93 4430
94 653
95 1932
96 1485
97 826 1934
98 3803
99 3052
100 391
101 4268
102 2483
103 2234
104 2474
105 2984
106 2944
107 2992
108 526 533 543 564 1418 2891 3353 3383 3643
109 3334
110 3733
111 1293 1932
112 297
113 937
114 229
115 3061
116 3792
117 1446 2644
118 737 2904 3294 4263
119 1251 2997 4284
120 1784
121 2387
122 3270
123 632
124 1551
125 2169
126 4003
127 2136
128 841 847 1253 1299 2077
129 365
130 390
131 1569
132 1471
133 1456
134 726 1296 1414
135 1472
136 4073
137 2046
138 242 2316
139 4148
140 237 1455 1472
141 2396
142 3230
143 767
144 1961
145 721 1869 2981 3217
146 1392 1654
147 2699
148 4031
149 2951 2969
150 3421
151 1469
152 274
153 3052
154 4284
155 3091
156 405 530 545 1869 1877 1878 3021 3025 3158
157 2967 3631
158 1639
159 734
160 2350
161 1326
162 1199
163 1496 4480
164 3087
165 1889
166 2885
167 1635
168 2903
169 3050
170 3445
171 561 2808
172 2539
173 469
174 2248
175 1469
176 2404
177 36
178 2628
179 2989
180 4284
181 2855
182 3801
183 1342
184 3969
185 4085
186 2675
187 2520
188 83 2482
189 2505
190 3047
191 1063 3832
192 2242
193 1132
194 1875
195 1797
196 2604
197 2578
198 3108
199 405 620 2070
200 2579
201 1641
202 4218
203 1625
204 3836
205 137 1289
206 2564
207 2963
208 1478 2646 3426
209 2737
210 2573
211 2950
212 3085
213 783
214 256
215 1151
216 4491
217 1913 2603
218 373 844 846 1326
219 3208
220 601 1797 1966 3039
221 287
222 386 826 3251 3313
223 1254
224 1179
225 372
226 3426
227 470 473 1260 1596
228 297
229 389
230 3699
231 4180
232 1703
233 372 381
234 2346
235 408
236 2901
237 1712 2527 3527
238 2938
239 1070
240 1881
241 473 1496 2847
242 1212 4491
243 3005
244 2718
245 3102
246 2950
247 2989
248 1446
249 2453
250 384
251 2527
252 3009
253 2127
254 4475
255 538
256 501
257 183
258 1295
259 1471 2900
260 3486 3489
261 1324
262 3299
263 1469
264 3304
265 2992
266 3647
267 2612
268 302
269 960
270 2138
271 3016
272 2908
273 2420
274 1875
275 3769
276 640
277 63
278 840 846 1979
279 4478
280 1667
281 4297
282 2631
283 4263
284 3693
285 1064
286 290 291 408 490 1384
287 481 4011
288 1408
289 2940
290 1225
291 1797
292 1469
293 2932
294 1710 1876 2663 3113 3354 3383 3628 4033 4315
295 2081 3000 3000
296 2007
297 638
298 812 817 3336
299 2420
300 1456
301 2574
302 1316 2873
303 3412
304 2013
305 446 1029 2540 2546 2555 2558 2602 2609 2613 2667 2705 2707 2713 2718 2727 2742 2751 2756 2761 2767 2819 2820 2845 2847 2851 2860
306 701 1469 1496 2969 3002
307 2989
308 1686
309 2927
310 476
311 3046
312 1492
313 198
314 1601
315 2979
316 220 1180 3097 3158
317 3643
318 3154
319 4062
320 1405
321 2955
322 2908 2929 2985
323 2537
324 340
325 2903
326 235
327 734 1958
328 2435 3008
329 3001
330 2070
331 2491 2724
332 2271
333 1401
334 2070
335 1693
336 3565
337 2924
338 3385
339 2942
340 3545
341 1167
342 1257
343 1035
344 824
345 2653
346 290 1797 2626 2654 2667 2950
347 2360
348 2919
349 3301
350 469
351 2249
352 537
353 3885
354 1265
355 2612
356 4399
357 3208
358 442 3440
359 2898 2918
360 734
361 3578
362 1797
363 2640
364 1403
365 1469
366 3415
367 968
368 2496
369 2490
370 890
371 4424
372 1784
373 655
374 3267
375 2122
376 4250
377 908
378 3764
379 1126 3734
380 3693
381 571
382 758
383 1064
384 263
385 425 1036 1795 1931 2918
386 2348
387 634
388 1926
389 2473 3231 3532
390 3044
391 408
392 2301
393 1386
394 271
395 911
396 1869 2075 2660 3013 3499
397 2911
398 1693
399 2901
400 3069
401 1455
402 954 2537
403 1926
404 1056
405 624 2633
406 1932
407 1560
408 2180
409 1352
410 2756
411 1006
412 1452
413 2963
414 1549
415 2639
416 3195
417 245
418 1966
419 1290
420 3535
421 2922
422 2449
423 401
424 1753
425 1654 1906
426 2635
427 104
428 701
429 2653
430 3217
431 2531 2724 2725 3665
432 1450 3527
433 3048
434 3161
435 473 844
436 783 1265 3915
437 2520
438 260
439 273
440 4495
441 1342
442 2686
443 1418
444 342 767 2942
445 3066
446 2890
447 3031
448 2939 4074
449 2919
450 1731
451 1300
452 1257
453 1636 2644
454 2900
455 2214
456 2540
457 2543
458 1689 2864
459 3980
460 1030
461 1780
462 3117
463 601 2070
464 1636 3102
465 2900
466 3598
467 1288
468 2512 4284
469 2984 2984
470 1636
471 1392
472 2647
473 3037
474 615 671 2886
475 4020
476 3461
477 1469 4279
478 698 1875 2910
479 2148
480 1202 3216
481 2935
482 535 4284
483 2658
484 2849
485 3077
486 4075
487 4189
488 2432 2929 3053 3063 3723
489 1705 2081
490 1600 3066
491 1821
492 209 1508 2507 4039
493 2974
494 3019
495 3048
496 2900
497 2499
498 3682
499 4004
500 1126
501 2751
502 373 1934
503 2798
504 684
505 874 3154
506 2500
507 3487 3647
508 4137
509 1161
510 3234
511 2847
512 4491
513 3665 3771
514 2462
515 624 3231 3601
516 3048
517 3216 3217
518 2483
519 2581
520 1758
521 1859 4447
522 2715
523 1197 3348
524 1268 1636 1641 3685
525 2595
526 2993
527 2912
528 2684
529 3868
530 2567
531 4074
532 2689
533 2343
534 386
535 207 2204
536 2702
537 4486
538 1582
539 523
540 4481
541 2725
542 2640
543 2891
544 3610
545 918
546 1883
547 1001
548 211
549 2602
550 2982
551 4491
552 2718
553 3105
554 757
555 386 1369
556 2070
557 2524
558 2283
559 1469
560 2267 2969
561 1236 2061
562 260 313 326 3427 3937
563 2569
564 3286
565 1469
566 642 2992
567 446
568 1943
569 1469 1758 2935
570 1199
571 1411
572 2550
573 1623 2737 3250
574 4338
575 3421
576 247 1828
577 721
578 767 767 1520
579 820
580 2561
581 3660
582 1257
583 1530 2556 3154
584 3849
585 2188
586 1316
587 1457
588 292
589 630 1796
590 386
591 2954
592 2959
593 2365
594 2634
595 1021
596 3734
597 2627
598 657
599 2194 2574
600 536
601 3028
602 1161 3459
603 2945
604 2910
605 733
606 211 2718
607 2603
608 1833 2654 3285
609 2654
610 324 630 805 939 939 1284
611 1199 1399 3154 3950
612 372
613 1797
614 358
615 2495
616 2465
617 1835 2081
618 1705
619 1689
620 340
621 405 2917 2919 2929
622 386 2569
623 678
624 4047
625 986
626 1471
627 2565
628 3039
629 4203
630 2496 2950
631 3267
632 2688
633 3310
634 4145
635 2565
636 2963
637 2888
638 326
639 68 3000
640 2692
641 3253
642 2942
643 2934
644 2934
645 671
646 2886
647 2992 3105
648 2736
649 600 844 846 1604 1797 2715 2992
650 2675
651 1496
652 3426
653 814
654 1370 1694 2987 3059
655 3011
656 2963
657 3683
658 561 1264
659 799
660 2740 3383 3931 4329
661 1667
662 384
663 2796
664 1003 4211
665 1525
666 2895
667 3216
668 3631
669 4173
670 1469
671 427 427 632 1799
672 373
673 3008
674 3542
675 3832
676 3838
677 2483
678 326 562 699 2096 2916 3631 4265
679 225 2649
680 3076 4284
681 3079
682 4043
683 2890
684 752
685 4342
686 2384
687 2963 3097
688 2950
689 4438
690 1744
691 2968
692 2167
693 2158
694 3581
695 705
696 3097
697 3265
698 2459
699 874 2929
700 2654
701 1910
702 1430
703 4383
704 3703
705 1753
706 3299
707 2028
708 4145
709 943 1469 2885 2903
710 1787
711 2536
712 591
713 2383
714 2900
715 2973
716 253
717 3217
718 3836
719 330
720 1277
721 4351
722 2900 3911
723 215
724 1687
725 847
726 1314
727 1428
728 2467
729 2950
730 1636
731 611
732 1111
733 3854
734 1933
735 2483 2934
736 1918
737 3250
738 649
739 2984
740 3754
741 207 2748
742 2891
743 1156 1182 3931
744 2399
745 274 640 976 1395 2910 2960 3064
746 2914
747 2869
748 3118
749 1074 1795 2577 3218
750 1202
751 3225
752 3965
753 396 537 1021 1060 2963 3261 3425
754 215 544
755 1797
756 2674
757 884
758 2953
759 1932
760 767 3020 3301
761 1656 3067
762 1797
763 1231
764 1324
765 3200
766 1563
767 3013
768 2179
769 2389
770 767 1395
771 705 1385 2969
772 1539
773 1797 3092
774 2684
775 876
776 733 2797
777 1420
778 1490 3950
779 3685
780 3289 4157
781 4143
782 3684
783 2832
784 1833
785 2004
786 2554
787 980
788 1523 3217
789 211
790 802
791 2420
792 2474
793 288
794 2901
795 2579
796 2936
797 3486
798 1663 3318
799 1284 2050
800 2001
801 3451
802 1306 1830 2912
803 1966 3000
804 3012
805 3536
806 3047
807 1418 3069
808 3031 3031
809 290 757
810 224
811 3194
812 288
813 240
814 2701
815 2922
816 4372
817 75 1553
818 820
819 427
820 2573
821 3096
822 1478 2917 2919 3462
823 3175
824 2296
825 327
826 3799
827 4348
828 1927
829 3451
830 3096
831 470 1126 1963 2526
832 2381
833 3734
834 1500
835 638
836 1701
837 2240
838 2984
839 1954 3572
840 330
841 2724
842 2882
843 3216
844 3300 3565
845 3102
846 2524
847 801
848 3021 3378
849 2644 3097 4169
850 2919
851 530 537 550 551 1450 3765
852 1926
853 2275
854 1912
855 2689
856 385 2578
857 671 2649
858 2571
859 237
860 2573 2578
861 3014 3044 3047
862 1109
863 2950
864 2737
865 1469 2820
866 642
867 2660
868 2494
869 1936
870 2634
871 846
872 3250
873 1508
874 3331
875 1468
876 1457
877 271 1257 1634
878 3208
879 2959 4003
880 3162
881 2973
882 3188
883 21
884 2275
885 1200
886 2433 2528
887 2895
888 2805
889 3048
890 3250
891 386
892 1316
893 3447
894 3061
895 3022
896 1511 3048
897 217
898 2131
899 1469 1793
900 4245
901 211
902 877 3765
903 2418
904 104
905 2992
906 2668
907 2564 2919
908 4356
909 372 757 850
910 621 846
911 4003 4003
912 2622
913 2887
914 292
915 1636
916 907
917 1931
918 479
919 2200
920 1610
921 2526 2533
922 324
923 788
924 2762
925 3422
926 19
927 2957
928 301
929 2571
930 1469
931 2595
932 1324
933 1257 3154
934 1686
935 2441
936 3701
937 2511
938 3218
939 1285
940 1875 4192
941 2465 2762
942 266
943 219
944 1457 1469 1636 2573 2698 3317
945 2992
946 815
947 329 1926
948 311 2783 2847 3949 4030
949 4363
950 1883
951 1553
952 330
953 3299
954 844
955 2599
956 2960
957 701
958 3165
959 1060
960 2202
961 976
962 2910
963 1060
964 291
965 4190
966 2194
967 1250
968 487
969 2274
970 1539
971 2595 2595 2917
972 1799
973 2959
974 2590
975 1619
976 290
977 2707
978 2761
979 3871
980 3809
981 3267
982 1302
983 2984
984 1147
985 420 1290 1293 1797 2070 2555 2969
986 1639
987 1342 2371
988 4422
989 2885
990 747
991 342
992 751
993 2933 3016 3422
994 1493
995 3062
996 2980 3098
997 2927
998 1773
999 3097
1000 4183
1001 387 2748 3137
1002 3061
1003 2896
1004 1668 3334
1005 4307
1006 2136
1007 2929
1008 4022
1009 2081 4284
1010 2520
1011 2499
1012 4161
1013 2630
1014 263 2950
1015 3302
1016 2905
1017 4407
1018 399 2562
1019 2345
1020 212
1021 311 793 1284 4436
1022 4182
1023 4480
1024 4096
1025 3652
1026 2465
1027 3640
1028 3065
1029 2873
1030 2366
1031 498
1032 950 1966
1033 1648
1034 1884
1035 3066
1036 1966 3891
1037 3016
1038 2904
1039 1387
1040 473
1041 4299
1042 2927
1043 3559
1044 4424
1045 2104
1046 2576
1047 211
1048 1357
1049 3652
1050 1263 1325 1857
1051 1833
1052 1053 1291
1053 2187
1054 1539
1055 3565
1056 751
1057 427 1278 3299
1058 844 1126 1932 1933
1059 2068
1060 1401
1061 3108 3313
1062 2953
1063 2288
1064 783 2246 2539 3732
1065 2640
1066 2920
1067 3811
1068 303
1069 1234 1862 1924 3427
1070 2081
1071 2759
1072 2581
1073 2505
1074 588 3064
1075 3505
1076 425
1077 1074
1078 3731
1079 601
1080 721
1081 2973 3925
1082 2969
1083 1797 1937
1084 2748
1085 1412
1086 2564
1087 4148
1088 2984
1089 3465
1090 261 2905 2967 3651
1091 2702
1092 1530
1093 2950
1094 3422
1095 290 2950
1096 2649
1097 2385
1098 3422
1099 1651
1100 2557
1101 721
1102 4147
1103 2456
1104 4028
1105 3171
1106 2866
1107 2568
1108 4179
1109 1827
1110 3108
1111 1530
1112 634
1113 420 1027
1114 2642
1115 3013
1116 1940
1117 1159
1118 225
1119 28
1120 2655
1121 1403 1797 1964 2901
1122 2666
1123 2460
1124 4348
1125 259
1126 783 3415
1127 873 1455 2905 3039 3052
1128 3821
1129 2950
1130 976
1131 1680
1132 2969
1133 737
1134 2975
1135 4284
1136 234
1137 2577
1138 2810
1139 3949
1140 1638
1141 2618 3697
1142 3422 3809
1143 2070
1144 2655
1145 2987
1146 2375
1147 736 4047
1148 1418 2267 2969
1149 252
1150 381 2950
1151 342 2144 2321
1152 757
1153 819
1154 624 1934
1155 1312
1156 1469
1157 298
1158 2963 3690
1159 1553
1160 2926
1161 3796
1162 1126 3231 3335
1163 3939
1164 2627
1165 976
1166 2349
1167 2348
1168 2627
1169 1264
1170 3857
1171 2188
1172 1847
1173 2191
1174 150 1843
1175 657
1176 349 2969
1177 3063
1178 2526 2663 3097 3383
1179 3700
1180 2653 3217
1181 2950 2988
1182 3603 3666
1183 1634
1184 2487
1185 2452 2533
1186 401
1187 757 1295 2955
1188 2144
1189 2654
1190 3042 3233 4342
1191 339 2818
1192 3859
1193 1540
1194 3263
1195 2950
1196 1313 2145 2246
1197 3022
1198 3318
1199 4179
1200 2899
1201 3950
1202 1530
1203 399
1204 2834 3421
1205 1797
1206 2462
1207 274 846
1208 1932
1209 1430
1210 4307
1211 2950
1212 846 2459
1213 272
1214 2556
1215 3003
1216 2698
1217 342 2901 4284
1218 2603
1219 618 2983
1220 3161
1221 1894
1222 734
1223 2901
1224 591 2929 3732
1225 2901
1226 2968
1227 2644
1228 225 225 4164
1229 2960
1230 2888
1231 3859
1232 2187
1233 2000
1234 3048
1235 4062
1236 408
1237 1401
1238 2493
1239 2438
1240 3002
1241 613
1242 1469 2526 2573 2599 2644 2861
1243 2273
1244 894
1245 3030
1246 3251
1247 2732
1248 1128
1249 2905 2929
1250 1257 3422
1251 3422
1252 3415
1253 2702
1254 2524
1255 3096
1256 1636
1257 2692
1258 1453 3013
1259 1454
1260 3794
1261 2960 3108
1262 1636
1263 3231
1264 3091 4148
1265 721
1266 186
1267 1046 3225
1268 3034
1269 3765
1270 3189 3843 4074
1271 2597 2917 2918
1272 2715
1273 3427
1274 2946
1275 2217 2515 2574 2698 2737 2756 2834 2953 3632
1276 1195 1199
1277 4186
1278 752
1279 2864
1280 2777
1281 1468
1282 3852
1283 1545
1284 1040
1285 2511
1286 1379 1604 3264
1287 326 351 655 1359 2097 2771 2916 2952 2992 3801
1288 2341
1289 3002
1290 3839
1291 384
1292 2932
1293 3690
1294 4193
1295 1178
1296 2814
1297 3086
1298 1292
1299 473
1300 3382
1301 3896
1302 2540
1303 285
1304 214
1305 976 1601 3690
1306 2901
1307 1681
1308 408
1309 2149
1310 4066
1311 3229
1312 114 130 131 315 339 607
1313 1418 2081 3765 3848
1314 1932
1315 1932
1316 271 593 632 828 848 2047 3154 3336
1317 3013
1318 366
1319 2056 3013
1320 1686
1321 2950 3105
1322 3302
1323 3809
1324 1402
1325 1403
1326 2520 3441
1327 2552
1328 2534
1329 3247
1330 2151
1331 3986
1332 2354
1333 824
1334 1905
1335 1923 3688
1336 237 2953 3033
1337 2090
1338 4343
1339 322
1340 236
1341 491
1342 3539
1343 1797 2548
1344 216 297 351 3063 3723
1345 2586
1346 1291
1347 473
1348 1910
1349 2667
1350 3090
1351 1257
1352 3448
1353 562 4069
1354 1704
1355 1683
1356 986
1357 287
1358 747
1359 3913
1360 3052
1361 319
1362 2912
1363 1430
1364 588 3633
1365 3046
1366 230 3913
1367 494
1368 1568
1369 3171 3598
1370 3047
1371 3631
1372 2865 3486
1373 3794
1374 2640
1375 1689
1376 3663
1377 2770
1378 1729
1379 1636 2699 2729 2834 2860
1380 2355
1381 2977
1382 2200
1383 2969
1384 486 1126 1933 3306 3312 3336
1385 4152
1386 3305
1387 3252
1388 3550
1389 936
1390 3303
1391 758 1015 1251 1892 3217
1392 2520 2610
1393 238
1394 733 840 1349 3158
1395 1713
1396 2976
1397 2541
1398 4180
1399 3008
1400 240
1401 4345
1402 2935 2939 4169
1403 2739
1404 794
1405 4284
1406 591
1407 1329
1408 1293
1409 591
1410 3238
1411 730
1412 83
1413 1704
1414 2212
1415 326
1416 3172
1417 1469
1418 2147
1419 3336
1420 2434 2441 2564 2985 3087
1421 2969
1422 426
1423 737
1424 3683
1425 846
1426 1888
1427 846 1200
1428 221
1429 3355
1430 955
1431 2963 2969 2992
1432 2004
1433 2747 3250 4161
1434 1379 2933 3275 3543
1435 1257
1436 487
1437 721 2459 2963
1438 2605
1439 941
1440 579
1441 734 3427
1442 1636
1443 1862
1444 3343
1445 2585
1446 2944
1447 2947
1448 3665
1449 381 3319
1450 4345
1451 1111
1452 3936
1453 2725
1454 3264
1455 2902
1456 2225
1457 314
1458 1797
1459 1932
1460 657
1461 2653
1462 1293
1463 3697
1464 876
1465 844 2070 2886 3319
1466 197
1467 1352
1468 2081
1469 444 1420 3064
1470 444
1471 3274
1472 3476
1473 2448
1474 153
1475 1200
1476 1386
1477 1469 2910
1478 2285
1479 1410
1480 844 1937 3305
1481 758 2267
1482 3881
1483 1130
1484 2940 2967
1485 1530 1797
1486 968
1487 217 2546
1488 150
1489 642 2234 3037
1490 2574
1491 3950
1492 2555
1493 3834
1494 3305
1495 1447
1496 1716
1497 1963
1498 671
1499 2506
1500 2663
1501 1468 3910
1502 2905
1503 2900
1504 3839
1505 4
1506 201
1507 2382
1508 2578 3251
1509 701
1510 2837
1511 2741
1512 3008
1513 3303 3313
1514 2952
1515 1292
1516 4221
1517 2770 2954
1518 2576
1519 3020 3283
1520 1403
1521 2669 2675 2737 2783 2810 2839
1522 242 3105
1523 2904
1524 1539 2572 2916
1525 2984
1526 341 1316 2972 3348
1527 1636 3250 3690
1528 2882
1529 655
1530 2600 2603
1531 1847
1532 2618
1533 3044
1534 2144
1535 3033
1536 2713
1537 2581
1538 2049
1539 4447
1540 2526 2770
1541 4485
1542 3087
1543 177
1544 3489
1545 1497
1546 2882
1547 2919
1548 4145
1549 3857
1550 4345
1551 2770
1552 290 593 1292 4284
1553 3064
1554 2992
1555 2901
1556 876 3578
1557 598
1558 2289
1559 1352 2890 3057 3651 3913 3959
1560 2613 2858 3660
1561 1456
1562 952 1456 1797
1563 2560
1564 1871
1565 2565
1566 2081
1567 2762
1568 69
1569 2977
1570 631 2950
1571 2617
1572 2545
1573 231
1574 4
1575 2927 3885
1576 1506
1577 272 3969
1578 2070
1579 2603
1580 1257
1581 3061
1582 1530
1583 1796
1584 2910
1585 3378
1586 3569
1587 386
1588 1308 3250
1589 2387 3697
1590 2558
1591 2691 3002
1592 3495 4123
1593 1940 2943 3062 4189
1594 2453
1595 1833 1926 2491 3043 3499
1596 2748
1597 2215
1598 331
1599 2916
1600 4033
1601 4186
1602 3231
1603 635
1604 2910 2950
1605 242 2929 3003
1606 615
1607 3008
1608 4463
1609 2680
1610 2737
1611 2359
1612 1520
1613 321 1316 1860
1614 4232
1615 3007
1616 2571
1617 1492 2385 2927
1618 336 632 1014 1469
1619 2594
1620 3415
1621 2269
1622 1257
1623 3154 3732 4020
1624 2799
1625 3426 3426
1626 1875
1627 489 1955
1628 178 1881
1629 2564
1630 4352
1631 2825
1632 3384
1633 2992
1634 1160
1635 3916
1636 419 3095
1637 219 3251
1638 2904 2907
1639 2195
1640 2901
1641 2191 2612
1642 1308
1643 3864
1644 2230
1645 2572
1646 2548
1647 1456
1648 824 2958
1649 389
1650 2932
1651 3658
1652 4194
1653 3151
1654 1679
1655 2937
1656 1257
1657 324 1430 4263
1658 2963 2969 3973
1659 3391
1660 3275
1661 2982
1662 1257
1663 3091
1664 1667
1665 1651
1666 768
1667 1685
1668 939 3301
1669 209 3763
1670 3231
1671 1316 1469 1688 2597
1672 621 2000 2012 2047 2320 2950
1673 2539
1674 3088
1675 1457
1676 1818
1677 2338
1678 2934
1679 2654 2771
1680 669 4120
1681 4275
1682 2662
1683 2533
1684 3018
1685 2306
1686 2767
1687 264
1688 783 908 1455 1680 2914
1689 2381
1690 2823
1691 2571
1692 4341
1693 3093
1694 2904
1695 1469
1696 1626
1697 611
1698 2578
1699 2959
1700 745 4135
1701 2668
1702 2092
1703 728
1704 323
1705 874 2121
1706 2620
1707 2551
1708 2988
1709 3064
1710 525
1711 398
1712 735 838 1411
1713 2884
1714 591
1715 2558
1716 4148
1717 2698
1718 2901
1719 1885
1720 1379
1721 420
1722 2454
1723 3755
1724 2081
1725 2940
1726 1469
1727 2852
1728 215 1299
1729 473
1730 2699
1731 1539 2910
1732 3154 3859
1733 1907
1734 3723
1735 4482
1736 4072
1737 2917
1738 3170
1739 4335
1740 2950 2992
1741 2930
1742 2563 3158 4161
1743 1691
1744 3169
1745 774
1746 4372
1747 846
1748 1797
1749 721 2950
1750 2541
1751 3381
1752 943 3067 4342
1753 2623
1754 2904
1755 2489
1756 1869
1757 3950
1758 916
1759 4422
1760 1455 2613
1761 1455
1762 877
1763 2569
1764 3002
1765 2017
1766 1636
1767 2491
1768 2138
1769 253
1770 2870
1771 236 4343
1772 2701
1773 3233
1774 4394
1775 2898 3911
1776 1469
1777 757 1797 1931
1778 1401
1779 559 1418 4337
1780 3154
1781 107
1782 1707
1783 106
1784 1308
1785 2992
1786 1348 3670
1787 2007
1788 4148
1789 2721 2953
1790 2698
1791 146
1792 1354 2075
1793 3027 4049
1794 2533 2929
1795 3859
1796 1833
1797 2209
1798 2856
1799 1434 2552 2679 2686 4125
1800 4487
1801 1326
1802 3093
1803 2774
1804 2969
1805 1453
1806 4478
1807 499
1808 2771
1809 2154
1810 2950 2960
1811 3065
1812 934
1813 2546 2623 2694
1814 1634
1815 2538
1816 3421
1817 1551
1818 1418
1819 2070
1820 733 2951
1821 1295
1822 3048
1823 2588
1824 3000 3096
1825 632
1826 443
1827 2950 2980
1828 1259
1829 624
1830 2972
1831 733 2992 3113 3188
1832 2302
1833 4491
1834 4063
1835 161
1836 3975
1837 2381
1838 555 1497
1839 1970
1840 891
1841 332 1689 3014
1842 2929
1843 1323
1844 146 1316
1845 2680
1846 1661
1847 214
1848 1278
1849 372 3190
1850 473 1636
1851 2933
1852 2921
1853 2557
1854 207 671
1855 1232 1469
1856 931
1857 3170
1858 9
1859 2950 2960
1860 1854
1861 618 1830 1918 2108
1862 4351
1863 1469
1864 381
1865 3301
1866 624 1668 2578 4284
1867 1507
1868 1931 2534 2952
1869 271
1870 1784 2980
1871 2562
1872 2530
1873 3157 3733 3734
1874 3267
1875 3137
1876 3250
1877 3154
1878 230
1879 3064
1880 2387
1881 1463
1882 1639 3108
1883 1469 4348
1884 2475
1885 1494
1886 774
1887 339 1359
1888 634
1889 2984
1890 2609 2979
1891 215 2626 3000 3000
1892 2957
1893 4
1894 2325
1895 844
1896 2653
1897 3021
1898 2484
1899 1797
1900 1634
1901 417
1902 2265
1903 2314
1904 1693 1830
1905 2898
1906 2051
1907 671
1908 2311
1909 3310
1910 2799
1911 638
1912 346
1913 1302 2984
1914 1488 1667
1915 2941
1916 2627
1917 4297
1918 290 2923
1919 2919
1920 1456
1921 1316 2984 3978 4462
1922 2790
1923 2910
1924 1486
1925 2960
1926 3462
1927 2068
1928 3459
1929 844
1930 1456
1931 671
1932 1540
1933 618 3161
1934 106
1935 526 2654 2654
1936 2416
1937 1621
1938 2278
1939 2331
1940 3016
1941 2395
1942 2555
1943 2963 4284
1944 2140
1945 684
1946 751
1947 1911
1948 213
1949 620
1950 3336
1951 3688
1952 2275
1953 3091
1954 291
1955 737 4221
1956 3419
1957 1694
1958 3225
1959 2762
1960 3935
1961 3563
1962 2910
1963 3217
1964 908
1965 1720
1966 2613
1967 2808 2834
1968 2758
1969 3632
1970 1668
1971 1456
1972 3661 3691
1973 473 3299
1974 2562
1975 1700
1976 2929
1977 1434
1978 3042
1979 3493
1980 3005
1981 1511
1982 2919 3195 3312
1983 3239
1984 828 2950
1985 1847
1986 402
1987 1325 3505
1988 494
1989 295
1990 816
1991 2950 3007
1992 665 1932
1993 1934
1994 319 1940
1995 3615
1996 262 500 1060 1548 3354
1997 2818
1998 2950
1999 953
2000 2692
2001 4173
2002 2530
2003 473
2004 2950
2005 2359
2006 2781
2007 174 3583
2008 127
2009 215
2010 2497
2011 1469 3052
2012 1678
2013 2386
2014 1230
2015 811
2016 3108
2017 1349
2018 2227
2019 1399
2020 2960
2021 2647
2022 4342
2023 502 2927
2024 4037
2025 946 1875
2026 543 1636 2214 3896
2027 3305
2028 1395
2029 1539
2030 381 844 3334 3986
2031 3969
2032 2885
2033 1795
2034 205
2035 321
2036 672
2037 2964
2038 2281
2039 3838
2040 2768 2919 4043
2041 2984
2042 215
2043 1293 3097
2044 3165
2045 1553 1553
2046 3302
2047 2933
2048 2628
2049 3857
2050 4478
2051 2590
2052 3715
2053 2937
2054 386
2055 207
2056 1973
2057 1199 2927
2058 2949
2059 1399
2060 638
2061 1231 2295 2335 3050 3195 3285 3527
2062 2929
2063 222
2064 3000
2065 2565
2066 2587
2067 624 3018
2068 3008
2069 2176
2070 3003
2071 2138
2072 2950 2984
2073 44
2074 2885 3631
2075 2757
2076 1818
2077 515
2078 2627
2079 747
2080 3215
2081 3260
2082 1693
2083 546 1430 1530 1797
2084 1916
2085 2641
2086 2675
2087 1312
2088 3050
2089 1691
2090 1471
2091 3925
2092 1888
2093 3711
2094 2927
2095 2905
2096 941 1795
2097 3105
2098 1553
2099 620
2100 1256 1636
2101 1503 3016
2102 2563
2103 1399
2104 3002
2105 1422
2106 4158
2107 3289
2108 1482
2109 840
2110 507
2111 1872
2112 2895
2113 3128
2114 1766
2115 2954 3105
2116 2753
2117 2936 3128
2118 3682
2119 2432
2120 3216
2121 3896
2122 762
2123 1701
2124 983 1797 2070
2125 3684
2126 2081 2660
2127 2510
2128 1614
2129 1793
2130 1267
2131 2463
2132 2897
2133 1471 2959 2992 3978
2134 2622
2135 1179
2136 2950 3583
2137 3569
2138 242 3008
2139 3769 3811
2140 767 1700
2141 2915
2142 600 601 632 952 1518 1797 1931 2982 3105
2143 2471
2144 458
2145 3105
2146 2717
2147 1488
2148 2958
2149 2399
2150 2573
2151 2111
2152 501 1468 3047
2153 1894
2154 2324 4204
2155 733 2835
2156 2431
2157 3002
2158 2984
2159 1454
2160 2975
2161 2948 3128 4175
2162 4307
2163 1679 3093
2164 2438
2165 373 1668
2166 2950
2167 1284
2168 1553
2169 2549
2170 1859
2171 2984
2172 697
2173 4233
2174 405 1231 2092 3052
2175 405
2176 415
2177 321 2578
2178 4392
2179 2461
2180 671 3048
2181 955 1503 1539
2182 2973
2183 2982
2184 3090
2185 735 3153
2186 955
2187 1200 3016
2188 1544
2189 2919
2190 3360
2191 3693
2192 2631
2193 3250
2194 1948
2195 3005
2196 986 2891 2901
2197 3198
2198 1313
2199 2785
2200 3250
2201 1635
2202 2071
2203 1289 1797
2204 4411
2205 2917
2206 1284 1545
2207 2729
2208 3567
2209 737
2210 3309
2211 3118
2212 1689 2917 4491
2213 2698
2214 2598
2215 1274
2216 1696
2217 1469
2218 543 2810
2219 4263
2220 1458
2221 3158
2222 470
2223 3770
2224 3903
2225 292
2226 4475
2227 3892
2228 381 1126
2229 3252 3417
2230 3031
2231 2634
2232 2752
2233 1422 3086 4148
2234 1200 2975
2235 762
2236 3091
2237 2267
2238 1600 3924
2239 591 1230 3336
2240 1888
2241 757 2070 2385 2564 3267
2242 2918
2243 3170
2244 1199
2245 3194
2246 1797
2247 3254
2248 1398
2249 642
2250 934 1399 2061 2602 2847
2251 2196
2252 4098
2253 4292
2254 3063 3422
2255 956
2256 2905
2257 1542 2573
2258 1306 1886
2259 2419
2260 1687
2261 2295
2262 4030
2263 1469
2264 473 3382
2265 2936
2266 1471
2267 2765
2268 1201
2269 810
2270 1199
2271 2845
2272 1808
2273 4157
2274 734
2275 227
2276 2884
2277 2327
2278 3010
2279 2902
2280 3228
2281 114
2282 3768
2283 2734
2284 3931
2285 2905
2286 1238
2287 2094
2288 554
2289 3597
2290 1467
2291 3828
2292 3844
2293 2602
2294 739
2295 3961
2296 877
2297 3668
2298 3595
2299 2182
2300 3918
2301 4195
2302 3421
2303 1390
2304 3215
2305 335
2306 797
2307 2077
2308 3184
2309 1337
2310 1785
2311 2409
2312 659
2313 1441
2314 1122
2315 4161
2316 3325
2317 1029
2318 1797
2319 3208
2320 2087
2321 2316
2322 2325
2323 1093
2324 1892
2325 260
2326 4275
2327 2206
2328 1911
2329 797
2330 3213
2331 3707
2332 1848
2333 3477 3666
2334 142
2335 1940
2336 1710 3204
2337 921
2338 2877
2339 4085
2340 3132
2341 920
2342 4328
2343 4316
2344 227
2345 1065
2346 123 2391 2852
2347 1950
2348 2218 2467 3001
2349 3223
2350 1928
2351 1503
2352 3369
2353 1060
2354 1052
2355 4463
2356 3654
2357 814
2358 1773
2359 1041
2360 412
2361 2110
2362 590
2363 928
2364 2607
2365 1336
2366 1797
2367 1497
2368 3967
2369 953
2370 836
2371 3010
2372 937
2373 343
2374 2527 2746
2375 1133
2376 4242
2377 170
2378 309
2379 2371
2380 594
2381 3325
2382 3121
2383 1288
2384 283
2385 3401
2386 935 3215
2387 3285 3493
2388 3216
2389 193
2390 1065
2391 2653
2392 4455
2393 3251
2394 4094
2395 2211
2396 1447
2397 874 1428
2398 3248
2399 473
2400 702
2401 2186 3950
2402 3534
2403 2377
2404 1237
2405 2265
2406 841
2407 1377
2408 989
2409 267
2410 444
2411 872
2412 1048
2413 4114
2414 542
2415 1130
2416 1896
2417 3954
2418 3743
2419 2299
2420 4229
2421 891
2422 2150
2423 1648
2424 1111
2425 4072
2426 3086
2427 2128
2428 4039
2429 439
2430 1565
2431 2508
2432 2267
2433 2147
2434 3020
2435 4203
2436 611 3310
2437 3125
2438 4086
2439 3213
2440 3180
2441 2571
2442 2419
2443 651 850 3686 3842 4184
2444 1371
2445 1341
2446 2189
2447 4184
2448 2227
2449 4310
2450 2229
2451 3747
2452 3969
2453 4132
2454 562
2455 655
2456 1344
2457 1571
2458 2012
2459 1779
2460 784
2461 1430 3037
2462 1395
2463 3132
2464 106
2465 3986
2466 4327
2467 2559
2468 1539
2469 1226
2470 883
2471 1711
2472 2190
2473 4176
2474 316 338
2475 4328
2476 292
2477 3889
2478 3441
2479 1819
2480 4217
2481 3212
2482 3726
2483 2538
2484 2942
2485 4225
2486 530
2487 752
2488 3140
2489 1059
2490 2218
2491 3836
2492 1503 3690
2493 2573
2494 737
2495 3372
2496 1595
2497 857
2498 3200
2499 3892
2500 684
2501 2057
2502 3375
2503 489
2504 1953
2505 4072
2506 719
2507 4011
2508 2923
2509 1430
2510 1208
2511 2858
2512 1349
2513 3756
2514 985
2515 4170
2516 1988
2517 862
2518 2041
2519 4044
2520 4211
2521 2624
2522 3773
2523 3219
2524 3026
2525 1520
2526 4173
2527 351
2528 3489
2529 2368
2530 2691
2531 1613
2532 327
2533 556
2534 121
2535 1215
2536 4480
2537 2963
2538 1503 1696
2539 2038
2540 3206
2541 2242
2542 2251
2543 770
2544 4172
2545 1818
2546 2950
2547 2415
2548 2954
2549 3918
2550 1600
2551 1060 2968
2552 1359
2553 2084
2554 1463 2603
2555 2004
2556 3200
2557 3474
2558 3672
2559 937
2560 847
2561 3247
2562 2820
2563 3763
2564 2803
2565 212 3950
2566 1536
2567 4487
2568 585
2569 850
2570 1003
2571 298 317 331 1926 3382
2572 3075
2573 1251
2574 4138
2575 1601
2576 3930
2577 995
2578 1839
2579 3488
2580 299 2086
2581 3682
2582 736
2583 3147
2584 745 3318
2585 2158
2586 3156
2587 4005
2588 1859
2589 504
2590 882
2591 3780
2592 2496
2593 4286
2594 3650
2595 343
2596 464
2597 2587
2598 2969
2599 1636
2600 357 2077 2563
2601 4083
2602 26
2603 3836
2604 4299
2605 3768
2606 669
2607 4183
2608 2917
2609 1876
2610 3355
2611 2411
2612 3154
2613 1620
2614 2057
2615 2808
2616 193
2617 1469
2618 689
2619 1036
2620 1039 3754
2621 2979
2622 794
2623 2312
2624 2758
2625 312
2626 134
2627 613
2628 937
2629 3840
2630 23
2631 2809
2632 2649
2633 3325
2634 954
2635 894
2636 2292 2534 4151
2637 1180
2638 1106
2639 937
2640 2257
2641 3532
2642 3441
2643 2718
2644 2294
2645 3032
2646 2165
2647 3848
2648 3685
2649 3766
2650 2985
2651 2465
2652 3717
2653 3527
2654 2808
2655 2131
2656 3461
2657 3949
2658 1763 1793
2659 1857
2660 2085
2661 2308
2662 1230
2663 2280 2741
2664 614
2665 99
2666 339
2667 4299
2668 1714
2669 2562
2670 980
2671 3352
2672 251
2673 2582
2674 3469
2675 4347
2676 1870
2677 965
2678 1932
2679 2960
2680 2078
2681 1829
2682 3939
2683 2925
2684 1953
2685 419
2686 3598
2687 698
2688 3188
2689 1463
2690 1359
2691 2848
2692 543 3967
2693 48
2694 419
2695 64
2696 2901
2697 652
2698 1627
2699 3786
2700 3915
2701 4251
2702 1367
2703 1867
2704 2534
2705 482
2706 4351
2707 1177
2708 405
2709 3764
2710 2012
2711 2894
2712 1316
2713 2951
2714 4288
2715 2164
2716 2196
2717 3182
2718 3649
2719 518
2720 3206
2721 443
2722 1695
2723 1636
2724 2922
2725 2783
2726 1866
2727 3664
2728 842
2729 2019
2730 671
2731 1894 2950
2732 4322
2733 629
2734 129
2735 4120
2736 2986
2737 276
2738 3125
2739 831
2740 453
2741 3209
2742 3717
2743 3927
2744 2430
2745 3018
2746 2473
2747 1218
2748 232 1469 2966
2749 4121
2750 551
2751 692 1554 4309
2752 1342
2753 4083
2754 2517
2755 2100
2756 2731
2757 1798
2758 4142
2759 2907 2979
2760 2403
2761 3598
2762 867
2763 2028
2764 1100
2765 2059
2766 2025 2660
2767 934
2768 2170
2769 1966
2770 95
2771 714
2772 2732
2773 2070
2774 1128
2775 777
2776 3823
2777 4123
2778 4371
2779 340 1883 3036
2780 1574 2992
2781 3087
2782 4472
2783 3200
2784 4172
2785 2270
2786 2856
2787 631
2788 1208
2789 2001
2790 2578
2791 3417
2792 2468 2615
2793 3989
2794 2592
2795 3343
2796 3403
2797 835
2798 87
2799 2289
2800 578
2801 683
2802 1875
2803 2835
2804 2751
2805 2810
2806 1550
2807 1761
2808 1478
2809 2407
2810 281
2811 3210
2812 876
2813 1854
2814 595 1254 1262
2815 1399
2816 294
2817 3212
2818 3915
2819 3880
2820 669 3754
2821 2365
2822 1299
2823 1258
2824 2074
2825 3769
2826 1981
2827 3795
2828 2066
2829 2367
2830 3047
2831 1723
2832 298
2833 117
2834 3209
2835 257
2836 3972
2837 2093
2838 1978
2839 4354
2840 2761
2841 3126
2842 2950
2843 3654
2844 949
2845 4306
2846 3880
2847 89
2848 3813
2849 2929
2850 2354
2851 2737
2852 2304
2853 473
2854 228
2855 3286
2856 4056
2857 3551
2858 2448
2859 1367
2860 1036 2062 2394
2861 3681
2862 4074
2863 1043
2864 2884 4174
2865 3026
2866 3530
2867 1853
2868 148
2869 507
2870 3121
2871 283
2872 2577
2873 526
2874 1651 4459
2875 2010
2876 3188
2877 3370
2878 3885
2879 996
2880 1653
2881 2900
2882 2568
2883 1595
2884 2402
2885 3200
2886 697
2887 2395
2888 2715
2889 1470
2890 2553
2891 3783
2892 3880
2893 3489
2894 2984
2895 1722
2896 3321
2897 1037
2898 2904
2899 248
2900 4272
2901 929
2902 576
2903 802
2904 2565
2905 2850
2906 3432
2907 3106
2908 2748
2909 2914
2910 3533
2911 2955
2912 1294
2913 542
2914 33
2915 215 3378
2916 2281 3820
2917 224 3950
2918 2040
2919 822
2920 705
2921 4371
2922 3242
2923 1469 1497
2924 439
2925 2079
2926 327
2927 1321
2928 630
2929 2811
2930 2509
2931 3537
2932 328
2933 936 2686
2934 388
2935 959
2936 2578
2937 1288
2938 786
2939 3159
2940 721 846 2240 2275 3302 4284
2941 2901
2942 297 2904
2943 1940
2944 507
2945 1346
2946 2732
2947 850 1624
2948 4390
2949 2572 2750
2950 3348
2951 975 3632
2952 2460
2953 1528 1678
2954 670
2955 2714
2956 1176
2957 521
2958 2453 2571 2591 3067 3524 4345
2959 2074
2960 664
2961 1064
2962 735
2963 4337
2964 1620
2965 3676
2966 4281
2967 1795
2968 2770
2969 839
2970 3307
2971 352
2972 1132
2973 2652
2974 4341
2975 2770
2976 545
2977 3251
2978 782
2979 2672
2980 3133
2981 4253
2982 996
2983 4065
2984 1954
2985 1179
2986 1397
2987 3662
2988 2037
2989 2615
2990 864
2991 2585
2992 511
2993 912
2994 1152
2995 2163
2996 1831
2997 2428
2998 3662
2999 2303
3000 2303
3001 2618
3002 4185
3003 20
3004 4288
3005 1179
3006 3368
3007 2808
3008 3301
3009 538
3010 1291
3011 2768
3012 3810
3013 1311
3014 1492 3471
3015 1469
3016 2610
3017 3440
3018 175 2960
3019 1407
3020 3435
3021 3221
3022 2950 2951 2969 3528
3023 1339 1985
3024 2969
3025 599
3026 524
3027 3835
3028 733
3029 1885
3030 1121
3031 2564
3032 3951
3033 3325
3034 3604
3035 3442
3036 4206
3037 741
3038 1358
3039 1047
3040 67
3041 4397
3042 4475
3043 1069 1508 1830 3644 3838
3044 3188
3045 1342
3046 1060
3047 3069
3048 4044
3049 3044
3050 1452
3051 74
3052 473 986
3053 1894
3054 1019
3055 2874
3056 2527
3057 1019
3058 3105
3059 3217
3060 2991
3061 290
3062 2845
3063 799
3064 393
3065 2602
3066 2654
3067 2502
3068 3643
3069 3218
3070 289
3071 1784
3072 4099
3073 3289
3074 289
3075 3208
3076 1729
3077 3246
3078 1082
3079 830
3080 3471
3081 2222 3217
3082 3633
3083 875
3084 3657
3085 173
3086 984
3087 745
3088 3930
3089 1266
3090 2685
3091 916
3092 1274
3093 2896
3094 407
3095 1082
3096 3700
3097 1192
3098 1001
3099 3826
3100 2222
3101 2759
3102 3960
3103 702 2532 2839 4030 4249
3104 4006
3105 365
3106 507
3107 2417
3108 179
3109 1793
3110 3459
3111 876
3112 3728
3113 671
3114 3456
3115 3938
3116 281
3117 1985
3118 106
3119 1341
3120 3188
3121 2723
3122 2898
3123 4277
3124 745 3217
3125 2901
3126 321 2821 3013 3949
3127 3216
3128 1074
3129 2904 2905
3130 3612
3131 1738
3132 1912
3133 115
3134 1780
3135 1132
3136 945
3137 507
3138 2081
3139 4139
3140 1111
3141 428
3142 2488
3143 2652
3144 1318
3145 3838
3146 2901
3147 3447
3148 78
3149 2512
3150 3216
3151 3826
3152 2073
3153 1204
3154 3200
3155 3910
3156 283
3157 2837
3158 2354
3159 1926
3160 1053
3161 3754
3162 1556
3163 3617
3164 339 1661
3165 3754
3166 178
3167 952
3168 3325
3169 1713
3170 2968
3171 5 3016
3172 762
3173 2959
3174 3544
3175 3935
3176 1074
3177 2366
3178 2057
3179 2394
3180 372 373 842 1253 1258 1332 1411 1591
3181 1025
3182 4494
3183 3572 4297
3184 1185
3185 1395
3186 408 2574
3187 963
3188 968
3189 876
3190 882
3191 2179
3192 507
3193 1257
3194 3345
3195 1028
3196 689
3197 3212
3198 396
3199 624 820 2864
3200 1068
3201 3687
3202 1265 1395 3021 3159 3924
3203 2864
3204 1182
3205 1764
3206 1822
3207 2817
3208 3569
3209 846 1680
3210 1171
3211 2341
3212 2222
3213 1715
3214 2717 2718
3215 3896
3216 1042
3217 3217
3218 2465 2490
3219 3885
3220 3641
3221 1031
3222 3280
3223 3958
3224 145
3225 2615
3226 1820
3227 2072
3228 2086
3229 2829
3230 933
3231 4364
3232 3932
3233 2138
3234 3454
3235 4171
3236 2062
3237 2914
3238 4044
3239 1599
3240 73
3241 638
3242 377
3243 1188
3244 2457
3245 1229
3246 470
3247 859
3248 1593
3249 1122
3250 2753
3251 2968
3252 2263 3598 4343
3253 1880
3254 1589
3255 4271
3256 2804
3257 4352
3258 3307
3259 2781
3260 2202
3261 3965
3262 2132
3263 3954
3264 757 1795 1797
3265 2856
3266 3270
3267 294
3268 2535
3269 2916
3270 3858
3271 2669
3272 2240
3273 4433
3274 2121
3275 1993
3276 1179
3277 1839
3278 3200
3279 3320
3280 3203
3281 3686
3282 1128
3283 3966
3284 3653
3285 510
3286 2192
3287 2020
3288 1465
3289 2057
3290 3879
3291 1469
3292 3636
3293 435
3294 1093
3295 3847
3296 2070
3297 2819
3298 2463
3299 2909
3300 1248 1254
3301 4422
3302 3694
3303 4142
3304 3126
3305 3417
3306 2331
3307 3896
3308 2942
3309 2739
3310 3190
3311 4061
3312 3505
3313 3018
3314 2062
3315 734
3316 1780
3317 1206
3318 3983
3319 4479
3320 3135
3321 927
3322 1431
3323 915
3324 3544
3325 3325
3326 3010
3327 1402
3328 3796
3329 2979
3330 2717
3331 2167
3332 2151
3333 4483
3334 1529
3335 512 2861
3336 1498 2837
3337 403
3338 696
3339 2952
3340 656
3341 4029
3342 3418
3343 3731
3344 655 3571
3345 3904
3346 1496
3347 379
3348 3186
3349 3700
3350 1950
3351 912
3352 3331
3353 3717
3354 3218
3355 3661
3356 483
3357 2256
3358 3114
3359 3200
3360 3289
3361 1196
3362 3901
3363 3626
3364 4421
3365 2868
3366 3302
3367 837
3368 1625
3369 3157
3370 1897
3371 4259
3372 3843
3373 2984
3374 2241
3375 2314
3376 2362
3377 1202 1352
3378 476
3379 1721
3380 719 2095
3381 2476
3382 3200
3383 1878
3384 3157
3385 2030
3386 645
3387 2295
3388 1636
3389 737
3390 219
3391 3643
3392 2626
3393 2647
3394 1691
3395 3601
3396 528
3397 2824
3398 3718
3399 1490
3400 308
3401 4354
3402 2300
3403 4417
3404 3284
3405 1316
3406 1029
3407 1223
3408 911
3409 1716
3410 2808
3411 2640
3412 2465 2808
3413 2532
3414 923
3415 2467 2476 2477 2638 2950 2951 2969 3087
3416 4429
3417 1894
3418 474
3419 3031
3420 4488
3421 1721
3422 923
3423 2493
3424 1434
3425 3595
3426 2477 2477
3427 2717
3428 155
3429 327
3430 4302
3431 2748
3432 1019
3433 940
3434 4328
3435 2164
3436 293
3437 1271
3438 2950
3439 3282
3440 2164
3441 1539
3442 2953
3443 351 4074 4352
3444 2081
3445 1469 2901 3283
3446 1403
3447 894
3448 3520
3449 2738
3450 2698
3451 624
3452 1884
3453 788
3454 2084
3455 2086
3456 2089
3457 2095
3458 2124
3459 407
3460 3398
3461 3145
3462 4436
3463 1872 2737
3464 4350
3465 4303
3466 2594 2719 3495 4074
3467 1080
3468 124
3469 434
3470 585
3471 3685
3472 580
3473 1199
3474 4447
3475 4097
3476 2171
3477 2512
3478 544
3479 1485
3480 4000
3481 1779
3482 1311
3483 2845
3484 2771
3485 4170
3486 207
3487 4467
3488 1101
3489 339 1358
3490 567
3491 293
3492 1469 3666
3493 1501
3494 3019
3495 903
3496 4021
3497 3410
3498 3213
3499 4496
3500 4479
3501 3366
3502 3417
3503 4173
3504 4220
3505 86
3506 3422
3507 1839
3508 615
3509 1341
3510 3845
3511 31
3512 1064
3513 3227
3514 3207
3515 689
3516 3716
3517 294
3518 4339
3519 3323
3520 687
3521 2231
3522 4267
3523 1832 1835
3524 3856
3525 1748
3526 943
3527 3583
3528 873
3529 177
3530 1629
3531 3297
3532 3428
3533 3219
3534 209
3535 3306
3536 1339
3537 733
3538 4201
3539 348
3540 140
3541 514 1447 1809
3542 3011
3543 4109
3544 2116
3545 316
3546 1371
3547 911
3548 3046
3549 4076
3550 1465
3551 2911
3552 2305
3553 4399
3554 163
3555 4231
3556 4264
3557 3901
3558 3674
3559 3881
3560 266 552 733
3561 669 3013 4311
3562 2952
3563 129
3564 3371
3565 4241
3566 2829
3567 2950
3568 2274
3569 3380
3570 746
3571 3981
3572 783
3573 99
3574 1023
3575 2331
3576 4056
3577 2091
3578 1810
3579 3876
3580 3866
3581 2820
3582 2415
3583 827 1133
3584 2627 3029 3188
3585 1196
3586 2184
3587 730
3588 57
3589 3544
3590 1599
3591 2392
3592 1964
3593 3816
3594 867
3595 3718
3596 1232 2068 4109
3597 2452
3598 3595
3599 654
3600 3545
3601 2149
3602 2419
3603 3948
3604 3631 4123
3605 283
3606 3841
3607 992
3608 1553
3609 2168
3610 2813
3611 2966
3612 262 1213
3613 1809
3614 4184
3615 3599
3616 3204
3617 2950 2984
3618 876
3619 419
3620 2948
3621 4297
3622 3212
3623 1740
3624 1242
3625 3966
3626 1335
3627 1197
3628 3665
3629 2959
3630 4260
3631 3360
3632 1137
3633 1201
3634 3736
3635 3660
3636 4370
3637 2564
3638 1206
3639 2459
3640 2591
3641 3450
3642 2230
3643 3914
3644 3935
3645 1784
3646 3201
3647 2689
3648 3004
3649 1193
3650 4212
3651 3572
3652 3207
3653 1151
3654 555
3655 156
3656 2483
3657 3099
3658 2687 2967
3659 1537
3660 3214
3661 3311
3662 507
3663 2144
3664 4444
3665 3657
3666 2331
3667 4384
3668 2841
3669 734 746 921 1365 2389 3171
3670 2494
3671 2494
3672 1302
3673 4113
3674 1883 2596 2984
3675 1277
3676 2088
3677 2836
3678 1787
3679 3328
3680 894
3681 3417
3682 1724
3683 3836
3684 1148 2935
3685 4106
3686 2798
3687 1551
3688 3733
3689 132
3690 32
3691 1996
3692 300
3693 1777
3694 3206
3695 327
3696 2658 2699
3697 324
3698 4275
3699 4181
3700 4440
3701 1468 3290
3702 2950
3703 1599 3578
3704 3016
3705 783
3706 737
3707 2044
3708 440
3709 2662 2773 2777
3710 2095
3711 2108
3712 870
3713 1820
3714 3162
3715 2095
3716 3002
3717 2989
3718 4210
3719 299
3720 3730
3721 4315
3722 4451
3723 1574
3724 817 850 3745
3725 3586
3726 4385
3727 3325
3728 2537
3729 3555
3730 4221
3731 3819
3732 3495
3733 3950
3734 2098
3735 2556
3736 3394
3737 820
3738 327
3739 1870
3740 349
3741 2084
3742 2166
3743 4359
3744 150
3745 4121
3746 1806
3747 3460
3748 2569
3749 2043
3750 327
3751 470
3752 1445
3753 3743
3754 1455 4184
3755 372
3756 499
3757 3473
3758 3876
3759 1859 3000
3760 562
3761 4160
3762 2909
3763 3154
3764 4255
3765 3493
3766 1815
3767 877
3768 2539
3769 3420
3770 2573
3771 3285
3772 4099
3773 2745
3774 3098
3775 2001
3776 639
3777 2685
3778 1497
3779 501
3780 1235
3781 3325
3782 1336
3783 1469
3784 1197
3785 3413
3786 3717
3787 1111
3788 1316
3789 349 1641
3790 2820
3791 4494
3792 2953
3793 3938
3794 3207
3795 1847
3796 281
3797 3204
3798 915
3799 872
3800 3420
3801 772
3802 2462 2905
3803 2910
3804 3505
3805 2797
3806 1797
3807 2090
3808 1492
3809 2057
3810 3048
3811 1585
3812 3432
3813 2248
3814 737
3815 2325 3412
3816 116
3817 2404 2438
3818 2577
3819 1760
3820 4313
3821 3578
3822 2033
3823 1295
3824 3554
3825 3493
3826 2487
3827 676
3828 3008
3829 2716
3830 1999
3831 933
3832 463
3833 3387
3834 3919
3835 1112
3836 3221
3837 1634 4343
3838 3324
3839 1068
3840 2152
3841 3248
3842 555 596
3843 2087
3844 1593
3845 4452
3846 489 745
3847 272 840
3848 3677
3849 1610
3850 1111
3851 2972
3852 1498 4161
3853 1267 3306
3854 1693
3855 3375
3856 4490
3857 938
3858 754
3859 3153
3860 2744
3861 3325
3862 3325
3863 4283
3864 2739
3865 516
3866 1974
3867 2195
3868 2824
3869 2502
3870 3519
3871 3739
3872 4014
3873 2835
3874 280
3875 1236 3952
3876 624
3877 1509
3878 3796
3879 1418 2773
3880 3559
3881 1928
3882 73
3883 2124
3884 644
3885 3545
3886 4284
3887 2606
3888 3975
3889 217
3890 1907
3891 861
3892 1666
3893 28
3894 1455
3895 3165
3896 326
3897 625
3898 754
3899 894
3900 3407
3901 3618
3902 2571
3903 1502
3904 369
3905 1137
3906 4316
3907 1144
3908 2078
3909 36
3910 4327
3911 1636
3912 3384
3913 418
3914 2852
3915 1857
3916 3213
3917 483
3918 536
3919 1150
3920 369 473
3921 470
3922 1963
3923 1136 3250
3924 3190
3925 473
3926 793
3927 2040
3928 3209 3491
3929 820
3930 137
3931 2537
3932 1093
3933 2071
3934 1798
3935 3175
3936 1188
3937 695
3938 1187
3939 4321
3940 937 2751 2810 3312 3747
3941 2194
3942 284
3943 921
3944 128
3945 3209
3946 3216
3947 1786 3486
3948 3990
3949 4330
3950 2095
3951 2347
3952 3955
3953 3282
3954 289
3955 636
3956 3826
3957 1067
3958 2554
3959 3092
3960 3640
3961 3342
3962 1796
3963 3717
3964 844
3965 3129
3966 2430
3967 738
3968 2075
3969 311
3970 3551
3971 655
3972 4083
3973 2668
3974 3988
3975 2079
3976 1777
3977 3947
3978 1120
3979 3118
3980 4154
3981 1060 1060
3982 754
3983 3190
3984 4320
3985 675
3986 435
3987 786
3988 1984
3989 1359
3990 2038 2052
3991 3884
3992 3968
3993 1342
3994 578
3995 14
3996 2492
3997 2472
3998 3528
3999 3242
4000 3513
4001 4282
4002 1686
4003 3804
4004 524 526 1545 3871
4005 2194
4006 369 3471
4007 2046
4008 2971
4009 242
4010 394
4011 3725
4012 733
4013 3536
4014 734
4015 2854
4016 1136
4017 1889
4018 49
4019 3910
4020 2901 2950 2969
4021 1661
4022 2967
4023 3320
4024 2096
4025 2839
4026 3428
4027 1004
4028 4451
4029 4302
4030 2453
4031 2450
4032 3201
4033 742
4034 1776
4035 953
4036 297
4037 804
4038 2750
4039 2116
4040 657
4041 1891
4042 1359
4043 2183 2425 2747 2748
4044 3048
4045 2565
4046 1437
4047 1182
4048 3471
4049 1751
4050 3835
4051 4225
4052 1512
4053 2081
4054 4462
4055 1231
4056 2983
4057 3485
4058 1469 1540
4059 2604
4060 3383
4061 2654
4062 1826
4063 1629
4064 2737
4065 2253
4066 2737
4067 2226
4068 3425
4069 114
4070 114
4071 1755
4072 2521
4073 4332
4074 438
4075 338
4076 2250
4077 4302
4078 4021
4079 2858
4080 1040
4081 2874
4082 1204
4083 1143
4084 726
4085 3170
4086 923
4087 641
4088 2615
4089 900
4090 1987
4091 874 2564
4092 4293
4093 3625
4094 1418
4095 2769
4096 647
4097 2777
4098 2653
4099 127
4100 2992
4101 1445
4102 1889
4103 3593
4104 2581
4105 1783
4106 1360
4107 1110
4108 2847
4109 3229
4110 1582
4111 905
4112 2904
4113 3211
4114 3706
4115 174 576 710
4116 3504
4117 1156
4118 1593
4119 481
4120 2979
4121 4000
4122 3094
4123 2886
4124 937
4125 3717
4126 2810
4127 123
4128 2090
4129 4340
4130 4164
4131 2579
4132 2653
4133 1601
4134 1087
4135 3509
4136 1199
4137 1262
4138 119
4139 2687
4140 373 753
4141 2718
4142 2767
4143 4099
4144 3676
4145 3102
4146 3293
4147 3190
4148 1874
4149 2010
4150 1298
4151 2086
4152 3200
4153 1838
4154 1934
4155 3105
4156 2032
4157 2399
4158 2281
4159 877
4160 1449
4161 1376
4162 1469
4163 328
4164 655
4165 1179
4166 2026
4167 1058
4168 888
4169 3325
4170 1359 1359 1784
4171 3981
4172 799
4173 326
4174 1200 3066 3462
4175 1494
4176 1521
4177 1570
4178 923
4179 1794
4180 3209
4181 2315
4182 2762
4183 233
4184 877
4185 3105
4186 3026 3933 4173
4187 657
4188 3490
4189 4126
4190 3816
4191 336
4192 2827
4193 3117
4194 1236
4195 3249
4196 1456 2459 3044
4197 532 553
4198 3715
4199 393
4200 3706
4201 114
4202 93
4203 3858
4204 2613
4205 372 1411
4206 3915
4207 1
4208 2578
4209 2152
4210 1855
4211 995
4212 734 3291
4213 2057
4214 3832
4215 1656
4216 3218
4217 553
4218 240
4219 160
4220 291 874
4221 840 1295
4222 2351
4223 833
4224 1383
4225 765
4226 783
4227 3666
4228 1797
4229 380 638 2000
4230 34
4231 1756
4232 339
4233 4421
4234 2787
4235 2331
4236 3892
4237 3181
4238 2746
4239 1154
4240 1218
4241 3000
4242 1447
4243 2091
4244 1199
4245 2436
4246 1542
4247 3486
4248 1524
4249 1693 2917 2919
4250 3618
4251 1086
4252 2266
4253 3538
4254 1569
4255 2395
4256 1095
4257 2496
4258 4171
4259 1801
4260 582 3925
4261 3217
4262 2577
4263 754
4264 1388
4265 575
4266 1217
4267 2574
4268 289
4269 4410
4270 701
4271 2095
4272 2777
4273 1471
4274 503
4275 1227
4276 16 2383 2564
4277 4256
4278 2044
4279 345 705 2336
4280 1932
4281 1278
4282 2476
4283 1202
4284 538
4285 1185
4286 3071
4287 3499
4288 2207
4289 485
4290 3764
4291 338 1492 3754
4292 3218
4293 2288
4294 2557
4295 327
4296 974
4297 1981
4298 785
4299 3803
4300 2515
4301 669
4302 4182
4303 2204
4304 2951
4305 2728
4306 3188
4307 4415
4308 3216
4309 2950
4310 2440
4311 553
4312 2068
4313 4467
4314 4330
4315 566
4316 3200 4447
4317 4288
4318 3766
4319 388 3171
4320 329
4321 2983
4322 3119
4323 489
4324 548
4325 3208
4326 2006
4327 1637
4328 3775
4329 3316
4330 987
4331 3561
4332 2608
4333 1296
4334 1197 4284
4335 959
4336 3206
4337 1014
4338 3154
4339 1833 3000 3499
4340 1080
4341 526
4342 4085
4343 1104
4344 4417
4345 2491
4346 1895
4347 1286
4348 1455
4349 1534
4350 1342 3417
4351 3950
4352 3647
4353 1202 3499
4354 1056
4355 777
4356 3412
4357 1407
4358 2459
4359 193
4360 51
4361 1754
4362 3696
4363 90
4364 540
4365 784
4366 3217 3313
4367 3247
4368 3754
4369 3861
4370 3760
4371 958
4372 296
4373 67
4374 1797
4375 2020
4376 940
4377 1245
4378 4203
4379 1257 1932 2050 2562 2798
4380 2335
4381 3425
4382 4297
4383 2327
4384 1114
4385 3217
4386 2471
4387 1016
4388 2465
4389 2095
4390 2095
4391 289
4392 3534
4393 3934
4394 2991
4395 1498
4396 2385
4397 3091
4398 928
4399 4476
4400 563
4401 4177
4402 4456
4403 439
4404 1423
4405 933
4406 1328
4407 3904
4408 328
4409 53
4410 2303
4411 3263
4412 2274
4413 3956
4414 4196
4415 4183
4416 1849
4417 844
4418 3741
4419 1428 3666
4420 1932
4421 420
4422 3889
4423 326
4424 757
4425 1471 2571
4426 1294
4427 905
4428 1236
4429 470
4430 854
4431 1335
4432 2131
4433 953
4434 1662
4435 1663
4436 2086
4437 751 3313
4438 1073
4439 137
4440 4104
4441 5
4442 1733
4443 721
4444 77
4445 1428
4446 372 1264
4447 1251
4448 735 933
4449 722
4450 2906
4451 3336
4452 2001
4453 123
4454 4449
4455 3618
4456 751
4457 2904 3008 3008
4458 396
4459 452
4460 970
4461 593 1797
4462 1091
4463 3135
4464 807
4465 2982
4466 1054 3747
4467 3542
4468 2627
4469 1668
4470 3555
4471 2044
4472 801
4473 245
4474 890
4475 1087
4476 3600
4477 635
4478 3305
4479 3890
4480 2525 2945
4481 470
4482 1072
4483 1188
4484 2905
4485 1477
4486 2950
4487 1449
4488 3293
4489 2095
4490 210
4491 353
4492 793
4493 3287
4494 3289 4083
4495 3193
4496 3902
4497 1345
4498 3429
4499 1316
4500 3900
4501 3450
4502 3898
4503 4028
4504 1025
4505 4121
4506 2596
4507 3029
4508 3366
4509 4191
4510 3831
4511 4087
4512 2308
4513 3907
4514 2074
4515 3685
4516 3501
4517 3215
4518 932
4519 698
4520 3250
4521 4487
4522 873
4523 3353
4524 3210
4525 905
4526 297 3054
4527 401
4528 3634
4529 2353
4530 2416 2463
4531 1344
4532 2950
4533 4062
4534 3770
4535 3207
4536 2727
4537 2011
4538 4241
4539 3217
4540 1768
4541 4458
4542 3218
4543 2900
4544 470
4545 385
4546 4120
4547 173 2987 3292
4548 4110
4549 3540
4550 4448
4551 4051
4552 1749
4553 669 1446 3690
4554 2173
4555 1348
4556 2050 3087
4557 1859
4558 933
4559 4447
4560 3190
4561 622
4562 3247
4563 2513
4564 2044
4565 4313
4566 751
4567 2085
4568 4065
4569 4272
4570 3477
4571 3389
4572 956 2904 3014
4573 4466
4574 824
4575 4344
4576 3619
4577 3509
4578 4101
4579 119 2660 2895
4580 3613
4581 1025 4313
4582 2118
4583 645
4584 3664
4585 27
4586 700
4587 542
4588 3044
4589 2493
4590 2283
4591 2474
4592 1046
4593 2751
4594 1222
4595 1553
4596 4145
4597 4440
4598 1683
4599 2084
4600 1398 3471 3657 4175
4601 1909
4602 1539
4603 3753
4604 281
4605 399
4606 854
4607 1048
4608 2246 3017
4609 2280
4610 3666
4611 245
4612 476
4613 2084
4614 3978
4615 3769
4616 3009
4617 883 1199 2768 2900 4475
4618 2476
4619 224
4620 798
4621 2162
4622 1460
4623 1784
4624 3564
4625 3840
4626 1118
4627 1763
4628 321
4629 3615
4630 609
4631 701
4632 2982
4633 1075
4634 1206
4635 2853
4636 2492
4637 1220
4638 3623
4639 1068
4640 3717
4641 2517
4642 3556
4643 4130
4644 397
4645 4266
4646 221
4647 1539 2401 2564 2573 2722 2940 4147
4648 2042
4649 3000
4650 1836 3378 3803
4651 1548
4652 1339
4653 1865
4654 2631
4655 57
4656 2554
4657 3763
4658 1660
4659 2582
4660 1379
4661 3075
4662 3715
4663 399
4664 2128 3422 3498 3642
4665 3394
4666 746
4667 778
4668 2789
4669 3974
4670 2571
4671 3926
4672 526
4673 951
4674 1055
4675 2003
4676 2748
4677 3940
4678 4093
4679 3289
4680 4327
4681 2495
4682 2095
4683 4075
4684 3375
4685 18
4686 619
4687 314
4688 1493
4689 3367
4690 4436
4691 3969
4692 2155
4693 2196
4694 162
4695 1294
4696 1357
4697 383
4698 2696
4699 1088
4700 2345
4701 401
4702 1323
4703 3162
4704 1087
4705 532
4706 771
4707 2317
4708 3754 3834
4709 2698
4710 3997
4711 402
4712 719
4713 1939
4714 490
4715 201
4716 2371
4717 1316
4718 783 3885
4719 1963 2000
4720 381
4721 2861
4722 470
4723 490 2564
4724 1582
4725 734 1955
4726 3187
4727 1308
4728 1802
4729 3427
4730 539
4731 2130
4732 1636 1797
4733 1665
4734 3477
4735 3064
4736 3385
4737 2585
4738 3108
4739 3133
4740 2231
4741 3269
4742 1503
4743 405
4744 3065 3382
4745 4201
4746 2751
4747 891
4748 2488
4749 2203
4750 816
4751 2765
4752 3319
4753 2602
4754 1167
4755 1426
4756 4144
4757 4138
4758 629
4759 758
4760 4230
4761 3259
4762 844 1126
4763 1272
4764 784
4765 4053
4766 876
4767 2680
4768 1384
4769 1789
4770 341
4771 1966 2919
4772 816
4773 3456
4774 185
4775 3186
4776 390
4777 734 813 822
4778 2704
4779 3621
4780 577
4781 2062
4782 3858
4783 2183
4784 1258
4785 3696
4786 941
4787 2873
4788 747 3422
4789 3785
4790 2060
4791 938
4792 576
4793 1178
4794 1239
4795 2057
4796 624 1500
4797 1290 1797
4798 2770
4799 397
4800 2001
4801 473 1126 1293 3300 3301
4802 1346
4803 3991
4804 2057
4805 1430
4806 3108
4807 3100
4808 2716
4809 3116
4810 3379 3571
4811 3099
4812 3900
4813 307
4814 2970
4815 4344
4816 2218
4817 1941
4818 3200
4819 4272
4820 2122
4821 1967
4822 3742
4823 249
4824 3657 4082
4825 2015
4826 3326
4827 3203
4828 3618
4829 4474
4830 339 734
4831 386
4832 3444
4833 2210
4834 3633
4835 680
4836 3690
4837 3178
4838 3805
4839 2742
4840 987
4841 1913
4842 4208
4843 3874
4844 3219
4845 4100
4846 549
4847 657
4848 996
4849 552
4850 935
4851 2776
4852 4009
4853 3486
4854 1162
4855 3480
4856 3004
4857 2963
4858 3384
4859 966
4860 1944 3505 3806
4861 1016
4862 1784
4863 1784
4864 2520
4865 3219
4866 1934 2626 2984
4867 1452
4868 972
4869 3642
4870 3543
4871 3085
4872 755
4873 3903
4874 1360
4875 3705
4876 3201
4877 1791
4878 3733
4879 2095
4880 595
4881 2086
4882 2987
4883 571
4884 2614
4885 1825
4886 3878
4887 2154
4888 862
4889 1144
4890 2762
4891 3685
4892 3904
4893 4489
4894 3261
4895 2253
4896 1458
4897 3217
4898 1074
4899 3229
4900 2075
4901 3683
4902 2858
4903 3216
4904 3316
4905 3319
4906 1839
4907 4284
4908 2001
4909 1204
4910 319
4911 635
4912 2698
4913 5
4914 3730
4915 4208
4916 3705
4917 2301
4918 735
4919 3216
4920 1223
4921 1935
4922 1133
4923 3538
4924 3200
4925 1337
4926 425 4393
4927 2851
4928 976
4929 2612
4930 1455
4931 593
4932 734
4933 2618
4934 972
4935 1593
4936 2058
4937 634 2980
4938 3754
4939 3809
4940 369 624 2250 3250
4941 4172
4942 802
4943 429
4944 1873
4945 4422
4946 2062
4947 3099
4948 4161
4949 208 1457 3860
4950 2771
4951 1111
4952 2451
4953 2518
4954 747
4955 504
4956 2983
4957 3313
4958 1257
4959 3316
4960 2602
4961 1040
4962 465
4963 3937
4964 3322
4965 733
4966 800
4967 3200
4968 2131
4969 510
4970 2133
4971 1255
4972 3392
4973 2837
4974 2495
4975 3487
4976 435
4977 2955
4978 902
4979 1841
4980 1346
4981 3553
4982 3323
4983 429
4984 3384
4985 2992
4986 754 3250
4987 1119
4988 555
4989 1508
4990 2802
4991 655 1358
4992 3808
4993 2809
4994 4193
4995 918 3289
4996 1418
4997 3894
4998 2950
4999 3810
5000 2993
5001 2847
5002 919
5003 4061
5004 2919
5005 2493
5006 2006
5007 2741
5008 1002
5009 3741
5010 3949
5011 2955
5012 1122
5013 2658
5014 443
5015 1682
5016 3171
5017 915
5018 3093
5019 4028
5020 2910 2951
5021 1667
5022 588
5023 4050
5024 1640
5025 4221
5026 3135
5027 1538
5028 1658
5029 1392
5030 3513
5031 1418
5032 1469
5033 2205
5034 327
5035 2892
5036 802
5037 2658
5038 2403
5039 4486
5040 3205
5041 2464
5042 2232 2242 2503
5043 2699
5044 2784
5045 2970
5046 3296
5047 3597
5048 667
5049 2951
5050 903
5051 3842
5052 1132
5053 1960
5054 1324
5055 2911 3252
5056 4136
5057 3549
5058 1346
5059 191
5060 983
5061 669
5062 2747
5063 287
5064 2942 3000 3013 4169
5065 3657
5066 1163 3245
5067 1773
5068 193
5069 3667
5070 319
5071 669
5072 3556
5073 2203
5074 2086
5075 1396
5076 4083
5077 4121
5078 3432
5079 3215
5080 3060
5081 3688
5082 919
5083 517 3754
5084 3633
5085 2950
5086 174
5087 1797
5088 4123
5089 326
5090 4263
5091 1910
5092 3474
5093 1707 3379
5094 3597
5095 1260
5096 3427
5097 2808
5098 2654
5099 1686
5100 2639
5101 690
5102 3098
5103 523
5104 1060
5105 749
5106 3841
5107 306
5108 3164
5109 1893
5110 2472
5111 1323
5112 1737
5113 3507
5114 2442
5115 619
5116 1503
5117 809
5118 4011
5119 1540
5120 2366
5121 4415
5122 1113
5123 3571
5124 815
5125 3649
5126 1245
5127 2459
5128 3518
5129 3754
5130 1454
5131 3169
5132 2086
5133 2692
5134 793 4491
5135 1540 1678
5136 3328
5137 2940
5138 2613
5139 2873
5140 1758 2900
5141 215
5142 1260 3701
5143 89
5144 507
5145 2516
5146 3190
5147 3447
5148 219
5149 3217
5150 3769
5151 2881
5152 3735
5153 4094
5154 2967
5155 4207
5156 2819
5157 1849
5158 1469 2636
5159 2618
5160 1328
5161 566
5162 1714
5163 3827
5164 3728
5165 3885
5166 4486
5167 3358
5168 2628 3001
5169 539
5170 1651
5171 24
5172 2810
5173 816
5174 470 843
5175 756
5176 211
5177 3288
5178 1969
5179 1600
5180 1728
5181 1254
5182 3445
5183 3507
5184 856
5185 3031
5186 457
5187 101
5188 586
5189 3594
5190 966
5191 793 1469 1658 2914
5192 3592
5193 883
5194 2771
5195 1613
5196 3289 3806
5197 3768
5198 895
5199 351
5200 2384
5201 3563
5202 2097
5203 2410
5204 2530
5205 680
5206 3000
5207 1346
5208 4428
5209 2057
5210 3889
5211 1235
5212 1093
5213 2810
5214 6
5215 824
5216 1813
5217 2151
5218 4469
5219 2544
5220 2825
5221 4406
5222 3693
5223 869
5224 3068
5225 4201
5226 656
5227 954
5228 2960
5229 1957
5230 3591
5231 3434
5232 649
5233 863
5234 935
5235 3210
5236 1018
5237 2802
5238 1368
5239 3204 3873
5240 24
5241 3238 3245
5242 630
5243 1446
5244 3124
5245 630
5246 2111
5247 433
5248 2540
5249 2815
5250 1215
5251 2421
5252 341
5253 2408
5254 2754
5255 556
5256 3665
5257 1469
5258 2190
5259 1992
5260 746
5261 3492
5262 3855
5263 1940 3020 3057 3067
5264 1330
5265 580
5266 3892
5267 1395 2691
5268 3489
5269 3204
5270 1453 3025
5271 2983
5272 2327
5273 1540
5274 624 731
5275 1197 2166 2466
5276 2497
5277 3284
5278 2773
5279 90
5280 1514
5281 1369 1639 2891
5282 667
5283 2045
5284 3235
5285 4149
5286 2301
5287 3676
5288 1698
5289 2550
5290 3325
5291 2978
5292 3516
5293 822
5294 1866
5295 2775
5296 1446
5297 2509
5298 1511
5299 274
5300 3920
5301 1525
5302 3190
5303 4466
5304 661
5305 1902
5306 1936
5307 1995
5308 3685
5309 3796
5310 435
5311 508
5312 1074
5313 199
5314 3504
5315 1034
5316 4278
5317 3688
5318 123
5319 3419
5320 3548
5321 3195
5322 1848
5323 390
5324 1348
5325 4184
5326 1539
5327 152
5328 4128
5329 4221
5330 1796
5331 514 543 1471 2599 4067
5332 3200
5333 3003
5334 101
5335 2652
5336 4343
5337 2972
5338 2564
5339 3209
5340 4088
5341 2223
5342 3015
5343 1964
5344 4245
5345 3062
5346 923
5347 3157
5348 935
5349 669
5350 876
5351 2232
5352 3217
5353 1696
5354 4075
5355 2808
5356 1642
5357 4035
5358 70
5359 521
5360 1801
5361 2031
5362 2520
5363 4165
5364 3012 3768
5365 4451
5366 477
5367 4433
5368 1347
5369 2001
5370 3579
5371 1636
5372 2984
5373 2289
5374 4436
5375 4123
5376 3032
5377 1186
5378 4229
5379 480
5380 550
5381 2222
5382 2905
5383 2057
5384 4230
5385 746
5386 3324
5387 1278
5388 1373
5389 3704
5390 2813
5391 3419
5392 3227
5393 210
5394 1571
5395 3987
5396 1929
5397 1864
5398 1301
5399 3567
5400 3627
5401 883
5402 1359 3760
5403 2577 3040
5404 3682
5405 1180
5406 3663
5407 2223
5408 1469 2606
5409 94
5410 733
5411 331
5412 1266
5413 1190
5414 1209
5415 3250
5416 3207
5417 1885
5418 266
5419 2640
5420 1074
5421 1036 3128
5422 3048
5423 1765
5424 4315
5425 4417
5426 3017
5427 512
5428 2952
5429 490
5430 1485 2851
5431 4161
5432 668
5433 2092
5434 2753
5435 4017
5436 3157
5437 1209
5438 3487
5439 3754
5440 1139
5441 2768
5442 3314
5443 1445
5444 3577
5445 3935
5446 1021
5447 3325
5448 2578
5449 433
5450 2983
5451 2606
5452 4337
5453 1395
5454 3477
5455 4327
5456 3427
5457 923
5458 2065
5459 3289
5460 1434
5461 1357
5462 2275
5463 520
5464 1240
5465 1783 3886
5466 4298
5467 2702
5468 4084
5469 297 3048 3087
5470 3485
5471 4011
5472 948
5473 1662
5474 2081
5475 3126
5476 4463
5477 1796
5478 3064
5479 799
5480 1680
5481 2765
5482 2373
5483 2075
5484 1206
5485 3119
5486 2322
5487 3096 4028
5488 1605
5489 383
5490 1968
5491 2153
5492 930
5493 3136
5494 3212
5495 105
5496 449
5497 393
5498 4283
5499 1455
5500 1954
5501 2494
5502 373
5503 327
5504 727
5505 3478
5506 3113
5507 3446 3894
5508 2638
5509 3891
5510 429
5511 1862
5512 3443
5513 3217
5514 807
5515 4302
5516 3377
5517 3950
5518 341
5519 4013
5520 550 1545
5521 1304
5522 1756
5523 3188
5524 515
5525 1537
5526 2618
5527 334 974
5528 3702
5529 1861
5530 2914
5531 1537
5532 632
5533 4358
5534 1622
5535 719
5536 1776
5537 4292
5538 1573
5539 1237
5540 4303
5541 199
5542 4358
5543 2181
5544 4173
5545 1251
5546 3217
5547 1115
5548 4214
5549 3064
5550 3188
5551 2848
5552 2771
5553 3520
5554 451
5555 1216
5556 2936 4164
5557 2214
5558 208
5559 479
5560 3450
5561 3219
5562 1860
5563 3410
5564 1469 3002
5565 2169
5566 1432
5567 2732
5568 1797
5569 1039
5570 305
5571 2963
5572 4123
5573 3250
5574 2392
5575 745 1236 3581
5576 216 227 256 1099 1202 1278 1705 1707 1832 1835 1875 1940 2025 2950 2975 3499 3963
5577 4098
5578 1235
5579 705
5580 943 2900
5581 3574
5582 1239
5583 2851
5584 3717
5585 3324
5586 1637
5587 3869
5588 2994
5589 209
5590 2798
5591 4355
5592 3560
5593 1177
5594 3426
5595 3378
5596 188
5597 452
5598 3982
5599 1441
5600 1545 2217
5601 1713
5602 4243
5603 1613
5604 1347
5605 530
5606 2336
5607 2065
5608 1036
5609 2491 3319
5610 375
5611 867
5612 3411
5613 595 841
5614 2963
5615 3682
5616 31
5617 887
5618 1096
5619 3774
5620 1236
5621 2893
5622 1867
5623 4011
5624 510
5625 3031
5626 2825
5627 137
5628 134
5629 920
5630 1452
5631 3347
5632 999
5633 4435
5634 3200
5635 4459
5636 2977
5637 4353
5638 317
5639 2899
5640 1599 2808
5641 1697
5642 1760
5643 3200
5644 1664
5645 2175
5646 2950
5647 3352
5648 3671
5649 3762
5650 178
5651 1311
5652 1349
5653 1469
5654 4173
5655 1204
5656 3876
5657 49
5658 682
5659 2520
5660 2660
5661 764
5662 3932
5663 2364
5664 733
5665 2069
5666 614
5667 414
5668 3485
5669 419
5670 1287
5671 4184
5672 1848
5673 1163
5674 2756
5675 2509
5676 3490
5677 3964
5678 4462
5679 4039
5680 1323
5681 485
5682 1492
5683 19
5684 1133
5685 1754
5686 1167
5687 349
5688 416
5689 1115
5690 2395
5691 2760
5692 3523
5693 1657 1724
5694 1661
5695 609
5696 3218
5697 1195
5698 1001
5699 1206
5700 782
5701 3728
5702 3591
5703 241
5704 705
5705 1532
5706 4186
5707 1120
5708 3999
5709 191
5710 3217
5711 637 3916
5712 797 3858
5713 3302 3336
5714 2267
5715 347
5716 1749
5717 1669
5718 4241
5719 2246
5720 470
5721 3632
5722 1240
5723 2873
5724 2904
5725 325
5726 701
5727 3706
5728 556
5729 934
5730 2950
5731 1745
5732 2086
5733 2084
5734 1680 2713
5735 83
5736 2287
5737 1870 4190
5738 4468
5739 3315
5740 2248
5741 1674
5742 516
5743 3044
5744 416
5745 298
5746 4445
5747 1280
5748 2834
5749 3935
5750 1043
5751 3008
5752 4043
5753 2808
5754 2632
5755 692
5756 3597
5757 973
5758 2900 4491
5759 2500
5760 2721
5761 751
5762 2989
5763 738
5764 3213
5765 3020
5766 1085
5767 595
5768 3529
5769 3499
5770 3981
5771 1397
5772 3713
5773 2361
5774 602
5775 4142
5776 608
5777 672
5778 1779
5779 4237
5780 1182 3732
5781 1469
5782 3785
5783 3208
5784 5
5785 3240
5786 1530
5787 2264
5788 3471
5789 4066
5790 2727
5791 1306
5792 2729
5793 127
5794 2700
5795 1793
5796 623
5797 2912
5798 3384
5799 2802
5800 3740
5801 1903
5802 797
5803 2203
5804 195
5805 3695
5806 2978
5807 1505
5808 1976
5809 2095
5810 1596
5811 1492 4345
5812 2568 2922
5813 624 837 1934 3693
5814 2483
5815 3558
5816 3006
5817 550
5818 534
5819 2891
5820 2319
5821 3964 4047
5822 2312
5823 2459
5824 861
5825 1496
5826 4008
5827 3558
5828 1348
5829 304
5830 584
5831 580
5832 690
5833 3436
5834 3209
5835 2981
5836 1275
5837 559
5838 173
5839 3466
5840 2310
5841 1726
5842 3378 3926
5843 2044
5844 1113
5845 1913
5846 1953
5847 351
5848 2061
5849 4120
5850 2493
5851 3823
5852 1593
5853 3196
5854 1144
5855 2483 2483
5856 2832
5857 3754
5858 3102
5859 4278
5860 2715
5861 2815
5862 2075
5863 4293
5864 803
5865 1266
5866 3633
5867 4162
5868 2098
5869 1303
5870 263
5871 3201
5872 281
5873 3226 4284
5874 1284
5875 1163
5876 3933
5877 2134
5878 144
5879 2729
5880 2824
5881 3569
5882 3200
5883 4032
5884 3960
5885 1216
5886 2474
5887 4055
5888 4008
5889 3848
5890 2919 2960
5891 2838
5892 2001
5893 552
5894 3935
5895 1493
5896 2808
5897 3968
5898 4322
5899 2244
5900 3597
5901 2540
5902 1953
5903 3150
5904 3207
5905 2987
5906 1707
5907 3209
5908 1245
5909 3440
5910 2960
5911 3632
5912 3665
5913 1432
5914 1257
5915 3843
5916 1845 4255
5917 106
5918 4112
5919 1231
5920 3619
5921 1835
5922 2771
5923 2325 3198
5924 3643
5925 3770
5926 3166
5927 1351
5928 187
5929 4473
5930 3008 3048
5931 25
5932 2963
5933 366
5934 2588
5935 578
5936 2120
5937 3000
5938 728
5939 3301
5940 1210
5941 3325
5942 1510
5943 1469
5944 3021
5945 3549
5946 341
5947 2493
5948 1563
5949 1593
5950 1439
5951 900
5952 2530
5953 2293
5954 3507
5955 483
5956 915
5957 1171
5958 2660
5959 820
5960 1981
5961 2969
5962 43
5963 73
5964 43
5965 3841
5966 30
5967 80
5968 1167
5969 4413
5970 78
5971 1342
5972 428
5973 3726
5974 2321
5975 1276
5976 3219
5977 4153
5978 3253
5979 4447
5980 1207
5981 2186
5982 2668
5983 1908
5984 3281
5985 90
5986 2062
5987 3403
5988 4069
5989 2613
5990 4462
5991 4255
5992 1613
5993 1875
5994 977
5995 84
5996 3999
5997 3611
5998 3233
5999 3000
6000 4252
6001 317
6002 564
6003 2027 3485
6004 807
6005 2415
6006 658
6007 4349
6008 2069
6009 820
6010 56
6011 3915
6012 3774
6013 902
6014 2076
6015 1582
6016 1714
6017 2969 2977
6018 1037
6019 3145
6020 1629
6021 326
6022 1181
6023 561
6024 3925
6025 2057
6026 2373
6027 526
6028 3688 4184
6029 848
6030 2522
6031 3021
6032 402
6033 3325
6034 3931
6035 4105
6036 1956
6037 808
6038 4059
6039 1427
6040 894
6041 3215
6042 1038
6043 3251
6044 582
6045 4248
6046 784
6047 3709
6048 336
6049 378
6050 3330
6051 1277
6052 3756
6053 4384
6054 2340 2732
6055 2468 2468 2654 2697
6056 1263
6057 838
6058 342
6059 2664
6060 3400
6061 2808
6062 3214
6063 2616
6064 3136
6065 986
6066 4218
6067 1758 2914 3008 3912
6068 424
6069 3701
6070 3325
6071 3219
6072 4392
6073 571
6074 4427
6075 1060
6076 1143
6077 2323
6078 3217
6079 3188
6080 2313
6081 2816
6082 2969
6083 4220
6084 4103
6085 3986
6086 3584
6087 404
6088 1301
6089 1653
6090 3873
6091 1090
6092 473
6093 1157
6094 3452
6095 4106
6096 1341
6097 1610
6098 3560
6099 3111
6100 3377
6101 2097
6102 2658
6103 3531
6104 1530 4284
6105 1110
6106 3929
6107 4290
6108 3069
6109 2403
6110 2847
6111 1161 4156
6112 727
6113 3379
6114 3210
6115 1418
6116 2874
6117 3210
6118 3201
6119 876 3571
6120 114 142
6121 3391
6122 426
6123 4046
6124 1556
6125 4033
6126 211 820
6127 3088
6128 1786
6129 2678
6130 1405
6131 1206
6132 101
6133 655
6134 3013
6135 902
6136 1948
6137 4033
6138 2449
6139 279
6140 2923
6141 3809
6142 1829
6143 3670
6144 4109
6145 3027
6146 657
6147 4265
6148 2707
6149 705 2433
6150 2983 2987
6151 1676
6152 222
6153 939
6154 1231
6155 3561
6156 538
6157 3347
6158 972
6159 3489
6160 2567
6161 4210
6162 4080
6163 2751
6164 52
6165 3794
6166 3606
6167 3617
6168 3754
6169 2057
6170 3140
6171 1676
6172 2214
6173 1710
6174 4360
6175 1865
6176 4438
6177 1958
6178 393
6179 3305
6180 1805
6181 784
6182 2034
6183 3985
6184 552
6185 3569
6186 1209
6187 2611
6188 1655
6189 2576
6190 3682
6191 402
6192 669
6193 1613
6194 1040
6195 2063
6196 1134
6197 2809
6198 4426
6199 4164
6200 2820
6201 2117
6202 3652
6203 1283
6204 4230
6205 2282
6206 2901 2992
6207 2040
6208 705
6209 2447
6210 3920
6211 2991
6212 2388
6213 905
6214 689
6215 4110
6216 1316
6217 278
6218 3239
6219 3675
6220 976
6221 294
6222 2092
6223 525
6224 737
6225 856
6226 2930
6227 3479
6228 2088
6229 3258
6230 3337
6231 4238
6232 3685
6233 3808
6234 631 2715
6235 510
6236 4161
6237 2770
6238 1543
6239 915
6240 3225
6241 4325
6242 3200
6243 263
6244 2215
6245 3899
6246 2736
6247 4469
6248 837
6249 2195
6250 330
6251 3704
6252 2062
6253 85 1545
6254 550 1450 3275
6255 3418
6256 2713 4491
6257 3789
6258 2458
6259 2772
6260 672
6261 797
6262 1002
6263 3649
6264 3188
6265 2421
6266 2420
6267 1798
6268 696
6269 670
6270 3146
6271 1237
6272 2353
6273 2741
6274 292 2598
6275 1108
6276 3590
6277 1579
6278 3080
6279 3210
6280 2583
6281 3099
6282 4298
6283 2086
6284 1217
6285 2126
6286 3322
6287 1454 3044 3250
6288 2518
6289 1902
6290 2095
6291 2707
6292 4320
6293 2216
6294 1163
6295 67
6296 2258
6297 3987
6298 530
6299 2962
6300 1385
6301 2774
6302 3395
6303 473
6304 1845
6305 4493
6306 1805
6307 1529
6308 473 2847
6309 3188 3938
6310 1786
6311 1316
6312 951
6313 350
6314 3589
6315 1595
6316 449
6317 854
6318 355
6319 1092
6320 3157
6321 4173
6322 3188
6323 369
6324 2744
6325 1163
6326 3148
6327 182
6328 2665
6329 3940
6330 3861
6331 3265
6332 2730
6333 3521
6334 1006
6335 1675
6336 521
6337 2161
6338 4145
6339 2764
6340 603
6341 1434
6342 449
6343 86
6344 571
6345 3709
6346 2716
6347 3980
6348 2627
6349 2335
6350 3426
6351 3562
6352 3423
6353 2057 3098
6354 1062
6355 3207
6356 3187
6357 806
6358 1109
6359 1221
6360 933
6361 4054
6362 3085
6363 3618
6364 3543
6365 2741
6366 4128
6367 1877
6368 4148
6369 2533
6370 1827
6371 1291
6372 3936
6373 2761
6374 3201
6375 1897
6376 2784
6377 1286
6378 507
6379 3380
6380 688
6381 183
6382 1058
6383 2842
6384 2743
6385 4005
6386 3498
6387 489
6388 731
6389 1050 1453 1964 2383 2562
6390 1522
6391 1060 3678
6392 4073
6393 820
6394 1359 2520
6395 394
6396 1418
6397 1556
6398 3084
6399 870
6400 1795
6401 1344
6402 2803
6403 1345
6404 4057
6405 2794
6406 1417
6407 152
6408 2933
6409 736 1143
6410 4094
6411 552
6412 820
6413 4182
6414 3992
6415 2145
6416 3960
6417 937
6418 2387
6419 2960
6420 3190
6421 158
6422 2403
6423 3205
6424 3486
6425 4094
6426 2196
6427 1343
6428 3225
6429 3486
6430 57
6431 2066
6432 2371
6433 905
6434 3832
6435 11
6436 3422
6437 313
6438 2027
6439 3936
6440 2618
6441 3200
6442 4462
6443 577
6444 861
6445 1797 2281 3165
6446 915
6447 824
6448 4138
6449 684 3972
6450 3924
6451 1452
6452 754
6453 3621
6454 3289
6455 2011
6456 705
6457 1167
6458 99
6459 4385
6460 3669
6461 1469
6462 1365
6463 2192 2700
6464 1050
6465 3931
6466 3325
6467 3325
6468 1743
6469 1323
6470 3388
6471 1597
6472 1030
6473 4342
6474 1798
6475 1460
6476 928
6477 1042
6478 3325
6479 2950
6480 1275
6481 1675
6482 1786 3415
6483 3984
6484 294
6485 370
6486 165
6487 485
6488 627
6489 596
6490 820 979
6491 2095
6492 380
6493 2231
6494 1044
6495 2057
6496 4358
6497 3081
6498 3578
6499 937
6500 858
6501 1964
6502 3795
6503 1128
6504 465
6505 1251 1932
6506 3191
6507 470
6508 3188
6509 2095
6510 2763
6511 1593 1595
6512 274 473 933 1668 3217
6513 2793
6514 2883
6515 227
6516 373
6517 733
6518 3544
6519 3581
6520 745
6521 3318
6522 636 1127
6523 733
6524 3592
6525 1446
6526 1788
6527 4298
6528 1302
6529 4453
6530 1060
6531 3054
6532 915
6533 1285
6534 4496
6535 1202
6536 3153
6537 4304
6538 4194
6539 844
6540 4247
6541 647
6542 461
6543 2770
6544 2520
6545 2155
6546 1689 3052
6547 4379
6548 1084
6549 2556
6550 2998
6551 3628
6552 4319
6553 2548
6554 3795
6555 3967
6556 2215
6557 1023
6558 4047
6559 1090
6560 3848
6561 2228
6562 3218
6563 4351
6564 2133
6565 1108
6566 4328
6567 1111
6568 1129
6569 3525
6570 2132
6571 3633
6572 342
6573 1007
6574 670
6575 3967
6576 1447
6577 882
6578 3166
6579 733
6580 840
6581 2296
6582 2757
6583 1341
6584 2518
6585 400
6586 3207
6587 2001
6588 3245
6589 3920
6590 3778
6591 931
6592 2095
6593 3909
6594 880
6595 4225
6596 2830
6597 4275
6598 387
6599 2963
6600 2193
6601 3188
6602 127
6603 393
6604 4436
6605 3987
6606 3764
6607 3487
6608 2391
6609 2624
6610 4471
6611 2011
6612 2164
6613 1435
6614 530
6615 3288
6616 5
6617 154
6618 3603
6619 142
6620 684
6621 3770
6622 127
6623 3954
6624 390
6625 633 634 2061
6626 3981
6627 2521
6628 3212
6629 2280
6630 3445
6631 4087
6632 215
6633 3189
6634 4221
6635 3490
6636 3316
6637 454
6638 211
6639 3468
6640 1337
6641 2250
6642 2756
6643 3732
6644 1498
6645 1040
6646 1639
6647 1785 3896
6648 737
6649 1264
6650 793
6651 1237
6652 1143
6653 1052
6654 2696
6655 148 211 4184
6656 4054
6657 1430
6658 2850
6659 541
6660 909
6661 1647
6662 3669
6663 1446 3717 4173
6664 1316
6665 1478
6666 4061
6667 1418
6668 2854
6669 1126
6670 3613
6671 898
6672 3791
6673 1418
6674 1143
6675 588 3054
6676 1865
6677 2847
6678 920
6679 877
6680 1842
6681 4242
6682 3643
6683 1423
6684 669
6685 3388
6686 512
6687 2386
6688 4450
6689 3423
6690 2063
6691 2278
6692 1108
6693 106
6694 2284
6695 39
6696 4126
6697 1242
6698 3592
6699 733
6700 2012
6701 2746
6702 4146
6703 3763
6704 1372
6705 370
6706 3758
6707 1243
6708 2993
6709 3828
6710 2756
6711 2856
6712 4025
6713 4132
6714 4128
6715 2282
6716 3029
6717 2929
6718 80
6719 3297
6720 3270
6721 820
6722 824
6723 1913
6724 3145
6725 911
6726 106 1060 1492
6727 2455
6728 3952
6729 326
6730 1335
6731 2615
6732 353
6733 2084
6734 3210
6735 402
6736 2728
6737 3302
6738 1561
6739 1229
6740 2860
6741 2264
6742 26
6743 2499
6744 3733
6745 4270
6746 3597
6747 1542
6748 2537
6749 3047
6750 1594
6751 2737
6752 2551
6753 3273
6754 1428
6755 733 1857
6756 712
6757 88
6758 809
6759 555
6760 1200
6761 1316
6762 770
6763 237
6764 2057
6765 2639
6766 1349
6767 2659
6768 1869
6769 3486
6770 4249
6771 96
6772 95
6773 2176
6774 95
6775 95
6776 95
6777 307 733 3382 3589
6778 2845
6779 45
6780 1105
6781 18
6782 1182 3378
6783 2013
6784 3758
6785 3465
6786 3200
6787 3925
6788 4448
6789 3570
6790 701
6791 3224
6792 1431
6793 758
6794 2321
6795 2811
6796 1224
6797 4209
6798 2247
6799 2557
6800 76
6801 76
6802 3525
6803 3329
6804 4464
6805 1492
6806 406
6807 94
6808 1469 1637 2490 2914
6809 3188
6810 2610
6811 3448
6812 1050
6813 3197
6814 2477
6815 1897
6816 4433
6817 936
6818 737
6819 2817
6820 3826
6821 3104
6822 1344
6823 3018
6824 2537 2556
6825 3170
6826 174
6827 2851
6828 3522
6829 1113
6830 406
6831 3325
6832 2554 2581
6833 106
6834 1633
6835 1486 3064 3471 3723
6836 590
6837 3425
6838 1684
6839 1236
6840 3156
6841 1689
6842 2864
6843 4179
6844 734
6845 3726
6846 3826
6847 2370
6848 1140
6849 3749
6850 2552
6851 4234
6852 3209
6853 2652
6854 1273
6855 2062
6856 3098
6857 422
6858 2771
6859 3037
6860 3618
6861 3153
6862 3670
6863 1765
6864 3959
6865 179
6866 260 3377
6867 2196
6868 1149
6869 2430
6870 2901 3005 3021
6871 3367
6872 1600
6873 3756
6874 2987
6875 509
6876 3951
6877 1456
6878 143 2403
6879 1666
6880 1335
6881 2955 2960
6882 145
6883 88
6884 2561
6885 4194
6886 1222
6887 941
6888 337 712 3384 3473 3852
6889 1496
6890 3427
6891 2214
6892 3933
6893 1036
6894 1227
6895 2157
6896 2077
6897 1190
6898 3595
6899 551
6900 3257
6901 1971
6902 704
6903 3760
6904 4043
6905 2155
6906 3128
6907 2012
6908 2418
6909 721
6910 2528
6911 3169
6912 2459
6913 1569
6914 3431
6915 4344
6916 3093
6917 2852
6918 641
6919 1453 1634
6920 2846
6921 3899
6922 2559
6923 2435
6924 2057
6925 1997
6926 589
6927 4026
6928 475
6929 2580
6930 2350 2646
6931 4045
6932 2992
6933 1455
6934 2761
6935 3141
6936 2855
6937 2075
6938 1674
6939 2091
6940 3217
6941 4452
6942 820 937
6943 1430
6944 1004
6945 3754
6946 1680
6947 3107
6948 1359
6949 2051
6950 1593
6951 3794
6952 2282
6953 4225
6954 1029
6955 224
6956 3726
6957 754
6958 4441
6959 3206
6960 3246 3494
6961 4174
6962 434
6963 3682
6964 948
6965 612
6966 3586
6967 1928
6968 1006
6969 3678
6970 2914
6971 2474
6972 1455 1539 1735 2907 3002 3097
6973 2330
6974 327 1209
6975 2820
6976 2969 3969
6977 3425
6978 4007
6979 98
6980 3762
6981 4378
6982 2260
6983 427 1797
6984 4487
6985 339 1642
6986 3784
6987 2751 3384 3978
6988 3485
6989 3590
6990 4354
6991 338
6992 2275 4066
6993 743
6994 2486
6995 1400
6996 141
6997 3793
6998 3628
6999 2806
7000 1485
7001 1582
7002 1781
7003 448
7004 1154
7005 3709
7006 1022
7007 3954
7008 4344
7009 1149
7010 923
7011 4379
7012 2044
7013 2832
7014 2793
7015 919
7016 1093
7017 2671
7018 4389
7019 1826
7020 3334
7021 3160 3701
7022 3902
7023 3968
7024 1784
7025 2058
7026 2603
7027 1406
7028 3876
7029 3587
7030 51
7031 4442
7032 316
7033 3576
7034 3113
7035 21
7036 1106
7037 1861
7038 735
7039 3782
7040 1469
7041 1418
7042 875
7043 3955
7044 120
7045 2531
7046 2348
7047 424
7048 2781
7049 3348
7050 3311
7051 4045
7052 3816
7053 3817
7054 2653
7055 1316
7056 2847
7057 1515
7058 3573
7059 2713
7060 2062 2699 2950 2969
7061 4028
7062 3245
7063 3838
7064 1226
7065 3013
7066 899
7067 439
7068 1288
7069 393
7070 3774
7071 1670
7072 2169
7073 1946
7074 2197
7075 2395
7076 3419
7077 2904
7078 209
7079 2472
7080 3836
7081 4472
7082 1924
7083 1040
7084 1617
7085 4047
7086 2918
7087 1695
7088 1305
7089 3717
7090 416
7091 1696
7092 334
7093 3474
7094 3081
7095 982 1027 1089 1619
7096 2564
7097 4177
7098 1712
7099 4161
7100 2740
7101 1218
7102 2983
7103 360
7104 624
7105 1225
7106 254
7107 1059
7108 1337
7109 1765
7110 3878
7111 2950
7112 2982
7113 4056
7114 811 2217
7115 4306
7116 1418
7117 1932
7118 3893
7119 433
7120 3157
7121 3847
7122 3113
7123 2955
7124 3168
7125 3213
7126 917
7127 4096
7128 3029
7129 2729 4054
7130 221 2766 4342
7131 862
7132 674
7133 2808
7134 4327
7135 149
7136 2310
7137 1075
7138 605
7139 4075
7140 1721
7141 1901
7142 3297
7143 281
7144 3352
7145 4135
7146 1544 4148
7147 3666
7148 2725
7149 1798
7150 1179
7151 1316
7152 537
7153 2061
7154 3440
7155 4184
7156 1218
7157 4421
7158 4130
7159 2738
7160 2495
7161 3677
7162 1824
7163 1809
7164 3674
7165 2539
7166 443
7167 1060
7168 3923
7169 737
7170 1651
7171 905
7172 1135
7173 4105
7174 2999
7175 3556
7176 504
7177 2901
7178 1600
7179 1473
7180 1441
7181 2650
7182 1871
7183 737
7184 3216
7185 3132
7186 2968
7187 1236
7188 1498
7189 3389
7190 3201
7191 2434
7192 3473
7193 479
7194 3669
7195 4060
7196 1051
7197 3786
7198 4461
7199 3933
7200 1074
7201 2058
7202 4161
7203 3113
7204 4083
7205 3839
7206 1833
7207 1494
7208 1346
7209 723
7210 3186
7211 3880
7212 2447
7213 1741
7214 3717
7215 962
7216 4485
7217 2955
7218 2811 3527
7219 1348
7220 3440
7221 2919
7222 3217
7223 3275
7224 3777
7225 1769
7226 2707
7227 987
7228 470
7229 3677
7230 3919
7231 216 1407 1478 3086
7232 1162
7233 2301
7234 3461
7235 3381
7236 1528
7237 2782
7238 3190
7239 3197
7240 1036
7241 2327
7242 2157
7243 3167 3660
7244 3642
7245 1367
7246 895
7247 3152
7248 2517
7249 3693
7250 2950
7251 1957
7252 233
7253 340 2646 4173
7254 2910
7255 1897
7256 1600
7257 3078
7258 1469 1634 2884 2905
7259 684
7260 2001
7261 1523
7262 1787
7263 991
7264 4280
7265 2574
7266 2710
7267 370
7268 3453
7269 984
7270 933 1097
7271 3204
7272 4439
7273 2345
7274 2774
7275 735
7276 3245
7277 3690 4086
7278 2825
7279 1244
7280 323
7281 4173
7282 2914
7283 2214
7284 3779
7285 1409
7286 3210
7287 1430
7288 4014
7289 1512
7290 3188
7291 2306
7292 2647
7293 2292
7294 1997
7295 1077
7296 248
7297 1149
7298 2737
7299 4364
7300 1359
7301 4043
7302 2718
7303 863
7304 1467 1472
7305 4447
7306 3229
7307 3554
7308 3215
7309 1097
7310 4017
7311 3837
7312 4292
7313 2587
7314 4290
7315 3223
7316 3083
7317 4246
7318 1098
7319 1240
7320 4450
7321 1782
7322 1445
7323 4475
7324 392
7325 1502 3915
7326 1524
7327 1334
7328 3236
7329 1060 3471
7330 1693
7331 2941
7332 937
7333 3927
7334 1282
7335 921
7336 1455
7337 2963
7338 67
7339 1372
7340 1008
7341 3487
7342 310
7343 1346
7344 3443
7345 669 877 4085
7346 2832
7347 370
7348 768
7349 3620
7350 3822
7351 2075 2917
7352 2086
7353 2062
7354 2639
7355 3960
7356 332
7357 1341
7358 508
7359 3282
7360 774
7361 493
7362 1373
7363 2527
7364 2061
7365 3822
7366 3718
7367 1556 1574 1574
7368 2078
7369 3780
7370 923
7371 757
7372 4234
7373 228
7374 2980
7375 3631
7376 2196
7377 3658
7378 1291
7379 4442
7380 1337
7381 219
7382 156
7383 2776
7384 2873
7385 84
7386 3565
7387 1463 2945
7388 1882
7389 2501
7390 489
7391 692
7392 3661
7393 2212 2742
7394 257
7395 3219
7396 2296
7397 4065
7398 2760
7399 3123
7400 1841
7401 512
7402 2453
7403 4033
7404 2222
7405 3165
7406 4465
7407 3795
7408 3807
7409 4476
7410 3706
7411 4477
7412 1810
7413 389
7414 1735
7415 1807
7416 2968
7417 20
7418 2371 2460
7419 294
7420 1149
7421 2632
7422 771
7423 3061
7424 639
7425 2687
7426 414
7427 1909
7428 3418
7429 469
7430 2297
7431 2627
7432 4470
7433 419
7434 2001
7435 4146
7436 3653
7437 3471
7438 102
7439 2665
7440 4378
7441 1485
7442 3557
7443 1206
7444 1223
7445 834
7446 2162
7447 709
7448 3339
7449 2009
7450 3744
7451 3925
7452 13
7453 526
7454 3487
7455 3419
7456 3169
7457 4162
7458 4455
7459 836
7460 113
7461 2175
7462 863
7463 3674
7464 1043
7465 3165
7466 3892
7467 1095
7468 746
7469 3277
7470 4030
7471 4389
7472 915
7473 135
7474 684
7475 91
7476 933 934 1062 1254
7477 4072
7478 2443
7479 2434
7480 136
7481 4486
7482 2653
7483 1351 2451
7484 2219
7485 3041
7486 4100
7487 1809
7488 1385
7489 1036
7490 3078
7491 2790
7492 3773
7493 1243
7494 3724
7495 879
7496 2979
7497 3000 4070
7498 1006
7499 2870
7500 2496
7501 1202
7502 2064
7503 3612
7504 391
7505 4204
7506 2154
7507 2979
7508 1276
7509 3937
7510 3889
7511 1566
7512 107
7513 3106
7514 4432
7515 793
7516 2849
7517 2001
7518 3157
7519 3213
7520 902
7521 582
7522 3969
7523 2729
7524 2458
7525 4233
7526 1316 3597
7527 3301
7528 2211
7529 387
7530 735
7531 723
7532 4415
7533 2357
7534 816
7535 2379
7536 1784
7537 2992
7538 2793 4189
7539 3237
7540 1342
7541 3208
7542 2739 2950 3025
7543 2340
7544 3423
7545 134
7546 3486
7547 4327
7548 3684
7549 1527
7550 1346
7551 723
7552 2679
7553 3337
7554 3208
7555 3369
7556 367
7557 3259
7558 3834
7559 2737
7560 1528
7561 3188
7562 152
7563 2626
7564 2474
7565 214
7566 3681
7567 1046
7568 4023
7569 2643
7570 2650
7571 3324
7572 3716
7573 1226
7574 816
7575 1931
7576 3726
7577 835 838
7578 336
7579 1346
7580 1228
7581 2705
7582 3145
7583 3717
7584 3215
7585 1447
7586 2062
7587 911
7588 2092
7589 912
7590 3302
7591 757
7592 1017
7593 1791
7594 2860
7595 4177
7596 859
7597 3560
7598 793
7599 900
7600 1456 1926 2923
7601 1351
7602 92
7603 3047
7604 2835
7605 2686
7606 2955
7607 2420
7608 921
7609 1422
7610 165
7611 1246
7612 4011
7613 430
7614 967
7615 2062
7616 2978
7617 3842
7618 2834
7619 641
7620 919
7621 4253
7622 437
7623 1540
7624 1346
7625 4283
7626 1711
7627 1840
7628 1393
7629 243
7630 2739
7631 1989
7632 3662
7633 2919
7634 3012
7635 2089
7636 3690
7637 715
7638 4414
7639 2628
7640 1092
7641 462
7642 4129
7643 895
7644 4256
7645 3892
7646 115
7647 1859
7648 767 2972 2979
7649 4023
7650 1564
7651 3441
7652 800
7653 1157
7654 3420
7655 3042
7656 2756
7657 2969
7658 450
7659 407 784 3200
7660 2519
7661 339
7662 776
7663 585 4455
7664 657
7665 982
7666 1114
7667 2398
7668 3225
7669 1163
7670 1381
7671 2907
7672 2163
7673 2587
7674 232 2531 3029 3382
7675 1819
7676 785 3427
7677 1539
7678 2465
7679 4225
7680 2309
7681 368
7682 3737
7683 2027
7684 2643
7685 1235
7686 1428
7687 3118
7688 449 1835
7689 2564
7690 3127
7691 3567
7692 3246
7693 3645
7694 2370
7695 1270
7696 2440 2462 2564
7697 2574
7698 2790
7699 3208
7700 723
7701 3382
7702 3508
7703 3718
7704 1502
7705 3753
7706 2371
7707 3508
7708 3716
7709 3216
7710 3204
7711 2559
7712 2837
7713 1323
7714 2245
7715 396
7716 3426
7717 2848
7718 1097
7719 51
7720 1446 1661 2963
7721 1475
7722 657
7723 1111
7724 3647
7725 621
7726 3506
7727 327
7728 544 2916
7729 1428
7730 4056
7731 542 1545
7732 2837
7733 4303
7734 3571
7735 3209
7736 710
7737 1774
7738 3922
7739 960
7740 483
7741 3472
7742 2703
7743 11
7744 4161
7745 2132
7746 4014
7747 3312
7748 2402
7749 2700
7750 4295
7751 1110
7752 2873
7753 3543
7754 966
7755 1941
7756 991
7757 1430
7758 1982
7759 285
7760 489
7761 2527
7762 4009
7763 1894 1909 2603 3667
7764 3545
7765 1527
7766 497
7767 418
7768 4262
7769 1715
7770 1605
7771 174
7772 2770
7773 174
7774 3783
7775 3135
7776 820
7777 3809
7778 87
7779 2727
7780 737
7781 541
7782 334
7783 526
7784 670
7785 4243
7786 793
7787 3764
7788 2295
7789 1044
7790 1878
7791 2729
7792 3992
7793 712
7794 84
7795 2007
7796 1470
7797 4490
7798 62
7799 1284 3288
7800 2472
7801 1878 3667
7802 3665
7803 659
7804 2371
7805 2027
7806 640 3771 4354
7807 3489
7808 3351
7809 1224
7810 1060
7811 3612
7812 3677
7813 4197
7814 1183
7815 2458
7816 2500
7817 3235
7818 490
7819 2535
7820 673
7821 671
7822 3176
7823 1707
7824 159
7825 757 1326 3317
7826 3323
7827 877
7828 2415
7829 2573
7830 2057
7831 1291 1411 1934
7832 387
7833 2463
7834 550
7835 686
7836 921
7837 1085
7838 2182
7839 1398 3911
7840 343
7841 580
7842 793
7843 781
7844 3473
7845 624
7846 836
7847 2381
7848 1167
7849 1661
7850 2086
7851 2426
7852 905
7853 150
7854 3200
7855 939
7856 4221
7857 3209
7858 3169
7859 632 945 3505
7860 2060
7861 1236
7862 1944
7863 3892
7864 2352
7865 1176
7866 1341
7867 840
7868 342
7869 3317
7870 3488
7871 3715
7872 1710 1985
7873 4371
7874 1363
7875 1193
7876 2631
7877 3642
7878 3127
7879 2969
7880 4155
7881 2443
7882 781
7883 369 2218
7884 1346
7885 1182
7886 1718
7887 1865
7888 1115
7889 3468
7890 1004
7891 3243
7892 365 2121
7893 737
7894 3213
7895 2510
7896 4082
7897 1131
7898 3214
7899 4377
7900 3250
7901 2737
7902 4194
7903 510
7904 4443
7905 3213
7906 3920
7907 2050
7908 662
7909 2951 4004
7910 2440 4043
7911 1121
7912 2365 2463 2886 2950
7913 4103
7914 1647
7915 1488
7916 4255
7917 579
7918 3210
7919 4442
7920 1469
7921 3918
7922 1206
7923 1814
7924 3209
7925 232
7926 2692 2785
7927 1864
7928 2992
7929 57
7930 1361
7931 636 844 1932
7932 1528
7933 3163
7934 1122
7935 169
7936 2351
7937 1882
7938 3280
7939 330
7940 3471
7941 402 1038 3427 3799
7942 1058
7943 3665
7944 892
7945 1469
7946 3109
7947 429
7948 2910
7949 974
7950 1235
7951 3918
7952 3380
7953 734
7954 1446 1527
7955 1236
7956 1761
7957 173
7958 2571
7959 2099
7960 4458
7961 1596
7962 3021
7963 313
7964 4238
7965 523
7966 3040
7967 945
7968 3118
7969 3114
7970 3286
7971 1919 4002
7972 515
7973 4439
7974 3204
7975 734
7976 3378
7977 2267
7978 687
7979 2950
7980 225
7981 3688
7982 3216
7983 2731
7984 2202
7985 2810
7986 4080 4083
7987 1859
7988 13
7989 2086
7990 106
7991 1206
7992 3214
7993 2037
7994 1161
7995 2810
7996 224 224 701 1859
7997 3982
7998 4437
7999 3094
8000 1868
8001 1394 1966 2237 2658 3057 3723 3857
8002 2954
8003 134
8004 2552
8005 3677
8006 2556
8007 2713
8008 2715
8009 4100
8010 1793
8011 4094
8012 3215
8013 1455
8014 2960
8015 3892
8016 2381
8017 2061
8018 1137
8019 2353
8020 3231 4491
8021 3606
8022 1743 3348
8023 1738
8024 193
8025 3906
8026 3665
8027 2202
8028 2680
8029 3013
8030 3687
8031 1415
8032 1198
8033 1991
8034 1932
8035 1732
8036 1981
8037 458 2057
8038 1630
8039 4293
8040 258 846 979 1231 1254 1260
8041 4167
8042 109
8043 1797
8044 3190
8045 1293
8046 1362
8047 1498
8048 2927
8049 1989
8050 1639 3293
8051 3323
8052 3486
8053 830
8054 1405
8055 3770
8056 3826
8057 1446
8058 3854
8059 3348
8060 4052
8061 3398
8062 4292
8063 3678
8064 2022
8065 599
8066 4484
8067 2739
8068 2094
8069 3520
8070 31
8071 2816
8072 220
8073 2944
8074 1661
8075 2268
8076 4283
8077 2156
8078 2848
8079 940
8080 2559
8081 2013
8082 2639
8083 4093
8084 3444
8085 112
8086 1928
8087 2396
8088 2957
8089 3399
8090 2714
8091 1435
8092 2112
8093 2430
8094 4302
8095 639
8096 1171
8097 1422
8098 87
8099 2742 3572
8100 2824
8101 1276
8102 2649
8103 2571
8104 3502
8105 1566
8106 4468
8107 1097
8108 2384
8109 231
8110 2569
8111 3631
8112 2884
8113 160
8114 3093
8115 2683
8116 1725
8117 639
8118 2699
8119 2683
8120 1539 1694 2058 2062 4174
8121 1485 3378
8122 3914
8123 2418
8124 4086
8125 3533
8126 63
8127 3989
8128 2595
8129 747
8130 2592
8131 4360
8132 4292
8133 1706
8134 1469 3091 4148
8135 3031
8136 3887
8137 4479
8138 3325
8139 3204
8140 1037
8141 3595
8142 3200
8143 2477
8144 1335
8145 1306
8146 1511
8147 1892
8148 1284
8149 1600
8150 42
8151 655
8152 3778
8153 1644
8154 1418
8155 1003
8156 3792
8157 2270
8158 2960
8159 339
8160 2853
8161 2319
8162 1031
8163 16
8164 3190
8165 4069
8166 4454
8167 3188
8168 3487
8169 3609
8170 244
8171 2963
8172 4171
8173 16
8174 3665
8175 3808
8176 99
8177 2692
8178 2973
8179 2688
8180 3203
8181 1805
8182 3622
8183 3445
8184 2950
8185 3668
8186 632 2916 2969 3335
8187 71
8188 3004
8189 3567
8190 1872 4284
8191 2023
8192 1641
8193 2694
8194 2415
8195 1787
8196 994
8197 2565
8198 2095
8199 1316
8200 2498
8201 2372
8202 787
8203 3201
8204 4151
8205 3038
8206 587
8207 2535
8208 339
8209 4436
8210 747
8211 2652
8212 577
8213 3316
8214 2916
8215 1862 4306 4342
8216 326
8217 3197
8218 2624
8219 416
8220 4033
8221 2001
8222 956
8223 277
8224 733
8225 1034
8226 280
8227 2057
8228 2898
8229 2847 2847
8230 4078
8231 2789
8232 1357
8233 1535
8234 4172
8235 1957
8236 643
8237 3021
8238 3935
8239 3097
8240 3647
8241 2248
8242 1136 1366
8243 1029
8244 2869
8245 3777
8246 1520
8247 2825
8248 154
8249 2699
8250 3811
8251 2799
8252 2968
8253 2940 3098
8254 3876
8255 858
8256 3754
8257 4348
8258 3974
8259 1399
8260 1133
8261 985
8262 2031
8263 75 78
8264 1469
8265 3293
8266 327
8267 3900
8268 4327
8269 2531
8270 2492
8271 2910
8272 2564
8273 4327
8274 2383 2743
8275 4086
8276 139
8277 2052
8278 223 1707 1707 2940
8279 3858
8280 1233
8281 4167
8282 2909
8283 215
8284 40
8285 3641
8286 2240
8287 3717
8288 2881
8289 3213
8290 26
8291 1880
8292 51
8293 90
8294 40
8295 1940
8296 92
8297 1984
8298 4173
8299 4208
8300 20
8301 1879
8302 3868
8303 105
8304 51
8305 934
8306 3679
8307 444
8308 3606
8309 3950
8310 2191
8311 3597
8312 3677
8313 1377
8314 4377
8315 3704
8316 4130
8317 2950
8318 1036
8319 4116
8320 3162
8321 527
8322 871
8323 2050
8324 1900
8325 793
8326 873
8327 94
8328 4048
8329 4429
8330 4457
8331 830
8332 1505
8333 844
8334 2242
8335 497
8336 3023
8337 2980
8338 710
8339 3987
8340 793
8341 4224
8342 4107
8343 2539
8344 510
8345 379
8346 1841 3697
8347 1723
8348 2720
8349 4193
8350 3328
8351 749
8352 3051
8353 2766
8354 529
8355 1345
8356 185 311 2462 2502 3110
8357 3239
8358 1469 4411
8359 3154 3154
8360 3681
8361 4085
8362 1037
8363 3862
8364 3991
8365 1110
8366 143
8367 479
8368 3717 4047
8369 1900
8370 458
8371 2423
8372 861
8373 4044
8374 4130
8375 1462
8376 3829
8377 3115
8378 969
8379 4184
8380 1060
8381 4239
8382 3419
8383 969
8384 669
8385 115
8386 2791 3297
8387 1111
8388 1388
8389 1330
8390 3995
8391 1612
8392 905
8393 3630
8394 3989
8395 395
8396 3664
8397 3793
8398 1981
8399 1311
8400 1367
8401 2990
8402 396
8403 3613
8404 3038
8405 303
8406 243
8407 1067
8408 1627
8409 506 1936
8410 3973
8411 4198
8412 2062
8413 62
8414 262
8415 327
8416 4476
8417 1266
8418 836
8419 4327
8420 2852
8421 820
8422 4263
8423 1848
8424 3737
8425 2858
8426 3512
8427 3154
8428 925
8429 3937
8430 326
8431 2799
8432 3049
8433 1029 1470 1940
8434 173
8435 545
8436 1713
8437 1540
8438 3036
8439 3825
8440 3627
8441 294
8442 4215
8443 3186
8444 3204
8445 1942
8446 3665
8447 2392
8448 4383
8449 1424
8450 1446
8451 1913
8452 2904
8453 1144
8454 2966 2977 3073 3204
8455 3706
8456 316
8457 783
8458 3332
8459 2927
8460 2787
8461 3015
8462 2423
8463 237
8464 3509
8465 3688
8466 2916
8467 689
8468 1236
8469 1376
8470 2880
8471 3212
8472 3316
8473 2804
8474 935
8475 3221
8476 2380
8477 1483
8478 1957
8479 184
8480 3790
8481 289
8482 3218
8483 4254 4293
8484 2714
8485 3204
8486 4214
8487 669
8488 1093
8489 4101
8490 550 3013
8491 473
8492 1411
8493 3946
8494 3022
8495 3715
8496 1298
8497 292
8498 4209
8499 1913
8500 4385
8501 3507
8502 1320
8503 1377
8504 2086
8505 3415
8506 1217
8507 1795
8508 341
8509 915
8510 3157
8511 1711
8512 1740
8513 2950 3095
8514 2951
8515 3734
8516 2574 2603 2634
8517 3213
8518 3200
8519 2807
8520 369 842
8521 2955
8522 2595
8523 4077
8524 1593
8525 3217
8526 1362
8527 2295
8528 952
8529 1778
8530 277
8531 849
8532 1618
8533 1064
8534 2749
8535 2057
8536 2462
8537 2888
8538 369 1251 1975 4062
8539 952
8540 2647
8541 4494
8542 1517
8543 550
8544 1917
8545 2773
8546 1640
8547 1251
8548 4277
8549 2422
8550 2271
8551 911
8552 911
8553 3204
8554 2983
8555 3218
8556 1256
8557 1880
8558 3497
8559 3273
8560 3299
8561 2496
8562 3987
8563 1683
8564 3020
8565 4319
8566 261
8567 3034
8568 3778
8569 1964
8570 1829
8571 1304
8572 3547
8573 3594
8574 2677
8575 974
8576 3056
8577 914
8578 2908
8579 2585
8580 2573
8581 3926
8582 1111
8583 1944
8584 3961
8585 2644
8586 3204
8587 3430
8588 1398
8589 1446 4418
8590 2278
8591 1452
8592 3029 4302
8593 793
8594 2976
8595 3088
8596 2377
8597 3797
8598 3838
8599 3355
8600 482
8601 2631
8602 1630
8603 3291
8604 3331
8605 1567
8606 3932
8607 1111
8608 3243
8609 735
8610 1455 3665 4385 4385
8611 1558 2967 4280
8612 2475
8613 4199
8614 1193
8615 1091
8616 746
8617 2747
8618 2051
8619 3218
8620 3208
8621 3627
8622 2803
8623 2825
8624 2540
8625 1726
8626 2910
8627 1333
8628 4021
8629 2069
8630 4398
8631 3617
8632 3208
8633 859
8634 3331
8635 3378
8636 2817
8637 3915
8638 366
8639 2866
8640 1341
8641 216
8642 3576
8643 3828
8644 2416
8645 3955
8646 52
8647 3442
8648 3598
8649 72
8650 3687
8651 3771
8652 1364
8653 1176
8654 281
8655 4010
8656 1039
8657 793
8658 2406
8659 737
8660 935
8661 2061
8662 2679
8663 2181
8664 2556
8665 4206
8666 321
8667 11
8668 3003
8669 327
8670 3818
8671 2715
8672 2577
8673 1732
8674 3348
8675 3973
8676 4221
8677 820
8678 47
8679 4222
8680 3732
8681 1120
8682 3667
8683 956
8684 518
8685 3217
8686 4184
8687 3302
8688 1543
8689 2818
8690 3770
8691 135
8692 51
8693 3209
8694 3051
8695 3194
8696 164
8697 1883 2901
8698 3986
8699 758
8700 2075
8701 228
8702 3769
8703 1566
8704 4320
8705 2077
8706 4221
8707 2704
8708 3093
8709 2093
8710 2993
8711 1469 3495
8712 3479
8713 1600
8714 3894
8715 3879
8716 1764
8717 2303
8718 3368
8719 314
8720 1817
8721 861
8722 3750
8723 542
8724 2919
8725 3931
8726 2595
8727 3938
8728 2591
8729 3039
8730 2836
8731 1817
8732 2711
8733 1
8734 757
8735 1798
8736 1359 3858
8737 3463
8738 3128
8739 995
8740 2988
8741 4300
8742 347
8743 3607
8744 1826
8745 207
8746 4449
8747 1560 2271 3021 3462
8748 3925 3933
8749 727
8750 3486
8751 2774
8752 911
8753 3390
8754 1257 1293 1313
8755 932
8756 1966
8757 2013
8758 3931
8759 283
8760 2690
8761 3644
8762 3383 4313
8763 1268
8764 2845
8765 326 674 3060 3697 4303
8766 127
8767 3325
8768 3995
8769 2965
8770 2182
8771 80
8772 25
8773 78
8774 2007
8775 78
8776 1757
8777 4465
8778 4438
8779 1163 1498 1511 3662 3667
8780 1202 1418 2809
8781 2829
8782 3083
8783 397
8784 2119
8785 1128
8786 3899
8787 2675
8788 2126
8789 2847
8790 2351
8791 2239
8792 2157
8793 2001
8794 2841
8795 2239
8796 337
8797 505
8798 2982
8799 3726
8800 632
8801 3105
8802 1647
8803 3754
8804 689
8805 3844 4074
8806 874
8807 2231
8808 2015
8809 2666
8810 3079 3444
8811 1915
8812 111
8813 4401
8814 3698
8815 2498
8816 1722
8817 41
8818 961
8819 1030
8820 1136
8821 634
8822 454
8823 1490
8824 4481
8825 591
8826 936
8827 4306
8828 396
8829 2450
8830 2452
8831 3020
8832 1433
8833 3141
8834 212
8835 2507 3105
8836 2750
8837 2910
8838 4014
8839 2424
8840 539 625 1175
8841 620 1313
8842 2919
8843 1787
8844 2955
8845 2949
8846 3722
8847 2594
8848 60
8849 294
8850 1290
8851 207
8852 3869
8853 917
8854 2092
8855 2771
8856 2565
8857 3043
8858 3768
8859 464
8860 2834
8861 1629
8862 3661
8863 1824
8864 3888
8865 3888
8866 3209
8867 3949
8868 585 3572
8869 3413
8870 4115
8871 4120
8872 4117
8873 2729
8874 2818 4086 4327
8875 2843
8876 1978
8877 550
8878 235
8879 364
8880 470
8881 2380
8882 3741
8883 1341
8884 2391 3165
8885 306
8886 1115
8887 4471
8888 3216
8889 3179
8890 2490
8891 3766
8892 2556
8893 1586
8894 789
8895 173
8896 404
8897 515
8898 2833
8899 3585
8900 2960
8901 2799
8902 2112
8903 473
8904 927
8905 1180
8906 4090
8907 1821
8908 4153
8909 336
8910 4281
8911 2297
8912 3097
8913 174
8914 2267
8915 419 3284
8916 759
8917 1050
8918 3379
8919 755
8920 734
8921 3336
8922 3247
8923 886
8924 3758
8925 4043
8926 1014
8927 3976
8928 440
8929 1618
8930 2520
8931 4364
8932 3349
8933 2752
8934 1183
8935 493
8936 654
8937 3866
8938 1432
8939 1970
8940 3131
8941 473
8942 2742
8943 2951
8944 3204
8945 2901
8946 1028
8947 2960
8948 1511
8949 3969
8950 652
8951 3244
8952 2279
8953 2920
8954 1258 3937
8955 2107
8956 2905
8957 1706
8958 4063
8959 655
8960 1076
8961 538
8962 3297
8963 1710
8964 2781
8965 3072
8966 3972
8967 2359
8968 735
8969 3638
8970 2079
8971 2718
8972 1610
8973 789
8974 1593
8975 1149
8976 3250 3275 3701
8977 3383
8978 2539
8979 1156
8980 1471 1759 3378
8981 3486
8982 969
8983 4255
8984 2166
8985 2213
8986 3208
8987 2331
8988 3583
8989 780
8990 3218
8991 3216
8992 3967
8993 4053
8994 1456 1797 2496 3913
8995 3003
8996 102
8997 2912
8998 3717
8999 440
9000 1042
9001 3475
9002 2653
9003 214
9004 2929 3029
9005 2992
9006 4221
9007 1192
9008 1469
9009 1492
9010 3252
9011 3418
9012 571
9013 3572
9014 2573
9015 2001
9016 3936
9017 2033
9018 363
9019 2703
9020 1766
9021 3246
9022 3282
9023 1541
9024 1235
9025 905
9026 3662
9027 797
9028 3471
9029 2268
9030 3783
9031 2757
9032 2108
9033 3971
9034 1079
9035 2673
9036 3393
9037 757 941 1797
9038 1849
9039 1506
9040 4465
9041 2868
9042 1161
9043 1168
9044 3682
9045 2474
9046 1540
9047 2374
9048 3102 4003
9049 857
9050 2162
9051 159
9052 1674
9053 2139
9054 1883
9055 3388 4049
9056 868
9057 1196
9058 2001
9059 1002
9060 3091
9061 562
9062 411
9063 2057
9064 3285
9065 954
9066 3933
9067 2040
9068 2975
9069 1266
9070 2465
9071 2542
9072 838
9073 984
9074 760
9075 1884
9076 4297
9077 737
9078 3741
9079 1835
9080 795
9081 1236
9082 3356
9083 3257
9084 1395 2435
9085 954
9086 3233
9087 1386 1539 2526 2660 2732
9088 2647
9089 2702
9090 1058
9091 392
9092 2779
9093 3015
9094 292 2350
9095 2483
9096 87
9097 1680 4491
9098 1118
9099 3385
9100 3173
9101 3754
9102 2668
9103 2428
9104 1815
9105 1991
9106 3216
9107 543 2527
9108 3666
9109 1342
9110 1797 2942
9111 1636 3039
9112 3250
9113 510
9114 510
9115 2222
9116 1346
9117 2968
9118 4228
9119 4195
9120 2470
9121 4439
9122 923
9123 3297
9124 983 1053 3019
9125 2145
9126 1507
9127 1345
9128 1898
9129 2770
9130 723
9131 2774 2777
9132 2531
9133 2435
9134 3209
9135 1556
9136 2533
9137 4188
9138 2780
9139 2474
9140 2532
9141 4313
9142 2621
9143 1066
9144 4203
9145 488
9146 1036
9147 1707
9148 4382
9149 3434
9150 3884
9151 3736
9152 2963
9153 4286
9154 3190
9155 2704
9156 1685
9157 3773
9158 4042
9159 863
9160 3839
9161 2909
9162 4411
9163 751
9164 730 3306
9165 1410
9166 3203
9167 635 3501
9168 330
9169 3720
9170 354
9171 44
9172 3862
9173 3125
9174 229 3832
9175 2222
9176 2656
9177 2992
9178 3024
9179 3000
9180 3936
9181 3896
9182 447
9183 57 2271 2581 2916
9184 109
9185 2994
9186 3880
9187 3269
9188 3810
9189 1115
9190 1278
9191 3157
9192 1055
9193 4073
9194 1182 1972 1973 2851
9195 917
9196 4421
9197 1216
9198 4473
9199 1479
9200 3099
9201 99
9202 4297
9203 1303 3571 4292
9204 3853
9205 59
9206 3582
9207 1774
9208 1785
9209 3880
9210 4023
9211 3389
9212 3684
9213 342 2560
9214 3461
9215 2960
9216 1348
9217 2741 3824
9218 3523
9219 3842
9220 1730
9221 963
9222 2619
9223 434
9224 2199
9225 3465
9226 379
9227 939
9228 721
9229 721
9230 3324
9231 3170
9232 592
9233 2811
9234 4184
9235 4194
9236 1099
9237 1522
9238 340
9239 2694
9240 3157
9241 4263
9242 3631
9243 2963
9244 2667
9245 1043
9246 2759
9247 754
9248 2331
9249 4238
9250 4256
9251 2587
9252 3685
9253 3165
9254 810
9255 303 349 754 1210 2639 3744
9256 2119
9257 1494
9258 4137
9259 4338
9260 2766 2810
9261 49
9262 2684
9263 213 247
9264 849
9265 2035
9266 3106
9267 1344
9268 1539
9269 2581
9270 3718
9271 251
9272 702
9273 844
9274 2571
9275 1611
9276 672
9277 3078
9278 3607
9279 4058
9280 2865
9281 4021
9282 1046
9283 3851
9284 2810
9285 2574 3076
9286 4476
9287 3735
9288 3219
9289 1164
9290 517
9291 2324
9292 2656
9293 279
9294 4029
9295 2603
9296 4236
9297 3235
9298 3614
9299 3217
9300 2048
9301 770
9302 2960
9303 1474
9304 1372
9305 1521
9306 3217
9307 541
9308 2604
9309 1237
9310 2889
9311 109
9312 3856
9313 4270
9314 4204
9315 3771
9316 3534
9317 876 2691
9318 1078
9319 949
9320 3612
9321 95
9322 870
9323 707
9324 3880
9325 1469
9326 2083
9327 874
9328 3445
9329 882
9330 3106
9331 2652
9332 4179
9333 64
9334 4474
9335 3499
9336 239
9337 3661
9338 1043
9339 544 1530
9340 516
9341 2418
9342 4009 4341
9343 3188
9344 298
9345 2156
9346 1306
9347 2087
9348 228
9349 1546
9350 970
9351 2080
9352 537 921 2713
9353 671
9354 1247
9355 3811 4069
9356 1057
9357 2702
9358 3190
9359 1593
9360 1326 3873
9361 153
9362 3096
9363 2248
9364 3217
9365 2292
9366 350
9367 3794
9368 221
9369 450
9370 1179
9371 3975
9372 1883
9373 2801
9374 4192
9375 1082
9376 3257
9377 250
9378 3919
9379 2699 3672
9380 2856
9381 2029
9382 3348
9383 3165
9384 4328
9385 2856
9386 3179
9387 3988
9388 1004
9389 2574
9390 61
9391 2719
9392 3029
9393 3284
9394 2289
9395 1613
9396 1190
9397 905
9398 1111
9399 47
9400 3250 3340
9401 3617
9402 3017
9403 3425
9404 3280
9405 2722
9406 3918
9407 1658
9408 2339
9409 595
9410 2502
9411 3326
9412 461
9413 1000
9414 2751
9415 1417
9416 669
9417 365
9418 2022
9419 3217
9420 2220
9421 368 841
9422 1671
9423 1421 1648
9424 3217
9425 1913
9426 275
9427 1603
9428 2078
9429 64
9430 2081
9431 2992
9432 1009
9433 2227
9434 3736
9435 3209
9436 624
9437 2501
9438 153
9439 3718
9440 2180
9441 3213
9442 2517
9443 1129
9444 967
9445 933
9446 1143
9447 1493
9448 2899 3048 3061
9449 3474
9450 3454
9451 4455
9452 3820
9453 2245
9454 1310
9455 3325
9456 3944
9457 142
9458 3754
9459 1346
9460 3177
9461 3549
9462 4085
9463 4494
9464 693
9465 1402 1792
9466 2092
9467 1049
9468 1013
9469 3190
9470 810
9471 4283
9472 3289
9473 1725 2006
9474 4447
9475 3160
9476 469
9477 1261
9478 1878
9479 4178
9480 2127
9481 216
9482 98
9483 1579
9484 225 473 2860
9485 112
9486 3756
9487 3809
9488 1418
9489 735
9490 3171
9491 3041
9492 2378
9493 2072
9494 225
9495 3658
9496 3024
9497 2325
9498 620
9499 2717
9500 1257
9501 334 3493
9502 4341
9503 2659
9504 285
9505 137
9506 361
9507 905
9508 1006
9509 4413
9510 793
9511 1006
9512 2382
9513 737
9514 2221
9515 1626
9516 2215
9517 3714
9518 3031
9519 3525
9520 1328
9521 1741
9522 469 473
9523 3228
9524 1522
9525 2847
9526 3593
9527 2286
9528 895
9529 784
9530 2654
9531 1485
9532 2661
9533 387 734
9534 820
9535 2592
9536 627
9537 2367
9538 4233
9539 3054
9540 2146
9541 1346
9542 3198
9543 2739
9544 4023
9545 733 733 1342
9546 2547
9547 2833
9548 2540
9549 2078 3383 3471
9550 2257
9551 3487
9552 240
9553 2785
9554 3208
9555 3145
9556 2999
9557 1097
9558 1688
9559 1874
9560 3780
9561 3100
9562 2086
9563 2845
9564 342
9565 3379
9566 2697
9567 2848
9568 3300 3310 3313
9569 1335
9570 3933
9571 3209
9572 4210
9573 947
9574 1798
9575 4093
9576 2622
9577 4172
9578 634 3306
9579 1892
9580 3892
9581 877
9582 1576
9583 504
9584 4204
9585 416
9586 1029
9587 1047
9588 3417
9589 3772
9590 2560
9591 4312
9592 2848
9593 1469
9594 2771
9595 1998
9596 3986
9597 139
9598 303 719 1242
9599 1315
9600 1114
9601 2661
9602 2183
9603 2954
9604 3162
9605 1596 3578
9606 946 1099 1702 2945 3285
9607 3205
9608 1815
9609 324
9610 1348
9611 63
9612 3402
9613 3830
9614 2691
9615 435
9616 429
9617 2658
9618 4435
9619 624
9620 424
9621 3959
9622 2672
9623 3217
9624 2154
9625 50
9626 3768
9627 3100
9628 3937
9629 492
9630 2799
9631 1644
9632 1470
9633 107
9634 292 575 2653 3052
9635 52
9636 54
9637 792
9638 3581
9639 341
9640 2631
9641 562
9642 3204
9643 954 3647
9644 3993
9645 1787
9646 510
9647 2252
9648 1634
9649 4309
9650 1218
9651 3289
9652 4043
9653 4193
9654 3148
9655 1879
9656 3772
9657 458
9658 993
9659 2159
9660 2968
9661 1223
9662 3386
9663 3200
9664 1619 1797 1931 2007 2750
9665 3628 4138
9666 419
9667 3664
9668 2527 2715
9669 3070
9670 3786
9671 2286
9672 639
9673 3052
9674 2963 3097
9675 1119
9676 2754
9677 3872
9678 2820
9679 737
9680 2679
9681 4385
9682 4152
9683 774
9684 3862
9685 4304
9686 954
9687 3132
9688 2587
9689 4323
9690 3612
9691 3422
9692 2650
9693 2043
9694 4301
9695 1136
9696 2406
9697 327
9698 90
9699 1794
9700 1
9701 4202
9702 3979
9703 2961
9704 1641
9705 1367
9706 3895
9707 2289
9708 3210
9709 3765
9710 1238
9711 2845
9712 2062
9713 669
9714 2475 3034
9715 2491
9716 1468
9717 2625
9718 2625
9719 2413
9720 2438
9721 3786
9722 714
9723 3928
9724 657
9725 1302
9726 541
9727 2955
9728 655
9729 3113
9730 1910 4148
9731 3337
9732 216 326 514 1469 1636 2081 2900 3666 4093
9733 1867
9734 1562
9735 2394
9736 52
9737 3935
9738 2888
9739 2186
9740 75
9741 1636
9742 3208
9743 4229
9744 2815
9745 2756
9746 1998
9747 2946
9748 1060
9749 3427
9750 2171
9751 4496
9752 2714
9753 1418
9754 240
9755 3464
9756 1242
9757 3612
9758 3589
9759 1150
9760 1130
9761 419 655
9762 1878
9763 3134
9764 1801
9765 680
9766 2267 2271
9767 1120
9768 3132
9769 3107
9770 2700
9771 1244 1392 1742 2466 3690 4123
9772 3188
9773 34
9774 2603 3020 4343
9775 1511
9776 1066
9777 2555
9778 3000
9779 598
9780 1708
9781 3216
9782 4263
9783 525
9784 2066
9785 568
9786 3704
9787 2795
9788 3170
9789 766
9790 1784
9791 2710
9792 2806
9793 908 3896
9794 3200
9795 2440
9796 3011
9797 1342
9798 1724
9799 260
9800 3219
9801 3665
9802 4458
9803 4131
9804 405 1492
9805 1503
9806 861
9807 3838
9808 460
9809 1789
9810 100
9811 1150
9812 3877
9813 1309
9814 4336
9815 4330
9816 1030
9817 3673
9818 3758
9819 2603
9820 2164
9821 2858
9822 3029 3499
9823 1848
9824 630 3895
9825 3173
9826 3532
9827 2774
9828 4298
9829 3598
9830 2635
9831 907
9832 1109
9833 3793
9834 3378
9835 3501
9836 1510
9837 1545
9838 1551
9839 2075
9840 2615
9841 311
9842 3279
9843 3925
9844 1940 3064
9845 4353
9846 1113
9847 1257
9848 385
9849 3312
9850 2443
9851 3665
9852 3423
9853 836
9854 470
9855 561
9856 2667
9857 202
9858 458
9859 3048
9860 3002
9861 2291
9862 285
9863 1628
9864 1620
9865 2356
9866 335
9867 3108
9868 3930
9869 2749
9870 205
9871 708
9872 2355
9873 655 1446 2280
9874 1923
9875 2316
9876 2086
9877 2348
9878 4328
9879 3216
9880 3354
9881 813
9882 217
9883 428
9884 2950
9885 2969 3204
9886 921
9887 353
9888 3188
9889 1451
9890 2232 2414
9891 3895
9892 2860
9893 453
9894 1469 2564
9895 338
9896 334
9897 2771 3441
9898 4252
9899 895
9900 3048
9901 3665
9902 3344
9903 2176
9904 3217
9905 4494
9906 2182
9907 3044
9908 138
9909 137
9910 2204
9911 1163
9912 1257
9913 2009
9914 1322
9915 1202
9916 1315
9917 4434
9918 2556
9919 454
9920 451
9921 2761
9922 225 2240 3819
9923 3820
9924 4005
9925 479
9926 450
9927 787
9928 1945
9929 4294
9930 1988 3597
9931 800
9932 2118
9933 2678
9934 312
9935 713 3937
9936 3157
9937 4474
9938 3245
9939 3652
9940 53
9941 699
9942 820
9943 796
9944 3841 3841
9945 923
9946 661
9947 605
9948 3449
9949 3239
9950 188
9951 2808
9952 1029
9953 4102
9954 3685
9955 3669
9956 2295 2916
9957 3278
9958 65
9959 1662
9960 3122
9961 1074
9962 4490
9963 1573
9964 388
9965 1133
9966 2303
9967 696
9968 2180
9969 3147
9970 1389
9971 2555
9972 799
9973 3191
9974 754
9975 3223
9976 316
9977 730
9978 3043
9979 3227
9980 1050
9981 398
9982 3727
9983 782
9984 831 979 1349
9985 3454
9986 3660
9987 1957
9988 2652
9989 3992
9990 4164
9991 991
9992 682
9993 3535
9994 1797 1816 2952
9995 3294
9996 3943
9997 1968
9998 1207
9999 847
10000 1410 2007
10001 1028
10002 510
10003 1941
10004 1941
10005 955
10006 1581
10007 1025
10008 3867
10009 636 1293 2012
10010 2858
10011 1701 2873
10012 2889
10013 1651
10014 1763
10015 4327
10016 1060 1418
10017 689 1976
10018 336
10019 416
10020 1197 2747 2748 4398
10021 3081
10022 3462
10023 495
10024 2789
10025 4355
10026 669
10027 3594
10028 3598
10029 3002
10030 1571
10031 4221
10032 684
10033 16
10034 1985 2539
10035 1808
10036 4320
10037 704
10038 4103
10039 1892
10040 1900
10041 3535
10042 382
10043 1418 3978
10044 2220
10045 464
10046 1636
10047 2670 2800
10048 1653
10049 3683
10050 3209
10051 297 1661 1985 3251 3267
10052 1481
10053 3532
10054 2845
10055 1500 2275 3633 3661
10056 2725
10057 3633
10058 3194
10059 3001
10060 714
10061 95
10062 4252
10063 991
10064 2084
10065 1337
10066 3432
10067 3269
10068 1317
10069 1058
10070 2137
10071 733 3931
10072 543
10073 1387
10074 2225
10075 1928
10076 3994
10077 1235
10078 2557
10079 1163
10080 1119
10081 863
10082 2
10083 3425
10084 2737
10085 4248
10086 75
10087 139
10088 1316
10089 3915
10090 1014
10091 2644
10092 2963
10093 2415
10094 1131
10095 552
10096 3980
10097 3208
10098 66
10099 1627
10100 1593
10101 1588
10102 4161
10103 4085
10104 1532
10105 2552
10106 2963
10107 63
10108 3595
10109 4036
10110 2924
10111 4385 4385
10112 120
10113 4255
10114 4038
10115 3983
10116 515
10117 107
10118 2186
10119 3607
10120 2120
10121 3881
10122 2950
10123 4080
10124 657
10125 1217
10126 3927
10127 2967
10128 3892
10129 2649
10130 3418
10131 3772
10132 2194
10133 3321
10134 1112
10135 793 3425
10136 2114
10137 2969
10138 3022
10139 4029
10140 3332
10141 1199
10142 1533
10143 344
10144 1498 3471
10145 3850
10146 1029 3834
10147 2451
10148 2999
10149 2381
10150 3665
10151 4074
10152 3758
10153 1042
10154 671 3001
10155 1208
10156 2770
10157 541
10158 733 2783
10159 3560
10160 3222
10161 631
10162 3217
10163 1111
10164 735
10165 3614
10166 464
10167 2708
10168 289
10169 1429
10170 3793
10171 341
10172 807
10173 308
10174 742
10175 3325
10176 1170
10177 3214
10178 2189
10179 3431
10180 3436
10181 2610
10182 470
10183 3809
10184 341
10185 3998
10186 1042
10187 2829
10188 2386
10189 3398
10190 2001
10191 227
10192 489 2916
10193 133
10194 255
10195 3871
10196 1286
10197 1033
10198 624
10199 1798
10200 937
10201 2587
10202 118
10203 3932
10204 1137
10205 363
10206 2531
10207 1627
10208 19 3334
10209 891
10210 4187
10211 937
10212 1756 3980
10213 3163
10214 2559
10215 3325
10216 1851
10217 4462
10218 2512
10219 342
10220 2102
10221 2558
10222 3216
10223 1406
10224 1342
10225 463
10226 3115
10227 3152
10228 1661 4436
10229 326
10230 387
10231 3188
10232 4123
10233 1895
10234 2795
10235 783
10236 918 2968
10237 1257
10238 3919
10239 3927
10240 4339
10241 1861
10242 3055
10243 2766
10244 3831
10245 2222
10246 294
10247 2396
10248 3325
10249 2086
10250 342
10251 190
10252 306
10253 1929
10254 624
10255 3383
10256 2203
10257 3262
10258 1573
10259 2090
10260 168
10261 1259
10262 2862
10263 1218
10264 3892
10265 2095
10266 737
10267 258 423 1295
10268 470
10269 2588
10270 3324
10271 2154
10272 587
10273 1223
10274 1661
10275 3093
10276 2453
10277 1479
10278 2917
10279 1343
10280 4198
10281 2777
10282 444
10283 153
10284 2383
10285 1065
10286 213
10287 2652
10288 2767
10289 921
10290 3846
10291 2717
10292 1163
10293 2138
10294 677
10295 3202
10296 3276
10297 3915
10298 1667
10299 3209
10300 1640
10301 2820
10302 3997
10303 3331
10304 4291
10305 44
10306 4021
10307 2856
10308 4490
10309 2502
10310 2382
10311 228 2930
10312 4295
10313 2131
10314 601
10315 3847
10316 1868
10317 954
10318 3769
10319 1892 3688
10320 2205
10321 2819
10322 886
10323 1022
10324 4450
10325 3492
10326 2913
10327 3305
10328 3137
10329 967
10330 741
10331 3217
10332 2322
10333 843 3499 3690
10334 3217
10335 928
10336 2770
10337 669 3251
10338 738
10339 3325
10340 369 1254 1939
10341 4104
10342 339
10343 2876
10344 877
10345 3430
10346 2042
10347 2955
10348 3448
10349 2971
10350 2855
10351 3737
10352 483
10353 725
10354 1162
10355 552
10356 483
10357 2735
10358 473
10359 1540
10360 2414
10361 1276
10362 335
10363 3634
10364 3200
10365 2967
10366 2547
10367 2164
10368 1348
10369 825
10370 2654
10371 4302
10372 2628
10373 996
10374 2311
10375 4193
10376 3190
10377 4255
10378 1522
10379 3078
10380 3257
10381 2461
10382 2023
10383 2808
10384 319
10385 1288
10386 4368
10387 1789
10388 3605
10389 2794
10390 3450
10391 3935
10392 4191
10393 2751
10394 3217
10395 3478
10396 3025
10397 4276
10398 2399 2531 2571 2597 2661 2686 2771 2796 2847
10399 3614
10400 2781
10401 2029
10402 2220
10403 2109
10404 2326
10405 4111
10406 2490 2699
10407 1734
10408 867
10409 878
10410 1441
10411 2061
10412 561 3016
10413 3052
10414 2175
10415 2086
10416 3487
10417 3738
10418 2829
10419 2769
10420 3752
10421 3631
10422 651
10423 20
10424 3004
10425 395
10426 4199
10427 3652
10428 1574
10429 1811
10430 1984
10431 4090
10432 738
10433 3754
10434 409
10435 1306 1940 2890 2927
10436 3157
10437 3107
10438 4381
10439 1308
10440 1876
10441 508
10442 3210
10443 4127
10444 1162 1278
10445 3132
10446 1581
10447 2139
10448 1311
10449 3461
10450 579
10451 2546
10452 1913
10453 2232
10454 2095
10455 1653
10456 267 1519 1621
10457 920
10458 391
10459 3638
10460 2757
10461 929
10462 330 444 2081 3105 3910
10463 2503
10464 1346
10465 4074
10466 745 1188 1323 2636 3578
10467 2860
10468 1059
10469 4375
10470 916
10471 2751
10472 4216
10473 1284 3188 4430 4473
10474 3085
10475 2272
10476 817 4135
10477 966
10478 1469 3194
10479 173
10480 3210
10481 2607 3832
10482 693
10483 4082
10484 1103
10485 1765
10486 3024
10487 3052 3969 4284 4411
10488 1167
10489 1160
10490 820
10491 481
10492 768
10493 2808
10494 2808
10495 1515
10496 1517
10497 3492
10498 2111
10499 3255
10500 285
10501 1419
10502 4440
10503 416
10504 3217
10505 4469
10506 3423
10507 3934
10508 4254
10509 1094
10510 793
10511 2802
10512 674
10513 4381
10514 915
10515 666
10516 3709
10517 3586
10518 3250
10519 1809
10520 1233
10521 2820
10522 3396
10523 2689
10524 1180 2626
10525 448
10526 1302
10527 1409
10528 820
10529 3287
10530 28
10531 892
10532 4173
10533 1926
10534 2196
10535 2313
10536 3374
10537 339
10538 3260
10539 4446
10540 1335 2062 2063
10541 317 330 1428 3658
10542 790
10543 2950
10544 3920
10545 2654
10546 1979
10547 1524
10548 3354
10549 2061
10550 3623
10551 2361
10552 459
10553 217
10554 2894
10555 4019
10556 595
10557 288
10558 3209
10559 2706
10560 809
10561 722
10562 2860
10563 38
10564 3153
10565 3894
10566 2950
10567 1915
10568 641
10569 1793
10570 2715
10571 956
10572 1093
10573 4017
10574 647
10575 2096
10576 1039
10577 1713
10578 658
10579 3477
10580 894
10581 2557
10582 1318
10583 3218
10584 4209
10585 215
10586 2973
10587 3188
10588 4235
10589 923
10590 1111
10591 2748
10592 1348
10593 2684
10594 191
10595 3108
10596 2378
10597 2541
10598 4297
10599 1941
10600 3738
10601 492
10602 353
10603 2984
10604 2062
10605 3137
10606 1784
10607 220
10608 2998
10609 4062
10610 2414
10611 3555
10612 1128
10613 3099
10614 1196
10615 727
10616 3139
10617 2769
10618 2189
10619 381 752
10620 1896
10621 3207
10622 3212
10623 258
10624 2648
10625 2572 3378
10626 3626
10627 5
10628 4269
10629 3942
10630 3212
10631 1977
10632 1659
10633 3097
10634 793
10635 1962
10636 1805
10637 327 2086
10638 3325
10639 4123
10640 2134
10641 404
10642 3441
10643 3796
10644 3194
10645 1883
10646 2718
10647 174
10648 2020
10649 1201
10650 407
10651 2743
10652 3418
10653 4083
10654 783
10655 1691
10656 3820
10657 444 1469 4342
10658 1892
10659 1037
10660 399
10661 1516
10662 207
10663 3631
10664 3769
10665 396
10666 1691
10667 3596
10668 2402
10669 937
10670 2318
10671 934
10672 920
10673 2901 2927 3154
10674 1587
10675 2715
10676 727
10677 1171
10678 2121
10679 542 952 1786
10680 2044
10681 3132
10682 2121
10683 3028
10684 3200
10685 3217
10686 2262
10687 4054
10688 4249
10689 3052
10690 3297
10691 3665
10692 1751
10693 107 2678
10694 3440
10695 4217
10696 358
10697 4000
10698 105
10699 11
10700 2953
10701 1812
10702 2003
10703 195 1425 1446 2689
10704 4359
10705 3583
10706 3679
10707 3672
10708 3419
10709 1742
10710 2391
10711 1418
10712 4426
10713 1097
10714 433
10715 3039
10716 4209
10717 3772
10718 3918
10719 1221
10720 4284
10721 3100
10722 3935
10723 3489
10724 470
10725 470
10726 507
10727 2215
10728 3718
10729 4476
10730 2518
10731 488
10732 2859
10733 793
10734 1042
10735 655
10736 1489
10737 1045
10738 1284 2953 2984
10739 3195
10740 1188
10741 1809
10742 4122
10743 2995
10744 480 1992
10745 2674
10746 470
10747 1149
10748 3770
10749 1274
10750 2
10751 1959
10752 530
10753 3531
10754 1311
10755 2666
10756 4116
10757 2666
10758 4330
10759 2994
10760 250
10761 2267
10762 917
10763 1874
10764 3445
10765 3364
10766 867
10767 3499
10768 1396
10769 1904
10770 4028
10771 713
10772 3188
10773 612
10774 3854
10775 3764
10776 2332
10777 2722
10778 2796
10779 1357
10780 1349
10781 3575
10782 653
10783 683
10784 3364
10785 1236
10786 651
10787 4173
10788 4476
10789 2777
10790 2448
10791 4322
10792 2090
10793 3126
10794 1652
10795 3204
10796 3589
10797 3383
10798 3210
10799 669
10800 724
10801 862
10802 2128 2468
10803 624
10804 2588
10805 393
10806 2612
10807 734
10808 3759
10809 2618
10810 3219
10811 4218
10812 4310
10813 3115
10814 2281
10815 1163
10816 820
10817 2298
10818 595
10819 3229
10820 2128
10821 676
10822 3417
10823 372
10824 2451
10825 99
10826 1661 1680
10827 1237
10828 415
10829 2460 2490
10830 20
10831 2791
10832 541 3976
10833 4472
10834 2707
10835 403
10836 4100
10837 689
10838 875
10839 2125
10840 655 4184
10841 3325
10842 1797
10843 3422
10844 820
10845 1075
10846 3551
10847 3109
10848 2252
10849 3804
10850 1505
10851 308
10852 4179
10853 225
10854 796
10855 3002
10856 3657
10857 803
10858 3431
10859 4355
10860 262
10861 890
10862 1344
10863 737
10864 1690
10865 1446
10866 4148
10867 2979
10868 3968
10869 2372
10870 4297
10871 3217
10872 1572
10873 1496
10874 1310
10875 2273
10876 2250
10877 988
10878 4248
10879 4292
10880 4354
10881 3441
10882 3204
10883 1786
10884 4052
10885 802
10886 3658
10887 2567
10888 134
10889 541
10890 3440
10891 2992
10892 3737
10893 888
10894 4357
10895 228
10896 1446
10897 4007
10898 178
10899 915
10900 2158
10901 1472 3003
10902 2520
10903 867
10904 2531
10905 3722
10906 3717
10907 1150
10908 4259
10909 1107
10910 2845
10911 1238
10912 761
10913 3233
10914 1592
10915 3488
10916 3312
10917 624
10918 2840
10919 2010
10920 839
10921 3591
10922 3504
10923 669
10924 3187
10925 728 3318
10926 1042
10927 3587
10928 2061
10929 1346
10930 3987
10931 3120
10932 1968
10933 72
10934 374
10935 224
10936 4410
10937 2696
10938 2474
10939 3754
10940 2672
10941 666
10942 676
10943 3200
10944 2481
10945 4159
10946 1593
10947 979
10948 2988
10949 1782
10950 1642
10951 2475
10952 2606
10953 1046
10954 3016
10955 2409
10956 4010
10957 2257
10958 3705
10959 3367
10960 2960
10961 1455
10962 2559
10963 265
10964 2927
10965 4348
10966 3695
10967 734
10968 1767
10969 3748
10970 2521
10971 3422
10972 70
10973 2845
10974 315
10975 3200
10976 4479
10977 1111
10978 2538
10979 4068
10980 2466 3422
10981 1554
10982 1814
10983 1475
10984 1341
10985 2702
10986 971
10987 1335
10988 2810
10989 1197
10990 2061
10991 1346
10992 1134
10993 2283
10994 4326
10995 3215
10996 3676
10997 4027
10998 4043
10999 965
11000 1450
11001 4059
11002 2283
11003 31
11004 1339
11005 3401
11006 1044
11007 3419
11008 2504
11009 4033
11010 2022
11011 1141
11012 4307
11013 576
11014 3998
11015 916
11016 91
11017 1418
11018 1434
11019 2463
11020 3927
11021 3718
11022 702
11023 1234
11024 3870
11025 562
11026 3938
11027 658
11028 1443
11029 1954
11030 2698
11031 92
11032 3001
11033 3913 4476
11034 2960
11035 2964
11036 2531 4351
11037 387 540 1069 1314
11038 3347
11039 3396
11040 2358
11041 485
11042 1977
11043 3245
11044 2158
11045 3215
11046 3935
11047 3995
11048 2659
11049 2257
11050 3651
11051 701
11052 2705 4202
11053 3924
11054 381 621 636 844 1293
11055 766
11056 3093
11057 132
11058 3204
11059 406
11060 390
11061 3720
11062 1039
11063 3428
11064 2786 2806
11065 2951
11066 446 2474
11067 2858
11068 1433
11069 4225
11070 3136
11071 4369
11072 451
11073 2883
11074 4011
11075 2078 3128
11076 3210
11077 2860
11078 3935
11079 2469
11080 1559
11081 2441
11082 2929
11083 2722
11084 3487
11085 4438
11086 2206
11087 18
11088 3200
11089 1578
11090 3108
11091 392
11092 1545 1876
11093 1325
11094 1418 3824
11095 246
11096 2791
11097 905
11098 3581
11099 642
11100 2191
11101 2787
11102 3826
11103 43 73 78
11104 3992
11105 2732
11106 1782
11107 318 733 1762 4163
11108 1142
11109 1714
11110 2904
11111 510
11112 3581
11113 152
11114 2839
11115 3125
11116 835
11117 4252
11118 1545 1661
11119 3216
11120 4150
11121 3425
11122 2454
11123 1344
11124 853
11125 2044
11126 2897
11127 4128
11128 492 1595
11129 3677
11130 3597
11131 3325
11132 1586
11133 126
11134 1209 2367
11135 2127
11136 733
11137 3991
11138 940
11139 2386
11140 2327
11141 2252
11142 4256
11143 2141
11144 3405
11145 934
11146 3854
11147 1469
11148 2569 2969
11149 1205
11150 2979
11151 2471
11152 4292
11153 1337
11154 2520
11155 635
11156 3218
11157 703
11158 1237
11159 1450
11160 3582
11161 836
11162 2891
11163 733
11164 2062
11165 820
11166 820
11167 1157
11168 1375
11169 3057
11170 4037
11171 2401 2537
11172 3883
11173 1315
11174 2353
11175 3108
11176 4172
11177 758
11178 2011
11179 1915
11180 3545
11181 3141
11182 1349
11183 3989
11184 1284
11185 3595
11186 3713
11187 2151 2213 2387 2622
11188 2470
11189 2044
11190 1859
11191 394 1523
11192 2084
11193 246
11194 2841
11195 542
11196 1526
11197 3452
11198 2524
11199 2959 2992
11200 3586
11201 56
11202 4225
11203 1498
11204 3617
11205 4
11206 4094
11207 3514
11208 1284
11209 2580
11210 4240
11211 3408
11212 3579
11213 3490
11214 240
11215 876
11216 2886
11217 4433
11218 2776
11219 3763
11220 3577
11221 4074
11222 3016
11223 3188
11224 330
11225 752
11226 1006
11227 3418
11228 3231
11229 4383
11230 3986
11231 2089
11232 3636
11233 140
11234 3331
11235 1073
11236 69
11237 2623
11238 2387
11239 3579
11240 4312
11241 2095
11242 3108
11243 879
11244 1634
11245 1228
11246 980 2000
11247 242 3381
11248 2263
11249 3648
11250 2164
11251 167 3518
11252 894
11253 1480
11254 4133
11255 2131 2804
11256 1535
11257 1575
11258 3221
11259 37
11260 3489
11261 2955
11262 835
11263 842
11264 3933
11265 1340
11266 1143
11267 1082 3096 3097
11268 3399
11269 1482
11270 497
11271 4106
11272 2951
11273 1396
11274 2465
11275 3299
11276 31
11277 2108
11278 2916
11279 2759
11280 2118
11281 3632
11282 2057
11283 323
11284 4202
11285 1508
11286 767 2515
11287 221
11288 326
11289 2815
11290 1455
11291 319
11292 3839
11293 2497
11294 468
11295 1186
11296 3231
11297 321 3378
11298 2963
11299 54
11300 1035
11301 402
11302 659
11303 3421
11304 1661
11305 784
11306 2871
11307 933
11308 2203
11309 2013
11310 3816
11311 707
11312 3217
11313 1124
11314 2808
11315 3754
11316 1048
11317 1522
11318 1597
11319 1055
11320 1257
11321 2638
11322 2247
11323 1431
11324 4230
11325 3138
11326 1003
11327 497
11328 613
11329 2703
11330 4208
11331 1725
11332 810
11333 3507
11334 784
11335 737
11336 1260
11337 3545
11338 701
11339 311
11340 3922
11341 938 3383 3806
11342 2678
11343 1149 3583
11344 2965
11345 3760
11346 4221
11347 444
11348 3754
11349 894
11350 2357
11351 341
11352 3496
11353 2414
11354 1255
11355 1257
11356 311
11357 628
11358 3250 3267 3318
11359 4209
11360 1135
11361 3652 3719
11362 2540
11363 2378
11364 1809
11365 2524
11366 3441
11367 119
11368 1119
11369 142
11370 387
11371 2087
11372 2119
11373 4221
11374 1873 2975
11375 3545
11376 3754
11377 2559
11378 3742
11379 3024 3225
11380 1595
11381 3944
11382 3935
11383 858
11384 2859
11385 3210
11386 1006
11387 1298
11388 2057
11389 2963 4298 4491
11390 1290
11391 1466
11392 3455
11393 3207
11394 1117
11395 4209
11396 3682
11397 3801
11398 1291 1931 3953
11399 4353
11400 658
11401 3190
11402 1316
11403 2318
11404 1109
11405 813
11406 3000
11407 876
11408 3441
11409 1068
11410 2536
11411 1405
11412 4286
11413 2266
11414 4047
11415 2203
11416 2532
11417 470
11418 458
11419 1092
11420 2773
11421 1551
11422 2336
11423 3622
11424 874
11425 1617
11426 4193
11427 3140
11428 4217
11429 3677
11430 1491
11431 2081
11432 2986
11433 3219
11434 3673
11435 3201
11436 543 2678 2687
11437 872
11438 2030
11439 3931
11440 4108
11441 205
11442 3371
11443 3551
11444 3487
11445 257
11446 4355
11447 752
11448 24
11449 2860
11450 2721
11451 655
11452 5
11453 2057
11454 4025
11455 1699
11456 1153
11457 3123
11458 4293
11459 2315
11460 2095
11461 1545
11462 733
11463 3914
11464 246
11465 1179
11466 197
11467 1154 3491 3665
11468 2119
11469 1373
11470 2753
11471 1043 2064
11472 1257
11473 3188
11474 854
11475 4293 4455
11476 3784
11477 4361
11478 2001
11479 3363
11480 1347
11481 1000
11482 297 2905
11483 3325
11484 2057
11485 3325
11486 3321
11487 4291
11488 2544
11489 1111
11490 3703
11491 3201
11492 2103
11493 2259
11494 2103
11495 3543
11496 2103
11497 2170
11498 2136
11499 3146
11500 1849
11501 3048
11502 2081
11503 2638
11504 62
11505 2770
11506 624
11507 1962
11508 607
11509 2460
11510 415
11511 1236
11512 3929
11513 4236
11514 3891
11515 74
11516 842
11517 1750
11518 824 941
11519 2128 2144
11520 1198
11521 657
11522 3310
11523 396
11524 3901
11525 2395
11526 754
11527 808
11528 4249
11529 38
11530 3204
11531 1721
11532 266
11533 4049
11534 2865
11535 4447
11536 2062
11537 2505
11538 2330 3022
11539 3339
11540 2387
11541 396
11542 3948
11543 531
11544 1029
11545 2539
11546 3169
11547 3218
11548 1453
11549 3483
11550 2326
11551 3943
11552 2558
11553 655
11554 1385
11555 3212
11556 1492
11557 2873 3687
11558 1845
11559 3667
11560 1187
11561 3342
11562 632
11563 2838
11564 630 3318
11565 2460
11566 3969
11567 2847
11568 1268
11569 4325
11570 3510
11571 4431
11572 3661
11573 1455
11574 72
11575 3225
11576 4074
11577 168
11578 1450
11579 3053
11580 3321
11581 1325
11582 3277
11583 1001
11584 2320
11585 3455
11586 2425
11587 2057
11588 1226
11589 2810
11590 1247
11591 2539
11592 2403
11593 479
11594 554
11595 3666
11596 443
11597 274
11598 1190
11599 3663
11600 497
11601 3474
11602 1792 1940
11603 341
11604 894
11605 788
11606 2040
11607 1798
11608 1325
11609 809
11610 126
11611 2631
11612 1936
11613 2101
11614 135 1492
11615 3200
11616 4438
11617 875
11618 3007
11619 4449
11620 2969
11621 1411
11622 1063
11623 886
11624 1695
11625 2551
11626 76
11627 3729
11628 2589
11629 2793
11630 205
11631 3754
11632 2075
11633 915
11634 3770
11635 1656
11636 4078
11637 3094
11638 3148
11639 341
11640 473
11641 2688
11642 2087
11643 3025
11644 1298
11645 3665
11646 63
11647 720
11648 3348
11649 3605
11650 953
11651 2705
11652 733 1252 3705
11653 917
11654 250
11655 459
11656 3210
11657 324
11658 2594
11659 877 2858
11660 2599
11661 174
11662 1058
11663 1540
11664 1894
11665 4031
11666 3165
11667 423
11668 3471
11669 1921
11670 2825
11671 2681
11672 3419
11673 4025
11674 3718
11675 1227
11676 1581
11677 2821
11678 3540
11679 3581
11680 4027
11681 4283
11682 3635
11683 475
11684 3651
11685 3512
11686 3097
11687 1455
11688 4012
11689 3078
11690 3190
11691 1581
11692 2799
11693 3555
11694 2668
11695 1647
11696 2514
11697 3738
11698 1600
11699 3192
11700 1945
11701 4142
11702 3851
11703 2783
11704 1007
11705 3419
11706 3255
11707 2433
11708 3581
11709 2614
11710 3946
11711 2434
11712 3375
11713 2194 2416 2423 2537
11714 2018
11715 1075
11716 3355
11717 1683
11718 1084 1661
11719 902
11720 2120
11721 1706
11722 269
11723 3794
11724 169
11725 4302
11726 3210
11727 2044
11728 2984
11729 473
11730 2373
11731 2279
11732 3946
11733 3223
11734 2690
11735 3726
11736 1847
11737 3128
11738 824 1894 2986 4161 4183
11739 842
11740 799
11741 3685
11742 3998
11743 4329
11744 470 754 2661
11745 2715
11746 4393
11747 4138
11748 2178
11749 2441
11750 1661
11751 2700
11752 4065
11753 2679
11754 3211
11755 3471 3937
11756 1108
11757 340
11758 3935
11759 2260
11760 321
11761 1751
11762 3210
11763 3218
11764 3025
11765 4394
11766 1433
11767 1679
11768 4047
11769 3738
11770 3742
11771 4116
11772 446
11773 1334
11774 3478
11775 2104
11776 1504
11777 172
11778 635
11779 2864
11780 1731
11781 2602
11782 1064
11783 4341
11784 2531
11785 2612
11786 3209
11787 4169
11788 1511
11789 3114
11790 2874
11791 2184
11792 1167
11793 3666
11794 2489
11795 2963
11796 3826
11797 2481
11798 1385
11799 3208
11800 3317
11801 827
11802 2493
11803 2925
11804 2190
11805 1139
11806 260
11807 2574
11808 3047
11809 3257
11810 884
11811 510
11812 2770
11813 3384
11814 1727
11815 243
11816 3200
11817 507
11818 2058
11819 3289
11820 4107
11821 3812
11822 4216
11823 3325
11824 3796
11825 2973
11826 1247
11827 2455
11828 2063
11829 3214
11830 2837
11831 3014
11832 3330
11833 294
11834 1371
11835 4450
11836 4356
11837 346
11838 33
11839 4462
11840 4257
11841 2770
11842 2662
11843 4081
11844 894
11845 2858
11846 805
11847 3575
11848 3719
11849 4261
11850 1064
11851 1228
11852 1140
11853 3275
11854 2697
11855 185
11856 1418
11857 3207
11858 1059
11859 3215
11860 2955
11861 2864
11862 815
11863 1797
11864 3847
11865 662
11866 3230
11867 615
11868 2920
11869 632
11870 1626
11871 616
11872 886
11873 2770
11874 2398
11875 1661 2516
11876 2520
11877 1040
11878 2239
11879 3894
11880 4428
11881 685
11882 1309
11883 1093
11884 3217
11885 3596
11886 4255
11887 3208
11888 1753
11889 3946
11890 470 933 933 937 3748
11891 3559
11892 2498
11893 680
11894 656
11895 3791
11896 2360
11897 3311
11898 3955
11899 874
11900 2837
11901 3907
11902 3420
11903 3583
11904 1395 3250
11905 3190
11906 3121
11907 3320
11908 550
11909 392
11910 3404
11911 1170
11912 1105
11913 2929
11914 701
11915 745
11916 1180
11917 2786
11918 1115
11919 1767
11920 1453
11921 639
11922 4074
11923 4183
11924 1613
11925 3653
11926 2845
11927 824 2815
11928 1486
11929 2864
11930 3951
11931 1182
11932 473
11933 799
11934 1362
11935 420 632
11936 1454
11937 687
11938 982
11939 2113
11940 4219
11941 4074
11942 3289
11943 1503 4120
11944 3217
11945 1797 3154 4284
11946 3209
11947 3744
11948 3901
11949 3623
11950 820 939
11951 1223
11952 2860
11953 3884
11954 3285
11955 4081
11956 281
11957 203
11958 3705
11959 439
11960 1361
11961 3658
11962 2968
11963 4329
11964 3394
11965 2820
11966 1206
11967 381
11968 1657 2855
11969 2681
11970 3208
11971 3990
11972 3933
11973 3974
11974 4074
11975 746
11976 4357
11977 1346
11978 2706
11979 4295
11980 3385
11981 405 632 986 1291 1295 2950 2951 2969 3421
11982 4019
11983 133
11984 227 1860 3378
11985 3349
11986 1648 3663 3663
11987 573
11988 1801
11989 4379
11990 2191
11991 2568
11992 1889
11993 1087
11994 998
11995 3544
11996 2093
11997 517
11998 201
11999 432
12000 4088
12001 1330
12002 226
12003 2001
12004 3760
12005 1311
12006 1236
12007 3926
12008 2007
12009 820
12010 1012
12011 3188
12012 1438
12013 2525
12014 3791
12015 2477
12016 2234
12017 3325
12018 3518
12019 3885
12020 3665
12021 427 2526
12022 4067
12023 1452
12024 4156
12025 2993
12026 3906
12027 307 473
12028 2044
12029 3661
12030 3959
12031 2991
12032 2987
12033 576
12034 4096
12035 3817
12036 809
12037 657
12038 816
12039 4076
12040 3989
12041 1868
12042 2833
12043 1160
12044 2951
12045 2493
12046 394
12047 274
12048 1498 3064
12049 596
12050 984
12051 3481
12052 3489
12053 4080
12054 3451
12055 1222
12056 709
12057 3270
12058 793
12059 3209
12060 2805
12061 3180
12062 2660
12063 1176
12064 2972
12065 3190
12066 4355
12067 180
12068 3674
12069 349
12070 3128
12071 1000
12072 1185
12073 3079
12074 2131
12075 964
12076 802
12077 834
12078 441
12079 3709
12080 3143
12081 3931
12082 844 1934
12083 2611
12084 3097
12085 1083
12086 2966 3378
12087 2534
12088 657
12089 820
12090 1571
12091 1231
12092 2240
12093 2170
12094 1472
12095 1250
12096 3419
12097 1111
12098 294 669 692 1036 1037 2748 3029
12099 3344
12100 3216
12101 2138
12102 141
12103 410
12104 2283 2972
12105 2057
12106 1797
12107 1110
12108 3957
12109 1869 3697
12110 3157
12111 793
12112 2446
12113 309
12114 3168
12115 2044
12116 821
12117 1644
12118 508
12119 389
12120 3250
12121 401
12122 1815
12123 4114
12124 3962
12125 3109
12126 3052
12127 489
12128 3448
12129 592
12130 2983
12131 788
12132 4238
12133 1834
12134 2714
12135 2463 2680
12136 1291
12137 1542
12138 3191
12139 3393
12140 818
12141 3181
12142 405 2477 4284
12143 2514 2537 2649
12144 3322
12145 3325
12146 733 3312
12147 2848
12148 3543
12149 3918
12150 1524
12151 684 1639 2070 2936 2969 2992 3417
12152 1022
12153 2352
12154 2325
12155 2188
12156 3802
12157 1597
12158 937
12159 193
12160 3445
12161 936
12162 2967 3098 3503
12163 1931
12164 792
12165 1405
12166 2609
12167 434
12168 1081
12169 1105
12170 3427
12171 2722
12172 3579
12173 2282
12174 416
12175 2662
12176 3777
12177 1182
12178 2950
12179 2179
12180 1970
12181 2409
12182 2682
12183 2310
12184 975
12185 1349
12186 3529
12187 83
12188 2672
12189 570
12190 3892
12191 3960
12192 36
12193 4111
12194 915
12195 2742
12196 3494
12197 4438
12198 1115
12199 2255
12200 2360
12201 4328
12202 2062
12203 1284
12204 2322
12205 2785
12206 2785
12207 1524
12208 62
12209 3286
12210 3209
12211 2230
12212 2822
12213 1783
12214 3221
12215 801
12216 2169
12217 3224
12218 3207
12219 2044
12220 1316
12221 1080
12222 327
12223 820
12224 2564
12225 850
12226 3188
12227 1890
12228 1909
12229 2296
12230 451
12231 1485
12232 3705
12233 4180
12234 3515
12235 530
12236 79
12237 3766
12238 3528
12239 3697
12240 2992
12241 844
12242 2095
12243 3712
12244 653
12245 1409
12246 3416 3690 4204
12247 148 3200
12248 3252
12249 3137 3807
12250 2774
12251 4469
12252 3688 3838
12253 3219
12254 1574
12255 4221
12256 2094
12257 2042
12258 3204
12259 418
12260 800
12261 1999
12262 760
12263 4077
12264 2345
12265 4153
12266 952 2621
12267 4377
12268 2023
12269 3865
12270 3091
12271 3605
12272 2661
12273 3293
12274 4138
12275 2057
12276 2832
12277 4074
12278 1446 2459 2950 3098 4162
12279 802
12280 1235
12281 1615
12282 3224
12283 2604
12284 2461
12285 3765
12286 3418
12287 2057
12288 238
12289 911
12290 245
12291 3018
12292 3580
12293 3122
12294 781
12295 2382
12296 1337
12297 3122
12298 917
12299 2254
12300 1326
12301 2950
12302 2680
12303 4142
12304 1754
12305 4437
12306 1784
12307 4120
12308 1613
12309 4419
12310 1439
12311 3418
12312 570
12313 680
12314 3909
12315 1545
12316 1730
12317 1812
12318 3858
12319 291
12320 1148
12321 2987
12322 1187
12323 3740
12324 1785
12325 4000
12326 2864
12327 3026
12328 1064
12329 2916
12330 2127
12331 5
12332 2521
12333 3042
12334 2473
12335 3986
12336 399
12337 2473
12338 3119
12339 2984
12340 4224
12341 3959
12342 3128
12343 640
12344 1620
12345 3327
12346 2233
12347 3986
12348 3451
12349 2960
12350 763
12351 4219
12352 3680
12353 1452 3935 4033
12354 1202
12355 98
12356 751
12357 1245
12358 856
12359 976
12360 4194
12361 1841
12362 793
12363 3161
12364 2747
12365 275
12366 1328
12367 874
12368 3260
12369 526 576
12370 3736
12371 4455
12372 3336
12373 1136
12374 824
12375 2464
12376 3662
12377 813
12378 3626
12379 1986
12380 339 342 2906 4156
12381 118
12382 4361
12383 1624
12384 1469 2533
12385 3588
12386 3942
12387 3215
12388 2476
12389 3208
12390 3555
12391 737
12392 1511
12393 2690
12394 3
12395 2748
12396 52
12397 657
12398 1865
12399 4310
12400 664
12401 3310
12402 470
12403 1746
12404 1497
12405 3778
12406 1428
12407 88
12408 3595
12409 4433
12410 3756
12411 123
12412 1093
12413 1469 2950
12414 1207 1359 1785
12415 3926
12416 3572
12417 4006
12418 3123
12419 1947
12420 413
12421 2261
12422 3188
12423 1287
12424 3662
12425 3839
12426 3920
12427 2363
12428 2830
12429 1990
12430 4123
12431 868
12432 3213
12433 4140
12434 218
12435 236 248
12436 3048
12437 3200
12438 2736
12439 3423
12440 387
12441 78
12442 3218
12443 602
12444 3621
12445 1684
12446 985
12447 4471
12448 1523
12449 784
12450 4171
12451 2743
12452 1054
12453 1496
12454 800
12455 4178
12456 1682
12457 2437
12458 4354
12459 3479
12460 3120
12461 1345
12462 1637
12463 2015
12464 4373
12465 750
12466 1035
12467 1603
12468 2612
12469 3995
12470 1763
12471 1158
12472 976
12473 3969
12474 954
12475 3617
12476 3724
12477 1161
12478 1328
12479 4395
12480 4335
12481 1455
12482 3754
12483 402
12484 2324
12485 965
12486 1199
12487 2774
12488 1325
12489 902
12490 1189
12491 2798
12492 1181
12493 795
12494 987
12495 3705
12496 228
12497 917
12498 1179 3670
12499 3474
12500 3383
12501 2943
12502 734
12503 2972
12504 669
12505 522
12506 2870
12507 1868
12508 1345
12509 703
12510 2360 3098
12511 2578 2912
12512 4447
12513 4389
12514 2715
12515 3833
12516 2990
12517 1405
12518 1518
12519 1751
12520 1316
12521 987
12522 1893
12523 1347
12524 2259
12525 2870
12526 3409
12527 1466
12528 4156
12529 2441
12530 883
12531 1327
12532 1096
12533 1155
12534 3481
12535 179
12536 3094
12537 4381
12538 3794
12539 3283
12540 4382
12541 1790
12542 3718
12543 764
12544 1255
12545 1758
12546 787
12547 552
12548 2354
12549 1151
12550 3489
12551 4068
12552 3608
12553 2983
12554 3862
12555 1741
12556 2553
12557 3157
12558 2090
12559 3702
12560 1151
12561 3662
12562 3129
12563 2474 4148
12564 1242
12565 339 1325 1784
12566 2967
12567 3344
12568 3157
12569 804
12570 1341
12571 3202
12572 2969 2975
12573 3147
12574 4473
12575 1043
12576 477
12577 52
12578 3808
12579 1113
12580 2900
12581 1511
12582 2648
12583 2945
12584 1706
12585 3391
12586 2938
12587 2972
12588 966
12589 3618
12590 2927
12591 799
12592 1868
12593 3391
12594 1016
12595 4415
12596 1761
12597 465 933 3804
12598 2818
12599 275
12600 2618 2860
12601 740
12602 2097
12603 1726
12604 3880
12605 2468
12606 3208
12607 3959
12608 3209
12609 4094
12610 1182
12611 2580
12612 2634
12613 4386
12614 3920
12615 3632
12616 2168
12617 795
12618 327
12619 1217
12620 1798
12621 1450
12622 1060
12623 730 1624
12624 1244
12625 2960
12626 1051
12627 3899
12628 2678
12629 4005
12630 3165
12631 656 737 3626
12632 2196
12633 2390
12634 3514
12635 2929
12636 3567
12637 2845
12638 2970
12639 1469 1490
12640 123 735 1492
12641 163
12642 394
12643 1770
12644 2983
12645 745
12646 4062
12647 4084
12648 4120
12649 3691
12650 917
12651 2433
12652 2983
12653 3718
12654 1341
12655 965
12656 2643
12657 2687
12658 326
12659 1013
12660 3047
12661 1855
12662 70
12663 3670
12664 2609
12665 390 965
12666 3693
12667 3209
12668 4134
12669 1128
12670 154
12671 3011
12672 1603
12673 475
12674 2176
12675 4291
12676 1098
12677 711
12678 3202
12679 1342
12680 3728
12681 1192
12682 2600
12683 1080
12684 2104
12685 2729
12686 479
12687 4469
12688 1101
12689 1108 1599
12690 2419
12691 85
12692 1466
12693 3209
12694 233
12695 91
12696 392
12697 620 1821
12698 3596
12699 4169
12700 399
12701 2647
12702 1492 3285
12703 2735
12704 1060 1418
12705 3928
12706 3771
12707 585
12708 640
12709 2686
12710 3607
12711 292
12712 684
12713 294
12714 3158
12715 3794
12716 3239
12717 3288
12718 954
12719 3633
12720 4328
12721 2652
12722 3894
12723 326
12724 1910
12725 2001
12726 1136
12727 4271
12728 2855
12729 1277
12730 2992
12731 3895
12732 2931
12733 3272
12734 4230
12735 1182
12736 1446
12737 1053
12738 123
12739 2983
12740 2823
12741 2930
12742 701
12743 1856
12744 1890
12745 1513
12746 2494 3091
12747 3808
12748 999
12749 3454
12750 2195
12751 1443
12752 2881
12753 3677
12754 1418
12755 2166
12756 694
12757 344
12758 3312
12759 717
12760 1284
12761 3442
12762 374
12763 2424
12764 1629
12765 1539
12766 2873
12767 3157
12768 1419
12769 1236
12770 2579
12771 561 4147
12772 341
12773 346
12774 1115
12775 1995
12776 1841
12777 4388
12778 2555
12779 3701 4266
12780 1341
12781 3713
12782 3997
12783 1121
12784 4321
12785 541
12786 533
12787 3048
12788 2001
12789 3701
12790 2689
12791 2930 3137
12792 2325
12793 1418 3575
12794 1600 3754
12795 2141
12796 693
12797 669
12798 2444
12799 3315
12800 2368
12801 3318
12802 597
12803 846
12804 1493
12805 4322
12806 1311
12807 1861
12808 416
12809 317
12810 2564 2919
12811 1217
12812 4342
12813 3754
12814 2343
12815 2181
12816 4185
12817 1027
12818 2531
12819 2217
12820 3694
12821 1736
12822 856
12823 3489
12824 1797
12825 3592
12826 624 1473
12827 3239
12828 4083
12829 2279
12830 1495
12831 4444
12832 2739
12833 552
12834 2357
12835 1236
12836 1155
12837 3427
12838 2012
12839 1707
12840 493
12841 4428
12842 1610
12843 3725
12844 2579
12845 4013
12846 1310 1399 2948
12847 134 883 1148 1373 1434 1453 1493 1498 1870 1913 2573 2671 2699 2756 2808 2818 2969 3677
12848 4344
12849 351
12850 3619
12851 3016
12852 4432
12853 389 3839
12854 4026
12855 3682
12856 342 351 3292
12857 1045
12858 2228
12859 1050 2806
12860 134
12861 3933
12862 2910
12863 1115
12864 2996
12865 1783
12866 3217
12867 1975
12868 3916
12869 1797
12870 2301
12871 3210
12872 3422
12873 1860
12874 1307
12875 1674
12876 655
12877 4215
12878 1093
12879 1565
12880 3978
12881 2860
12882 4051
12883 1404
12884 187
12885 1315
12886 1857
12887 4374
12888 780
12889 1337
12890 3954
12891 3929
12892 4119
12893 3181
12894 776
12895 3383 3959
12896 1438
12897 4495
12898 807
12899 3631
12900 2916
12901 1442
12902 2960
12903 2874
12904 2736
12905 3733
12906 3208
12907 4436
12908 3341
12909 4194
12910 1503
12911 4266
12912 4045
12913 915
12914 3212
12915 3408
12916 3915
12917 46
12918 785
12919 1217
12920 1814
12921 3417
12922 2173
12923 2993
12924 2579
12925 1991
12926 3218
12927 714
12928 3664
12929 1205
12930 2061
12931 3569
12932 4307
12933 3567
12934 1763
12935 737 1524 2057 3427
12936 1236
12937 1150
12938 729
12939 2173
12940 3248
12941 1593
12942 1345
12943 2741
12944 477
12945 369 850 1323
12946 996
12947 477
12948 3338
12949 691
12950 2112
12951 2657
12952 1330
12953 52
12954 2754
12955 3433
12956 1801
12957 1957
12958 265
12959 3427
12960 570
12961 1576
12962 4221 4323
12963 4400
12964 172
12965 2727
12966 4331
12967 657
12968 3758
12969 2520
12970 4447
12971 2148
12972 2098
12973 1060
12974 2571
12975 2485
12976 2502
12977 2716
12978 211
12979 2811
12980 3323
12981 3764
12982 2660
12983 3694
12984 4433
12985 2737
12986 959
12987 2950
12988 1623
12989 1791
12990 470 938
12991 967
12992 294
12993 1218
12994 3217
12995 2959
12996 3929
12997 856
12998 2438
12999 2581
13000 2
13001 2146
13002 4378
13003 3613
13004 224 297
13005 613
13006 3598
13007 657
13008 4196
13009 1469
13010 45
13011 3239
13012 1469 3123 3319
13013 938 3228
13014 665 1194 3858
13015 1050
13016 2666
13017 3431
13018 3217
13019 2678
13020 1236
13021 3782
13022 3428
13023 184
13024 3251
13025 3676
13026 3202
13027 3619
13028 3125
13029 1709
13030 669 1636
13031 3312
13032 2125
13033 321
13034 339 546 4221
13035 833
13036 3918
13037 3730
13038 1255
13039 3128
13040 2180
13041 3168
13042 933
13043 3660
13044 2156
13045 919
13046 3332
13047 3331
13048 3315
13049 473
13050 4465
13051 942
13052 2592
13053 215
13054 2095
13055 2449
13056 3715
13057 450
13058 974
13059 4352
13060 2023
13061 4344
13062 2234
13063 337
13064 4417
13065 3106
13066 607
13067 2680
13068 926
13069 2564
13070 1349
13071 1011
13072 2666
13073 2243
13074 3692
13075 824
13076 3066
13077 297
13078 85
13079 2095
13080 2998
13081 385
13082 802
13083 584
13084 3363
13085 100
13086 216
13087 777
13088 3804
13089 3325
13090 4303
13091 3107
13092 1264
13093 800
13094 587
13095 4478
13096 1100
13097 1712
13098 734 1868
13099 824
13100 2026
13101 657
13102 3204
13103 945 3154
13104 3576
13105 3954
13106 394
13107 3312
13108 4297
13109 1115
13110 2168
13111 3768
13112 3072 3239
13113 774 2455 2555 2564 2951 2972
13114 3858
13115 3280
13116 4269
13117 1028
13118 1154
13119 3765
13120 1420
13121 2207
13122 3642
13123 4365
13124 2918
13125 2761
13126 3216
13127 1062
13128 3823
13129 3875
13130 2786
13131 2533
13132 3520
13133 550
13134 1123
13135 2441
13136 2313
13137 4230
13138 3278
13139 3681
13140 3515
13141 3209
13142 3471
13143 245
13144 4001
13145 334
13146 2150
13147 37
13148 2157
13149 3212
13150 2968
13151 2559
13152 4184
13153 2046
13154 3378
13155 2808
13156 49
13157 4319
13158 337
13159 1811
13160 675
13161 3486
13162 3520
13163 2951
13164 731
13165 532
13166 3553
13167 962
13168 4050
13169 3216
13170 2806
13171 1815
13172 2415
13173 874
13174 1308
13175 788
13176 99
13177 767
13178 2452
13179 3728
13180 3213
13181 3665
13182 2479
13183 334
13184 1244
13185 2275
13186 4199
13187 3659
13188 856
13189 814
13190 1319
13191 2992
13192 1843
13193 405
13194 1368
13195 743
13196 1809
13197 1136
13198 876
13199 1329
13200 2685 3128
13201 793 3102
13202 1541
13203 3732
13204 3188
13205 3099
13206 386 980
13207 2360
13208 3257
13209 542
13210 1299 3705
13211 3851
13212 2812
13213 3454
13214 2311
13215 1628
13216 2003
13217 747
13218 3724
13219 2196
13220 1110
13221 294
13222 3375
13223 3758
13224 702
13225 4173
13226 2983
13227 654
13228 135
13229 1941
13230 561
13231 2360
13232 338 342 346
13233 3172
13234 3794
13235 4028
13236 3362
13237 4218
13238 2847
13239 55
13240 4483
13241 4204
13242 2901 3284
13243 2917
13244 785
13245 3774
13246 392
13247 3485
13248 2919
13249 2435
13250 2520
13251 24
13252 955
13253 2114
13254 984
13255 4023 4254
13256 3209
13257 394
13258 3261
13259 339
13260 1492 3666
13261 2242 2557
13262 2074
13263 1237
13264 1471 1661 2698 3098
13265 4450
13266 324
13267 2731
13268 2741
13269 1694
13270 1611
13271 588
13272 4027
13273 2046
13274 2091
13275 3113
13276 2533
13277 2856
13278 147
13279 3242 3989
13280 2170
13281 3204
13282 4467
13283 1277
13284 1613
13285 2441
13286 1661 3108
13287 1563
13288 4315
13289 4044
13290 989
13291 484 733
13292 2882 2927
13293 1972
13294 105
13295 3295
13296 2717
13297 2973
13298 4010
13299 2651
13300 4115
13301 1636 2771 2927
13302 1539
13303 3145
13304 1015
13305 1763
13306 2333
13307 399
13308 4468
13309 3047 3060
13310 1236
13311 3367
13312 676
13313 4221
13314 4286
13315 2062
13316 2131
13317 1446
13318 1095
13319 1245
13320 3668
13321 1455 2678
13322 3157
13323 1910
13324 825 3266
13325 4295
13326 4161
13327 4418
13328 196
13329 4086
13330 4449
13331 1125
13332 3939
13333 137
13334 2627
13335 2092
13336 249 330 1278 1455 4003
13337 4117
13338 3248
13339 2228
13340 1108
13341 980
13342 733
13343 299 556
13344 2492
13345 476
13346 187
13347 27
13348 544
13349 1025 1860
13350 799
13351 3666
13352 4453
13353 3355
13354 3929
13355 214
13356 3809
13357 923
13358 3154
13359 1940
13360 2564
13361 3976
13362 775
13363 1038
13364 3062
13365 657 733 1639 1674
13366 563
13367 500 1792 2984
13368 4385
13369 216 1456
13370 1689
13371 1119
13372 1214
13373 1686
13374 1659
13375 478
13376 2261
13377 2188 2796
13378 1441 3666
13379 1305 3284
13380 1958 2951 2955
13381 1325
13382 716
13383 3450
13384 3898
13385 2371
13386 4186
13387 4182
13388 1535
13389 4195
13390 3666
13391 3189
13392 3683
13393 1236
13394 1871
13395 180
13396 1974
13397 3294
13398 148
13399 672
13400 2854 3217 4023
13401 510
13402 3460
13403 3190
13404 758
13405 847 2526 3312
13406 1991
13407 2996
13408 2675
13409 192
13410 3520
13411 2022
13412 1512
13413 676
13414 2801
13415 2490
13416 1357
13417 964
13418 123
13419 2418
13420 3163
13421 449
13422 1841
13423 3204
13424 2216
13425 2492
13426 2256
13427 1593
13428 1369
13429 2577 2693 2751 4074
13430 890
13431 2771
13432 1704
13433 1721 2451
13434 2945
13435 2971
13436 845
13437 3838
13438 3790
13439 842
13440 1206
13441 2420
13442 4436
13443 1161
13444 100
13445 567
13446 439
13447 3216
13448 3653
13449 2603
13450 1197 1898
13451 1847
13452 931
13453 1845
13454 390
13455 824 1503
13456 589
13457 79
13458 3444
13459 2645
13460 3216
13461 1271 1403 3950
13462 2905
13463 2041
13464 992
13465 1396
13466 4323
13467 1302 1850 1870 4123
13468 3002
13469 3199 3589
13470 4324
13471 4311
13472 228 4480
13473 2699
13474 1714
13475 2385
13476 3685 3838
13477 2837
13478 2113
13479 87
13480 1116
13481 1314
13482 3232
13483 1200
13484 1942
13485 2672
13486 3722
13487 4491
13488 1336
13489 3836
13490 4094
13491 1469 4148
13492 1451
13493 281
13494 3937
13495 1906
13496 470
13497 902
13498 799 1150
13499 1455
13500 2980 3871
13501 1418 4065
13502 3284
13503 3128
13504 3598 4299
13505 2012
13506 3754
13507 1637
13508 2993
13509 1450
13510 3472
13511 2526
13512 1516
13513 2873 3312 4491
13514 341
13515 1320
13516 277
13517 923 3722
13518 2778
13519 1374
13520 1006
13521 787 824 2675 3117 3170 3419 4073
13522 868
13523 543
13524 820
13525 3796
13526 2535
13527 1751
13528 4409
13529 470 3505
13530 3729
13531 1848
13532 3997
13533 1978
13534 3204
13535 1344
13536 2044
13537 931
13538 976
13539 411
13540 2075
13541 2518
13542 3427
13543 3507
13544 1441
13545 1274
13546 812
13547 651
13548 3818
13549 2130
13550 844
13551 2654
13552 399
13553 473
13554 4213
13555 743
13556 784
13557 2973
13558 2748
13559 1442
13560 597
13561 1856
13562 1067
13563 3330
13564 3126
13565 3200
13566 4385
13567 2772
13568 2498
13569 3256
13570 857
13571 4111
13572 1612
13573 1237
13574 1236
13575 1861
13576 592
13577 2882
13578 3213
13579 882
13580 1565
13581 3536
13582 473
13583 131
13584 3292
13585 467
13586 734
13587 626
13588 3869
13589 3892
13590 1932
13591 2163
13592 1115
13593 1359
13594 501 2485 2963
13595 554
13596 2088
13597 2557
13598 1111
13599 4016
13600 1772
13601 3877
13602 2564
13603 1328
13604 1074
13605 2732
13606 1623
13607 3420
13608 2546
13609 2447
13610 2380 2550
13611 3559
13612 3237
13613 456
13614 1783
13615 2044
13616 669
13617 4148
13618 2603
13619 2377
13620 3495
13621 315 562 1201 1545
13622 3737
13623 3989
13624 2051
13625 4165
13626 4394
13627 1514
13628 2434
13629 1865
13630 792
13631 1028
13632 2771
13633 394
13634 4455
13635 1562
13636 3207
13637 4362
13638 13
13639 281
13640 4083
13641 1244
13642 1274 2951 3000
13643 1498
13644 696
13645 2188
13646 1129
13647 2775
13648 2046
13649 2091
13650 905
13651 4389
13652 2855
13653 867
13654 3950
13655 545 1661
13656 3425
13657 1990
13658 2634
13659 2824
13660 2306 3137
13661 3658
13662 905
13663 245
13664 3457
13665 2607 2984
13666 1859 3160
13667 4271
13668 3738
13669 3613
13670 2660
13671 3203
13672 512
13673 2168
13674 735
13675 896
13676 395
13677 4086
13678 1389
13679 3209
13680 2081
13681 2770
13682 3217
13683 2521
13684 3218
13685 2765
13686 1474
13687 400
13688 3315
13689 3379
13690 4354
13691 3351 3691
13692 299
13693 3190
13694 3200
13695 2905
13696 3342
13697 1102
13698 4198
13699 794
13700 1150
13701 3207
13702 936
13703 4256 4284
13704 1847
13705 3038
13706 3157
13707 3898
13708 3704
13709 3423
13710 3567
13711 3175
13712 3204
13713 709
13714 565
13715 1857
13716 1183
13717 1037
13718 3204
13719 4193
13720 3858
13721 3416
13722 894
13723 917
13724 1125
13725 3177
13726 905
13727 398
13728 3996
13729 3218
13730 2447
13731 3245
13732 4219
13733 2580
13734 3223
13735 1046
13736 1540
13737 1002
13738 915
13739 2891
13740 3151
13741 1033
13742 436
13743 1349
13744 2744 3939
13745 809
13746 3579
13747 3401
13748 3217
13749 1722
13750 3995
13751 398
13752 1346
13753 4389
13754 1520
13755 258
13756 4396
13757 757
13758 1220
13759 295
13760 1642
13761 2756
13762 801
13763 2351
13764 3427
13765 4426
13766 2057
13767 2273
13768 2618
13769 2095
13770 3790
13771 2032
13772 4247
13773 2151
13774 3209
13775 1498 1602 3021
13776 2024
13777 4199
13778 1342
13779 921
13780 3420
13781 3325
13782 859
13783 919
13784 934
13785 4004
13786 3005
13787 3670
13788 2056
13789 3009
13790 2062
13791 470
13792 2810
13793 3277
13794 4353
13795 130
13796 958
13797 3938
13798 682
13799 2559
13800 2785
13801 260
13802 4438
13803 3091
13804 470
13805 276
13806 3575
13807 3012
13808 2467
13809 1685 2895 2901 2916
13810 2700
13811 3012
13812 4404
13813 2330 3059
13814 2111
13815 2873
13816 2207
13817 3858
13818 3209
13819 3224
13820 3632
13821 1189
13822 899
13823 2626
13824 2042
13825 4223
13826 141
13827 1636
13828 2248
13829 1503 2557
13830 1139
13831 3219
13832 3763
13833 782
13834 3186
13835 2574
13836 4208
13837 1717
13838 2387
13839 3935
13840 2661
13841 2986
13842 800
13843 1075
13844 492
13845 2843
13846 333
13847 3284
13848 1539
13849 1367
13850 1321
13851 980 1326 3308
13852 3361
13853 4441
13854 1547
13855 1070 2415
13856 748
13857 3472
13858 2456
13859 4396
13860 3427
13861 1038
13862 954
13863 527
13864 1115
13865 479
13866 411
13867 3950
13868 4213
13869 1354
13870 1050
13871 166
13872 783 2980
13873 1346
13874 1902
13875 654
13876 3118
13877 3485
13878 3860
13879 2864
13880 2494
13881 2062
13882 3627
13883 737 1446 2044
13884 783
13885 685
13886 2770
13887 3190
13888 747
13889 3177
13890 615
13891 3298
13892 2840
13893 2710
13894 3216
13895 3801
13896 1596
13897 3126
13898 1399
13899 3756
13900 1427
13901 395
13902 1159
13903 6
13904 2189
13905 2158
13906 3917
13907 2057
13908 2486
13909 784
13910 2523
13911 2741
13912 3553
13913 959
13914 3229
13915 3665
13916 4297
13917 82
13918 1875
13919 3215
13920 4091
13921 2813
13922 2825
13923 3441
13924 3896
13925 1226
13926 3207
13927 2578
13928 1800
13929 3934
13930 3598
13931 128 3384
13932 1048
13933 402
13934 211
13935 1672
13936 1229
13937 1342
13938 2699
13939 542
13940 935
13941 2321
13942 190
13943 921
13944 1093
13945 2810
13946 307
13947 3892
13948 3138
13949 1216
13950 3588
13951 3490
13952 2801
13953 1368
13954 608
13955 628
13956 1163
13957 4082
13958 3171
13959 2684
13960 473
13961 554
13962 1139
13963 702
13964 4353
13965 3633
13966 4295
13967 2816
13968 1538
13969 1883
13970 1955
13971 3894
13972 2699
13973 3340
13974 3312
13975 3856
13976 3194
13977 3709
13978 859
13979 3778
13980 4053
13981 3217
13982 3955
13983 1039 2677 2786
13984 1522
13985 1747
13986 3001
13987 3354
13988 3381
13989 1025 1545 1595 3275
13990 1346
13991 4407
13992 3257
13993 2483
13994 4120
13995 2707
13996 4486
13997 3470
13998 552
13999 3946
14000 2420
14001 1093
14002 1221
14003 4417
14004 1146
14005 2459 2521
14006 1148
14007 1707
14008 2086
14009 3203
14010 3581
14011 1989
14012 126
14013 2699
14014 658
14015 1021
14016 3039 3087 4348
14017 2856
14018 2876
14019 1719
14020 2175
14021 1395
14022 3320
14023 969
14024 3217
14025 2858
14026 2964
14027 2770
14028 4449
14029 2856
14030 655
14031 2726
14032 3754
14033 2024
14034 2307
14035 4476
14036 1492
14037 1808
14038 1818
14039 225
14040 820
14041 2858
14042 2174
14043 2666
14044 1613
14045 1130
14046 2737
14047 2913
14048 1338
14049 3754
14050 429
14051 3415
14052 396
14053 786
14054 721
14055 390
14056 698
14057 3188
14058 2628
14059 3427
14060 1522
14061 229 390 733
14062 2796
14063 2973
14064 4055
14065 737
14066 639
14067 676
14068 1303 1987
14069 473
14070 2950
14071 1968
14072 972
14073 127
14074 3435
14075 1542
14076 3308
14077 905
14078 2922
14079 4117
14080 2286
14081 882
14082 2651
14083 3865
14084 2218
14085 2233
14086 1222
14087 3791
14088 4060
14089 4313
14090 1385
14091 2177
14092 3335
14093 654
14094 1852
14095 2659
14096 258
14097 1044
14098 4002
14099 3986
14100 327
14101 2331
14102 3452
14103 2009 2984
14104 851
14105 3190
14106 3690
14107 3332
14108 202
14109 4300
14110 1510
14111 1908
14112 1965
14113 741
14114 412
14115 3415
14116 2840
14117 1993
14118 2412
14119 1198
14120 515
14121 3214
14122 3110
14123 2393
14124 2765
14125 320
14126 965
14127 57
14128 1498
14129 1494
14130 4093
14131 975
14132 2520
14133 682
14134 17 2858
14135 1130
14136 1943
14137 2705
14138 3209
14139 863
14140 671
14141 2606
14142 3947
14143 3842
14144 1428
14145 1492
14146 2001
14147 3902
14148 3436
14149 3617
14150 3154
14151 3576
14152 3427 3754
14153 4476
14154 682
14155 2246
14156 3322
14157 3736
14158 3200
14159 269
14160 3190
14161 3209
14162 991
14163 4062
14164 1797
14165 2365
14166 3880
14167 97
14168 3436
14169 1176
14170 3950
14171 1201
14172 733
14173 793
14174 3567
14175 2510
14176 283
14177 1940
14178 454
14179 3204
14180 3795
14181 708
14182 3547
14183 57
14184 1144
14185 365
14186 78
14187 4148 4204
14188 268
14189 3120
14190 2420
14191 5
14192 1961
14193 3386
14194 3232
14195 34
14196 3300
14197 3377
14198 3754
14199 92
14200 3834
14201 3370
14202 4304
14203 205
14204 3210
14205 233
14206 4309
14207 3262
14208 1719
14209 436
14210 1798
14211 3932 4385
14212 2116
14213 3421
14214 4432
14215 1419
14216 188
14217 2199
14218 3582
14219 4193
14220 1990
14221 2992
14222 3189
14223 876 1257
14224 552 719
14225 1316
14226 1348
14227 2107
14228 888
14229 2941
14230 611
14231 1958
14232 3383
14233 896
14234 2063
14235 1513
14236 123
14237 1081
14238 609
14239 3754
14240 1600
14241 2074
14242 2856
14243 338 342
14244 4151
14245 1867
14246 3204
14247 3287
14248 316
14249 3864
14250 11
14251 2271
14252 3118
14253 2727
14254 129
14255 4263
14256 3138
14257 884
14258 1573
14259 3200
14260 623
14261 55
14262 401
14263 1111
14264 3422
14265 1524
14266 461
14267 1043
14268 3680
14269 1910
14270 822
14271 3298
14272 4349
14273 4034
14274 1280
14275 4415
14276 772
14277 3758
14278 2095
14279 2232
14280 352
14281 1892
14282 666
14283 118
14284 939
14285 2866
14286 3490
14287 4184
14288 1171
14289 876
14290 933
14291 2777
14292 3209
14293 1563
14294 3542
14295 1029 2559 2689
14296 2537 2567 2578
14297 2322
14298 1029 2574
14299 810
14300 1074
14301 4225
14302 2627
14303 2343
14304 305
14305 3257
14306 2022
14307 743
14308 4193
14309 3690
14310 2057
14311 1069
14312 1628
14313 1934
14314 3091
14315 3939
14316 3522
14317 114
14318 1431
14319 1138
14320 966
14321 999
14322 431
14323 1455 1755 2499
14324 2739
14325 763
14326 2621
14327 2518
14328 3106
14329 997
14330 4306
14331 3499
14332 270
14333 700
14334 754
14335 1636
14336 3218
14337 3552
14338 1377
14339 1058
14340 1743
14341 4110
14342 1869
14343 3113
14344 2715
14345 2522
14346 3868
14347 1707
14348 1337
14349 725
14350 3201
14351 3322
14352 2771
14353 3542
14354 2722
14355 1052
14356 2905
14357 561
14358 3218
14359 4124
14360 1199
14361 1777
14362 2001
14363 809
14364 3805
14365 2016
14366 4339
14367 321
14368 3200
14369 1391
14370 934
14371 2044
14372 303 536
14373 3280
14374 3217
14375 1457
14376 2044
14377 2601
14378 4292
14379 1912
14380 3418
14381 3901
14382 2600
14383 3001
14384 1811
14385 1804
14386 3684
14387 3190
14388 934
14389 4439
14390 1229
14391 1527
14392 3812
14393 4040
14394 4397
14395 1118
14396 4429
14397 4150
14398 3218
14399 1474
14400 3156
14401 1324
14402 3486
14403 154
14404 3659
14405 324
14406 1572
14407 3828
14408 2643
14409 2568
14410 2784
14411 3369
14412 3151
14413 290
14414 799
14415 1007
14416 3268
14417 436
14418 3960
14419 3838
14420 3125
14421 567
14422 4173
14423 4298
14424 3514
14425 2967
14426 2815
14427 2796
14428 286
14429 1455 4162 4262
14430 2791
14431 123 2901
14432 2352
14433 3113
14434 3499
14435 2929
14436 50
14437 2578
14438 113
14439 3702
14440 857
14441 859
14442 575
14443 2492
14444 412
14445 3244
14446 1899
14447 2626
14448 3987
14449 2038
14450 3734
14451 3622
14452 736
14453 4214
14454 3200
14455 695
14456 409
14457 3545
14458 802
14459 733
14460 766
14461 7
14462 2503 2747
14463 3039
14464 680 1898
14465 3207
14466 4467
14467 1418
14468 1454
14469 3295
14470 195
14471 3190
14472 132
14473 1524
14474 734 2756
14475 349
14476 1690
14477 4340
14478 3931
14479 1685
14480 2216
14481 2798
14482 2715 3542
14483 3290 4183
14484 2675
14485 1895
14486 3381
14487 3838
14488 1955
14489 3209
14490 2951 2964 2967 3098
14491 2842
14492 3229
14493 2816
14494 943 2907
14495 2756
14496 874 4080
14497 2012
14498 4014
14499 3968
14500 3013
14501 4315
14502 3567
14503 3157
14504 3501
14505 4456
14506 1883
14507 1612
14508 2957
14509 3677
14510 2308
14511 3208
14512 1337
14513 289
14514 3439
14515 976
14516 2967
14517 429
14518 3896
14519 1316
14520 141
14521 3342
14522 3986
14523 2084
14524 2802
14525 190
14526 987 1246
14527 4393
14528 3528
14529 3212
14530 2134
14531 2520 2975
14532 1372
14533 2971
14534 291
14535 1358
14536 4380
14537 2737
14538 4465
14539 1699
14540 1987
14541 3209
14542 1533
14543 3665
14544 1236
14545 3102
14546 3930
14547 4169
14548 2780
14549 531
14550 3259
14551 4415
14552 2760
14553 3301
14554 387
14555 3182
14556 3726
14557 949
14558 4286
14559 4457
14560 3060
14561 346 733 1940 3495
14562 1207
14563 2387 3123
14564 3590
14565 294
14566 444
14567 3464
14568 1060
14569 2177
14570 4490
14571 3915
14572 671 3016
14573 793
14574 1322
14575 3729
14576 2147 3215
14577 357
14578 2921 2950
14579 3342
14580 327
14581 3651 3664 3912 3978
14582 1955
14583 1165
14584 238 3499
14585 1333
14586 3989
14587 713
14588 1347
14589 2196
14590 364
14591 139
14592 1144
14593 4120
14594 3572
14595 3188
14596 297
14597 2001
14598 3379
14599 1442
14600 3842
14601 3837
14602 1342
14603 1944
14604 2382
14605 1092
14606 733 1501 3025 4384
14607 3788
14608 661
14609 560
14610 2707
14611 4167
14612 3489
14613 4483
14614 4148
14615 1236
14616 2702
14617 1060
14618 2554 3425
14619 3844
14620 1316
14621 2750
14622 3438
14623 1182
14624 736
14625 21
14626 785
14627 4238
14628 734 3227
14629 639
14630 211 1687
14631 2287
14632 3976
14633 1628
14634 1982
14635 2488
14636 2552
14637 3186
14638 875
14639 1726
14640 1940
14641 460
14642 3139
14643 2174
14644 1786
14645 1767
14646 655
14647 2589
14648 1783
14649 2702
14650 2083
14651 2799
14652 4109
14653 1798
14654 667
14655 3851
14656 1150
14657 1509
14658 3387
14659 2024
14660 684
14661 894
14662 1206
14663 609
14664 1340
14665 2502
14666 1612
14667 3665
14668 281
14669 1551 1892
14670 3441
14671 3002
14672 4315
14673 515
14674 3800
14675 2870
14676 2305
14677 3209
14678 2748
14679 4416
14680 3681
14681 3808
14682 2031
14683 1180
14684 3636
14685 254
14686 1420
14687 795
14688 2636
14689 330
14690 4288
14691 4074
14692 2008
14693 3970
14694 4416
14695 2980
14696 3960
14697 3509
14698 2954
14699 1940
14700 323
14701 3831
14702 2067
14703 1060
14704 212 315
14705 1021
14706 2967
14707 692
14708 1285
14709 3074
14710 2946
14711 4025
14712 4191
14713 1956
14714 3888
14715 4278
14716 309
14717 2474
14718 1469
14719 3721
14720 2214
14721 3670
14722 173 2044
14723 1011
14724 2876
14725 3217
14726 263 1700 1894 2901
14727 3645
14728 2608
14729 3631
14730 1299
14731 730 1414 1845 1934 1960
14732 2836
14733 669
14734 4225
14735 3325
14736 3809
14737 1992
14738 3619
14739 1678
14740 2515
14741 2177
14742 560
14743 4220
14744 3215
14745 3796
14746 3019
14747 3509
14748 3426
14749 1780
14750 1428
14751 3959
14752 1854
14753 1792 2267
14754 1048
14755 4155
14756 3366
14757 3506
14758 387
14759 2397
14760 3208
14761 1950
14762 1872 2453
14763 3920
14764 1955
14765 281
14766 915
14767 784
14768 2702
14769 2926
14770 902
14771 4475
14772 927
14773 3021
14774 761
14775 2178
14776 870
14777 3907
14778 3182
14779 1028
14780 1915
14781 3049
14782 3733
14783 3632
14784 2663
14785 2962
14786 73
14787 738
14788 1493
14789 1463 1469 4348
14790 2727
14791 3132
14792 2488
14793 3953
14794 3130
14795 2641
14796 4094
14797 1002
14798 3441
14799 1206
14800 1566
14801 3217
14802 4123
14803 1341
14804 248
14805 4236
14806 412
14807 3419
14808 462
14809 3786
14810 3982
14811 1636
14812 894
14813 390
14814 1039
14815 1927
14816 2421
14817 3064
14818 2876
14819 1343
14820 3694
14821 3222
14822 4247
14823 1336
14824 3482
14825 3779
14826 1681
14827 3631 4211
14828 2676
14829 2963
14830 1277
14831 1033
14832 3717 4161
14833 692
14834 3147
14835 2966
14836 3988
14837 611
14838 4195
14839 442
14840 2400
14841 3946
14842 1036
14843 1814
14844 3686
14845 3425
14846 2927 3857
14847 2062
14848 2421
14849 3758
14850 3173
14851 864
14852 80
14853 1393
14854 2473
14855 311
14856 1435
14857 1167
14858 385 2506
14859 2015
14860 2715
14861 2324
14862 2340
14863 4300
14864 150
14865 2022
14866 3200
14867 1331
14868 4212
14869 2992
14870 1136
14871 3647
14872 1659
14873 3436
14874 248
14875 3737
14876 1571
14877 52
14878 2864
14879 2074
14880 867
14881 617 976 1539 1833 2910
14882 3219
14883 3637 3976
14884 2801
14885 3416
14886 3891
14887 1097
14888 3911
14889 4396
14890 1236
14891 2936
14892 4391
14893 3246
14894 3391
14895 1135
14896 3736
14897 1137
14898 1193
14899 973
14900 171
14901 1677
14902 1383
14903 3922
14904 3441
14905 3194
14906 4395
14907 3245
14908 917
14909 2718
14910 528
14911 2672
14912 2196
14913 4243
14914 1536
14915 1463
14916 3216
14917 1447
14918 1231
14919 367
14920 2690
14921 2574
14922 1469
14923 3892
14924 3347
14925 4054
14926 339
14927 3373
14928 1628
14929 3587
14930 1503
14931 974 2084
14932 2313 2785
14933 4204
14934 626
14935 2616
14936 3172
14937 57
14938 1434
14939 3536
14940 1267
14941 2666
14942 1407
14943 3683
14944 4485
14945 3675
14946 2950
14947 1646
14948 2563 3419
14949 2993
14950 2901
14951 419
14952 2268 2605
14953 1458
14954 2881
14955 3903
14956 2773
14957 1656
14958 1
14959 2864
14960 2524
14961 2686
14962 940
14963 630
14964 4024
14965 489
14966 27
14967 903
14968 3717
14969 312
14970 3188
14971 820
14972 2062
14973 2096
14974 2707
14975 2166
14976 396
14977 386 2602
14978 2490 2660 2812
14979 3022
14980 3297
14981 4257
14982 2328
14983 1941
14984 3670
14985 3880
14986 351 1657 3217
14987 3142
14988 2699
14989 3408
14990 530
14991 4009
14992 1303
14993 2337
14994 1763 3843
14995 3903
14996 2796 4423
14997 1468
14998 779
14999 3855
15000 2134
15001 935
15002 2327
15003 2874
15004 473 3305
15005 3269
15006 655
15007 2095
15008 2001
15009 3844
15010 591
15011 742
15012 551
15013 3690 3839
15014 2482
15015 3000
15016 4145
15017 794
15018 2901
15019 2743
15020 2699
15021 1274
15022 4256
15023 263 2937 2984
15024 2331
15025 15
15026 3484
15027 3808
15028 405 4179
15029 3213
15030 2660
15031 614
15032 1299
15033 2250
15034 3930
15035 3518
15036 1575
15037 379
15038 2821
15039 557
15040 1853
15041 3003
15042 227
15043 987
15044 3576
15045 1500
15046 3331
15047 3808
15048 3260
15049 2538
15050 1796
15051 2795
15052 2958
15053 1894
15054 2053
15055 2295
15056 546
15057 497 3721
15058 2937
15059 4074
15060 2770
15061 505
15062 933
15063 565
15064 3661
15065 629
15066 3592
15067 2842
15068 2415
15069 2571
15070 4343
15071 294
15072 1558
15073 3134
15074 1609
15075 1060
15076 2064
15077 905
15078 3190
15079 3029
15080 2399
15081 3310
15082 913
15083 203
15084 3797
15085 2651
15086 3136
15087 2461
15088 1345
15089 2809
15090 3210
15091 2747 3157
15092 3894
15093 947
15094 4293
15095 652
15096 3179
15097 4466
15098 399
15099 1591
15100 4173
15101 429
15102 3249
15103 2935
15104 3828
15105 860
15106 3600
15107 1810
15108 1752
15109 1010
15110 712
15111 2874
15112 1376
15113 737
15114 4
15115 2018
15116 984
15117 489 593
15118 658
15119 3718
15120 369
15121 2260
15122 470
15123 1007 3569
15124 1102
15125 3861
15126 2404
15127 2733
15128 2552
15129 555 2668
15130 3325
15131 3518
15132 541
15133 3708
15134 211 2960
15135 3313
15136 2135
15137 4283
15138 2845
15139 867
15140 3976
15141 27
15142 3631
15143 2146
15144 454
15145 3136
15146 3804
15147 3543
15148 376
15149 733
15150 3632
15151 2237
15152 3972
15153 539 1254
15154 3218
15155 1042
15156 1233
15157 1539 2081 2732
15158 963
15159 3881
15160 4404
15161 2966
15162 2966
15163 3934 4211
15164 2810
15165 142 705
15166 4151
15167 798
15168 3209
15169 3298
15170 4073
15171 4138
15172 791
15173 4215
15174 2208
15175 4315
15176 3904
15177 276
15178 4435
15179 538
15180 294
15181 2415
15182 2955
15183 2371
15184 1769
15185 1797
15186 1030
15187 2541
15188 1182
15189 2716
15190 2706 3758
15191 2465
15192 1178 3019
15193 1609
15194 4082
15195 877
15196 3540
15197 342
15198 2998
15199 702
15200 1182
15201 1130
15202 4150
15203 1254
15204 2864
15205 318
15206 177
15207 1148
15208 377
15209 3739
15210 3661
15211 976
15212 3986
15213 3278
15214 4161
15215 2993
15216 3209
15217 866
15218 2044
15219 2523
15220 2862
15221 701
15222 1015
15223 4218
15224 4162
15225 3687
15226 158
15227 793
15228 1425
15229 1100
15230 1558
15231 1684
15232 2191
15233 4255
15234 2808 3137
15235 2332
15236 719
15237 3154
15238 1461
15239 737
15240 3554
15241 2144 2395 3931
15242 3964
15243 3108
15244 1793
15245 1335
15246 636
15247 1118
15248 1208
15249 1484
15250 3610
15251 659
15252 2057
15253 527 733
15254 3710
15255 541
15256 3323
15257 3472
15258 1112
15259 3250
15260 3824
15261 3927
15262 2935
15263 3457
15264 4124
15265 3324
15266 263 1702
15267 943 2365 2919
15268 4306
15269 1520
15270 1221
15271 757
15272 2912 2939
15273 1919
15274 1639
15275 4174
15276 1082
15277 1339
15278 327
15279 1335
15280 3094
15281 3474
15282 1592
15283 902
15284 1665
15285 3108 4081
15286 437
15287 1648
15288 3209
15289 174
15290 719
15291 1469 2475 2891
15292 1989
15293 1955
15294 535
15295 3190
15296 822
15297 2892
15298 1213
15299 4416
15300 4043
15301 1111
15302 2319
15303 134
15304 1008
15305 470 532
15306 3702
15307 2808
15308 3021
15309 990
15310 1418
15311 3283
15312 2552
15313 2950
15314 3754
15315 4113
15316 1447
15317 1584
15318 2873
15319 377
15320 2660
15321 854
15322 3359
15323 3763
15324 2579
15325 3687
15326 109
15327 2562
15328 1341
15329 4065
15330 2300
15331 4143
15332 2993
15333 2235
15334 2095
15335 4182
15336 1021
15337 2994
15338 3410
15339 4441
15340 1469
15341 1595
15342 1036
15343 1048
15344 1311
15345 4428
15346 3459
15347 1750
15348 585
15349 2316
15350 2404
15351 82
15352 2993
15353 311
15354 2851
15355 42
15356 4356
15357 2847
15358 1862
15359 2290
15360 2564
15361 3972
15362 2364
15363 4297
15364 2235
15365 1680 1681 2969
15366 2246
15367 1811
15368 3425
15369 2963
15370 4102
15371 78
15372 1195
15373 3714
15374 907
15375 3381
15376 394
15377 63
15378 24
15379 3572
15380 2571
15381 4250
15382 587
15383 300
15384 2086
15385 3663
15386 734 2520
15387 2223
15388 1595 4263
15389 1236
15390 3713
15391 3444
15392 2215
15393 3666
15394 4029
15395 1454 1797
15396 3383
15397 939
15398 1082
15399 3598
15400 4173
15401 3206
15402 4115
15403 1036
15404 473
15405 733
15406 3481
15407 3402
15408 101
15409 1786
15410 3409
15411 3567
15412 246
15413 1683
15414 429
15415 951
15416 2950
15417 1368
15418 282
15419 2982
15420 1648
15421 122
15422 2023
15423 4076
15424 3876
15425 4484
15426 2322
15427 2320
15428 3190
15429 3765
15430 1202
15431 1680
15432 3949
15433 3997
15434 2986
15435 3975
15436 1434
15437 3238
15438 1627
15439 210
15440 2766
15441 2036
15442 2837
15443 2295
15444 303
15445 3570
15446 351
15447 301
15448 648
15449 641
15450 485
15451 1524
15452 4284
15453 1703
15454 4278
15455 2044
15456 3648
15457 2562
15458 4028
15459 4221
15460 2048
15461 905
15462 4382
15463 2918
15464 2802
15465 2451 2739
15466 2722
15467 1524
15468 447
15469 3543
15470 1637
15471 2561
15472 3316
15473 2456
15474 3856
15475 617
15476 3275
15477 656
15478 140
15479 3870
15480 1492 4302
15481 3565
15482 3790
15483 4295
15484 1111
15485 2565
15486 1896
15487 1028
15488 3583
15489 3927
15490 919
15491 3471
15492 3868
15493 3064
15494 655
15495 1236
15496 515
15497 1814
15498 412
15499 3595
15500 2295
15501 4067
15502 85
15503 3865
15504 1349
15505 3284
15506 2546
15507 4298
15508 4151
15509 1074
15510 802
15511 1815
15512 2258
15513 2720
15514 3277
15515 2407
15516 4277
15517 2636
15518 4466
15519 1088
15520 802
15521 1795
15522 802
15523 2012
15524 2699
15525 2992
15526 3095
15527 280
15528 2808
15529 1631
15530 656 1316 2959
15531 4085
15532 4034
15533 1119
15534 3372
15535 3070
15536 2084
15537 1270
15538 2572
15539 3756
15540 1609
15541 467
15542 1876
15543 3035
15544 1425
15545 2984 2984
15546 657
15547 1498
15548 1113
15549 3949
15550 4061
15551 2327
15552 2292
15553 3248
15554 2014
15555 428
15556 2593
15557 2573
15558 2618
15559 1839
15560 3201
15561 733
15562 4035
15563 3454
15564 2783
15565 4326
15566 2666
15567 3955
15568 1540
15569 4095
15570 3388
15571 2011
15572 1465
15573 3113
15574 4256
15575 342 3226 4430
15576 112
15577 3763
15578 884
15579 2654
15580 510
15581 2202
15582 41
15583 893
15584 1100
15585 1763
15586 533
15587 2318
15588 3245
15589 3456
15590 914
15591 1993
15592 4119
15593 3901
15594 2992
15595 3038
15596 1318
15597 2086
15598 3048
15599 3383
15600 3991
15601 1626
15602 595
15603 2277
15604 1036
15605 2533 2534
15606 3216
15607 1176
15608 1145
15609 3496
15610 3302
15611 820
15612 4138
15613 1629
15614 61
15615 2420
15616 859
15617 2770
15618 396
15619 338 342
15620 1039
15621 10
15622 2793
15623 3463
15624 2658
15625 1242
15626 1163
15627 467
15628 109 3008 3008
15629 327
15630 1600
15631 154
15632 1657
15633 1894
15634 2062
15635 1249
15636 960
15637 2076
15638 1358
15639 3687
15640 2546
15641 3406
15642 2474
15643 733 2852 4171
15644 626
15645 1926
15646 3722
15647 541 3641
15648 225 3036
15649 2699
15650 2809
15651 4202
15652 3269
15653 3422
15654 2910
15655 588
15656 1797
15657 1932
15658 2901
15659 1058
15660 2226
15661 530
15662 2743
15663 4297
15664 3017
15665 387
15666 4457
15667 3495
15668 4296
15669 3712
15670 643
15671 591
15672 4356
15673 488
15674 1553 2950 2973 3158
15675 3218
15676 3157
15677 127
15678 3105 4491
15679 4083
15680 2057
15681 1179
15682 933
15683 2001
15684 1316
15685 682
15686 2498
15687 290 620 1795 1797 2007
15688 127
15689 2415
15690 3528
15691 952
15692 3201
15693 2090
15694 2073
15695 4294
15696 1598
15697 595
15698 3210
15699 2670
15700 3188
15701 2140
15702 1955
15703 3366
15704 2086
15705 3019
15706 2803
15707 3709
15708 566
15709 1420
15710 381 1932
15711 2688
15712 4228
15713 3793
15714 473
15715 4241
15716 259
15717 1830 1940 3193
15718 3882
15719 2601
15720 2007
15721 1216
15722 2366
15723 1180
15724 1469 2446
15725 1766 3858
15726 3453
15727 3663
15728 1425
15729 1833
15730 2963
15731 3208
15732 1892
15733 344
15734 2037
15735 25
15736 31
15737 3595
15738 501
15739 641
15740 3325
15741 2621
15742 844
15743 4259
15744 169
15745 1582 2901
15746 971
15747 3969
15748 1494
15749 721 2969
15750 376
15751 865
15752 3188
15753 4218
15754 4364
15755 2218 2255 2391
15756 624
15757 87 2976
15758 4467
15759 3048
15760 2762
15761 923
15762 3351
15763 3325
15764 2515
15765 470
15766 3040
15767 473
15768 2086
15769 2109
15770 3980
15771 1680
15772 187
15773 2848
15774 3489
15775 923
15776 3217
15777 3218
15778 1182
15779 3477
15780 2274
15781 3633
15782 658
15783 3100
15784 3
15785 2075 2954
15786 1216
15787 3154
15788 3108
15789 489
15790 1485
15791 1469 2661 2837 2923 2969
15792 4208
15793 1467 2909
15794 3217
15795 4083
15796 3182
15797 3309
15798 1147
15799 3428
15800 2991
15801 734 3294
15802 2565 3097
15803 2565
15804 170
15805 1017
15806 991
15807 3576
15808 2170 2299 3697
15809 1583
15810 898
15811 4000
15812 1205
15813 247
15814 2702
15815 3392
15816 3730
15817 2880
15818 1342
15819 1337
15820 1131
15821 3427
15822 3525
15823 394
15824 3216
15825 2531
15826 1573
15827 3979
15828 3728
15829 4257
15830 3000
15831 3367
15832 3422
15833 2891
15834 1492
15835 858
15836 497
15837 1348
15838 3212
15839 965
15840 1115
15841 2460
15842 4491
15843 3711
15844 3218
15845 2207
15846 894
15847 967
15848 1447
15849 1793
15850 202
15851 824
15852 4416
15853 737
15854 1163 1178
15855 1055
15856 2533 2908 3091
15857 3927
15858 463
15859 407
15860 2950
15861 2032
15862 3717
15863 1316
15864 677
15865 2623
15866 279 1721
15867 3871
15868 3833
15869 461
15870 2950
15871 3208
15872 3378
15873 919
15874 3137
15875 1624 1932
15876 1469
15877 2787
15878 1122
15879 1860
15880 202
15881 290 1457
15882 583
15883 3525
15884 3180
15885 2951 2969
15886 1431
15887 3754
15888 1860
15889 2483
15890 2194
15891 2929
15892 4414
15893 2090
15894 3187
15895 1665
15896 1450
15897 4344
15898 3255
15899 4043
15900 2577
15901 3093
15902 4366
15903 3213
15904 2286
15905 402
15906 447
15907 4343
15908 3250
15909 477
15910 1316
15911 3217
15912 1909 3674
15913 3740
15914 3951
15915 314
15916 3973
15917 1797
15918 1971
15919 1725
15920 2523
15921 2961
15922 3277
15923 2086
15924 1129
15925 1822
15926 793
15927 1135
15928 653
15929 3476
15930 3215
15931 3255
15932 2335 2984
15933 4391
15934 4028
15935 3264
15936 142 1585
15937 2685
15938 3421
15939 2775
15940 1446
15941 2835
15942 2101
15943 1240
15944 3840
15945 474 2966 3949 4145 4244
15946 3150
15947 4123
15948 3188
15949 1167
15950 2538
15951 2150
15952 3592
15953 142 1958
15954 1446
15955 4487
15956 2471
15957 876
15958 2389
15959 3211
15960 798
15961 3217
15962 1133
15963 4238
15964 2001
15965 3835
15966 1704
15967 3200
15968 1006
15969 2983
15970 3729
15971 1113
15972 3215
15973 2531
15974 2860
15975 969
15976 2268
15977 2373
15978 3200
15979 1871
15980 2347
15981 402
15982 807
15983 1259
15984 861
15985 2013
15986 3113
15987 3329
15988 2512
15989 1787
15990 1180
15991 2577
15992 634 1356
15993 3325
15994 2161
15995 4082
15996 2794
15997 2124
15998 877 3665
15999 3967
16000 296
16001 394
16002 1188
16003 1130
16004 2702
16005 3929
16006 905
16007 303
16008 574
16009 3891
16010 2398
16011 3614
16012 2983
16013 1447
16014 4390
16015 1349
16016 4177
16017 4221
16018 784
16019 1661
16020 3537
16021 3664
16022 2381
16023 2810
16024 2057
16025 363
16026 868
16027 2675
16028 2696
16029 816
16030 3217
16031 1169
16032 1436
16033 3411
16034 2786
16035 1769
16036 2741
16037 3178
16038 4408
16039 2939 2955
16040 3711
16041 690
16042 3896
16043 1390
16044 470
16045 3727
16046 3351
16047 2614
16048 3505
16049 3518
16050 3921
16051 2269
16052 382
16053 658
16054 608
16055 2723
16056 632 2719
16057 1377
16058 3991
16059 3892
16060 1371
16061 1612
16062 4478
16063 1423
16064 595
16065 315 338 339 1209
16066 3190
16067 3579
16068 1469 2340
16069 472 827 1009 1263
16070 4039
16071 3568
16072 2102
16073 634
16074 576
16075 3648
16076 2718
16077 1183
16078 3247
16079 3216
16080 2462 2808
16081 4036
16082 1299
16083 2055
16084 4422
16085 2722
16086 3283
16087 3460
16088 1641
16089 1650
16090 1170
16091 2218
16092 2501
16093 349 656 876 3690
16094 1202 2914
16095 2718
16096 1278
16097 3927
16098 3915
16099 2537
16100 1076
16101 669 3573
16102 1784
16103 4476
16104 1540
16105 4241
16106 1212 1418
16107 4026
16108 1642
16109 175
16110 908
16111 3583
16112 2681
16113 2938
16114 2533
16115 2485
16116 3441
16117 31
16118 737
16119 4397
16120 153
16121 35
16122 1573
16123 2972
16124 3381
16125 61
16126 3754
16127 3173
16128 1200 1200
16129 3628
16130 1795
16131 261
16132 3826
16133 2950 3190
16134 2614
16135 3115
16136 328
16137 2391
16138 3754
16139 3717
16140 2571
16141 2156
16142 1676
16143 1164
16144 2951 3064
16145 3176
16146 745 1054
16147 1643
16148 3451
16149 3517
16150 2804
16151 3912
16152 1035
16153 2144
16154 3048
16155 1163
16156 1968
16157 3097
16158 624
16159 3427
16160 3204
16161 432
16162 3707
16163 1042
16164 1025
16165 757 2955
16166 4428
16167 3715
16168 3718
16169 3383
16170 2504
16171 3201
16172 2875
16173 4099
16174 655
16175 853
16176 3987
16177 2132
16178 2898 3025
16179 1503
16180 3245
16181 761
16182 1457
16183 481
16184 1485
16185 118
16186 1689
16187 757
16188 106
16189 501
16190 584
16191 3963
16192 771
16193 3190
16194 737
16195 3262
16196 948
16197 1236
16198 2920
16199 4129
16200 3592
16201 4413
16202 4295
16203 4324
16204 2744
16205 3978
16206 3215
16207 4132
16208 2722
16209 3576
16210 3158
16211 4046
16212 3232
16213 4440
16214 1206
16215 1860
16216 3099
16217 905
16218 3838
16219 2415
16220 870
16221 1284
16222 1450
16223 862
16224 216
16225 3217
16226 2751
16227 176 1902
16228 2898
16229 1270
16230 1199 2951
16231 500
16232 4198
16233 2602
16234 3097
16235 3666
16236 3532
16237 323
16238 719
16239 290
16240 1681 4267
16241 4162
16242 943 1306
16243 2743
16244 1786
16245 4363
16246 1743
16247 1539
16248 3653 3665
16249 1903
16250 1471
16251 3295
16252 2631
16253 190
16254 3803
16255 85
16256 1219
16257 947
16258 3341
16259 3972
16260 820
16261 3827
16262 2994
16263 310
16264 1235
16265 1267
16266 381 2539
16267 149
16268 48
16269 3471
16270 3221
16271 653
16272 3746
16273 1772
16274 3665
16275 3594
16276 1883
16277 2808
16278 3188
16279 1236
16280 2526
16281 470 1253
16282 2403
16283 3986
16284 3348
16285 1257
16286 3119
16287 1099
16288 2095
16289 1359
16290 2960
16291 3115
16292 674
16293 1355
16294 3587
16295 5
16296 3736
16297 152
16298 164
16299 2516
16300 3624
16301 1681
16302 2605
16303 2128
16304 393
16305 3197
16306 2559
16307 2441
16308 1118
16309 979
16310 3583
16311 4028
16312 1073
16313 2160
16314 3653
16315 3972
16316 1207
16317 726
16318 4409
16319 198 1029 2188 3221
16320 3580
16321 1664
16322 4135
16323 4439
16324 3640
16325 4375
16326 1334
16327 3168
16328 854
16329 3025
16330 1239
16331 4032
16332 395
16333 1450
16334 3335
16335 1843
16336 4151
16337 2518
16338 3876
16339 2474
16340 3557
16341 3810
16342 1353
16343 2044
16344 3047
16345 386
16346 3056
16347 842
16348 2320
16349 3131
16350 4358
16351 1242
16352 2654
16353 933
16354 2143
16355 176
16356 454
16357 4152
16358 988
16359 52
16360 2955 2977 2984
16361 470
16362 3965
16363 3653
16364 3453
16365 669
16366 1450
16367 1215
16368 990
16369 2983
16370 4280
16371 1341
16372 2308
16373 2873
16374 1729
16375 2774
16376 3210
16377 690
16378 1748
16379 1814
16380 573
16381 2471
16382 655
16383 3327
16384 1910 2910 3008
16385 353
16386 473 3319
16387 1676
16388 2688
16389 4221
16390 470 934 1035 3332
16391 3217
16392 3974
16393 381 624
16394 793
16395 969
16396 538
16397 2144
16398 1357
16399 567
16400 1637
16401 814
16402 1115
16403 3526
16404 2112
16405 1426
16406 437
16407 2968
16408 3674
16409 3672
16410 3227
16411 1907
16412 1950
16413 1831
16414 1044
16415 541
16416 4457
16417 1190
16418 3218
16419 1872
16420 4436
16421 1763 3092 3690
16422 739
16423 1339
16424 2360
16425 2714
16426 1364
16427 118
16428 2982
16429 611
16430 665 734
16431 3959
16432 1126
16433 185
16434 2873
16435 3209
16436 301
16437 2337
16438 2001
16439 774
16440 3767
16441 2057
16442 2070
16443 921
16444 3179
16445 2062
16446 460 507 1469 2526 3029
16447 2517
16448 2096
16449 2975
16450 353
16451 126
16452 868
16453 2395
16454 3502
16455 58
16456 3506
16457 4382
16458 2150
16459 2501
16460 1121
16461 3011
16462 1105
16463 699
16464 155
16465 4436
16466 2612
16467 1569
16468 3234
16469 4447
16470 3255
16471 2810
16472 3044
16473 1605
16474 4434
16475 3340
16476 4199
16477 4166
16478 4083
16479 1771
16480 1981
16481 3000
16482 1132
16483 3604
16484 861
16485 4120
16486 2533 3218
16487 1236
16488 3422
16489 892
16490 3157
16491 4291
16492 714
16493 4359
16494 4074
16495 1381
16496 1236
16497 2809
16498 4369
16499 267
16500 4084
16501 2687
16502 2718
16503 3204
16504 4031
16505 1518
16506 1890
16507 908 1884 2371 2901
16508 3210
16509 4116
16510 3924
16511 106
16512 3540
16513 2339
16514 10
16515 3383
16516 941 1469
16517 2001
16518 2581
16519 294
16520 871
16521 1056
16522 2732
16523 766
16524 1223
16525 60
16526 2117
16527 2798
16528 2791 4042
16529 2357
16530 2998
16531 655
16532 2997
16533 2233
16534 1566
16535 3202
16536 81
16537 1926 2571 2908
16538 4408
16539 1423
16540 1818
16541 2291 3816
16542 2963
16543 3290
16544 3927
16545 2941
16546 4495
16547 1682
16548 4085
16549 677
16550 3020
16551 1469
16552 1585
16553 145
16554 844
16555 2522
16556 4366
16557 1155
16558 4462
16559 511
16560 844
16561 3383
16562 3151
16563 3167
16564 1314
16565 2178 2796
16566 2086
16567 4255
16568 470
16569 2278 4221
16570 3617
16571 2864
16572 2788
16573 3025
16574 407
16575 4173
16576 1031
16577 1167
16578 2073
16579 1870 4177
16580 2969
16581 2678
16582 3378
16583 3670 3961
16584 562
16585 2209
16586 2917
16587 2179
16588 934
16589 1521
16590 227
16591 3242
16592 2767
16593 2353
16594 2400
16595 3800
16596 3583 4447
16597 4062
16598 4491
16599 4148
16600 2967
16601 43
16602 3597
16603 2472 3250
16604 2061
16605 2075
16606 2509
16607 2330
16608 3240
16609 3761
16610 1659
16611 1781
16612 656
16613 1747
16614 1278 3419
16615 3244
16616 2103
16617 1137
16618 3726
16619 1866
16620 1709
16621 326
16622 1326
16623 2001
16624 137
16625 1508
16626 4080
16627 2222
16628 175
16629 3099
16630 760
16631 1505
16632 2967 3718
16633 4148
16634 4240
16635 1033
16636 3666
16637 3505
16638 2770
16639 3934
16640 3125 3160
16641 1235
16642 1187
16643 1212
16644 1721
16645 4079
16646 2001
16647 1320
16648 3060
16649 2497
16650 3204
16651 4390
16652 373 408 473 600 632 846 1070 1257 1291 1457 1463 1530 1622 1795 1797 1816 1932 2070
16653 1413
16654 3526
16655 874
16656 4204
16657 4380
16658 4124
16659 2274
16660 1530
16661 2844
16662 3542
16663 4227
16664 4107
16665 550
16666 4466
16667 3022
16668 2522
16669 3851
16670 4121
16671 1729
16672 2955
16673 516
16674 2963 2964
16675 2461
16676 655 3388
16677 958
16678 3218
16679 1434
16680 1037
16681 577
16682 308
16683 374
16684 1808
16685 2183
16686 3207
16687 3464
16688 1111
16689 1074
16690 2756
16691 2802
16692 2235
16693 4121
16694 1839
16695 3918
16696 3925
16697 2754
16698 2086
16699 4470
16700 1611
16701 541
16702 3836
16703 3607
16704 2848
16705 1107
16706 3219
16707 3340
16708 704
16709 4090
16710 521
16711 3394
16712 1006
16713 2718
16714 905
16715 3011
16716 492
16717 2390
16718 2266
16719 201
16720 4361
16721 3957
16722 2519
16723 2542
16724 1820
16725 35
16726 4372
16727 751
16728 3949
16729 2943
16730 131
16731 2971
16732 2364
16733 2861
16734 800
16735 372
16736 4029
16737 714
16738 2900
16739 931
16740 4146
16741 2527
16742 2963
16743 705
16744 3025
16745 1662
16746 460
16747 719
16748 89
16749 2950
16750 4347
16751 369 473
16752 2599
16753 2419
16754 1837
16755 3792
16756 3909
16757 1110
16758 561 2770
16759 1482
16760 3540
16761 691
16762 2315
16763 3328
16764 2023
16765 211 2969
16766 1445
16767 3569
16768 1123
16769 2644
16770 4161
16771 105
16772 3207
16773 2095
16774 63
16775 4161
16776 465
16777 1263
16778 365 4474
16779 665
16780 3266
16781 83
16782 2882
16783 3887
16784 1434
16785 4364
16786 3952
16787 4264
16788 1593
16789 2475
16790 893
16791 2631
16792 2618
16793 1736
16794 3748
16795 137
16796 669
16797 1468
16798 2218
16799 4188
16800 1357
16801 2358
16802 2281
16803 3000
16804 640
16805 2391
16806 2874
16807 2880
16808 4011
16809 1456
16810 521
16811 3319
16812 905
16813 3878
16814 3273
16815 4070
16816 4170
16817 3252
16818 182
16819 4480
16820 451
16821 3928
16822 437
16823 2545
16824 4022
16825 651
16826 3025
16827 3994
16828 3325
16829 4476
16830 936
16831 3099
16832 3147
16833 798
16834 3408
16835 3916
16836 1502
16837 1019
16838 2837
16839 3884
16840 1669
16841 879
16842 855
16843 3031
16844 2618
16845 394
16846 4112
16847 4082
16848 523
16849 479 521 4173
16850 577
16851 609
16852 3418
16853 3164
16854 890 1274 1545 1547 2714 3690
16855 1099
16856 2955
16857 3147
16858 2277
16859 2242
16860 3379
16861 123
16862 3521
16863 1047
16864 2086
16865 339
16866 1413
16867 2933
16868 1978
16869 1566
16870 4306
16871 3277
16872 3277
16873 2920
16874 1726
16875 2885
16876 2023
16877 1342
16878 2366 2446 2839
16879 4462
16880 1203
16881 1610
16882 4147
16883 3711
16884 2531
16885 1563
16886 4314
16887 1696 2979
16888 1713
16889 2712
16890 1824
16891 4423
16892 1831
16893 1164 1308
16894 106 342 394 784 986 2391 3674
16895 2486
16896 101
16897 2571
16898 3657
16899 1427
16900 1966
16901 512 4033
16902 1058
16903 768
16904 4239
16905 2900 2955 3657
16906 2700
16907 2332
16908 2081 2914 3030
16909 4239 4355
16910 1405
16911 3760
16912 933
16913 3895
16914 416
16915 1974
16916 522
16917 2687
16918 3157
16919 735
16920 882
16921 1199
16922 72
16923 3753
16924 134
16925 176
16926 3572
16927 2242
16928 4494
16929 2839
16930 3057
16931 36
16932 3836
16933 1
16934 3097
16935 3963
16936 1729
16937 2696
16938 2596
16939 4397
16940 585
16941 2660
16942 4118
16943 2482
16944 4194
16945 3705
16946 1135
16947 4323
16948 1455
16949 4031
16950 2034
16951 2916
16952 4177
16953 4074
16954 735
16955 1768
16956 2686 4348
16957 3628 3644
16958 197
16959 3654
16960 2523
16961 2601
16962 4095
16963 4298
16964 1937
16965 307
16966 1911
16967 2993
16968 1120
16969 1028
16970 4015
16971 3379
16972 2057
16973 3790
16974 757
16975 2837
16976 4091
16977 4165
16978 3895
16979 812
16980 3250
16981 4426
16982 1857
16983 1815
16984 2903 2917
16985 3997
16986 2867
16987 3209
16988 4072
16989 3209
16990 161
16991 2371
16992 2986
16993 402
16994 254
16995 1217
16996 11
16997 416
16998 2919 3052 4147 4179 4284
16999 2430
17000 204
17001 365
17002 1307
17003 711
17004 3270
17005 964
17006 3017
17007 2712
17008 2254
17009 356
17010 4306
17011 2453 2639
17012 3664
17013 3451
17014 2810
17015 2683
17016 2614
17017 1611
17018 2687
17019 2802
17020 3428
17021 3858
17022 4383
17023 2584
17024 1922
17025 600
17026 1393
17027 119
17028 3499
17029 999
17030 4122
17031 1069
17032 3458
17033 1069 2576
17034 2820
17035 3647
17036 1870
17037 4127
17038 2095
17039 1516
17040 3818
17041 1860
17042 3949
17043 4437
17044 2653
17045 2631
17046 2169
17047 175
17048 3610
17049 1786
17050 997
17051 26
17052 2521
17053 4087
17054 3463
17055 1478
17056 3029
17057 3277
17058 3150
17059 119 2675
17060 371
17061 67
17062 3180
17063 2086 2982
17064 1111
17065 955 1163 4347
17066 1584
17067 2477
17068 4419
17069 2450
17070 1342
17071 1628
17072 4123
17073 327 1052 1316 2680 3931
17074 4148
17075 801
17076 1833
17077 2912
17078 3213
17079 147
17080 1910
17081 3989
17082 1851
17083 1479
17084 1526
17085 4362
17086 3991
17087 3051
17088 2732
17089 2631
17090 763
17091 3289
17092 4131
17093 1558
17094 3704
17095 2829
17096 3968
17097 3416
17098 3125
17099 739
17100 2748
17101 1219
17102 1058
17103 2729
17104 2942
17105 2331
17106 3483
17107 976
17108 2699
17109 842 1070 2071 2950 3302
17110 692
17111 1619
17112 4475
17113 1311
17114 2960
17115 3669
17116 3458
17117 3922
17118 3666
17119 2703
17120 3008
17121 2801
17122 3770 4011
17123 1989
17124 921
17125 2851 3499
17126 1995
17127 3602
17128 3704
17129 3489
17130 1399 1926
17131 50
17132 341
17133 3935
17134 3815
17135 2660 2728
17136 1661
17137 156
17138 1111
17139 3099
17140 365
17141 3297
17142 1216
17143 3166
17144 1759
17145 1182
17146 2850
17147 1348
17148 3210
17149 2721
17150 654
17151 293 4127
17152 248
17153 3245
17154 4194
17155 4335
17156 2894
17157 3458
17158 2752
17159 2366
17160 2916
17161 2157
17162 1273
17163 281
17164 2095
17165 1948
17166 3510
17167 911
17168 1111
17169 1567
17170 3090
17171 2141
17172 1163
17173 990
17174 1672
17175 2526
17176 1060 1418 1602 1785 3651 4058
17177 3576
17178 895
17179 1540 2435 3013
17180 4088
17181 4033
17182 765
17183 819
17184 2044
17185 1862
17186 3084
17187 39
17188 2714
17189 3002
17190 3462
17191 1791
17192 1869
17193 327 2097
17194 2905
17195 1441
17196 1239
17197 1037
17198 1441 2483 3105
17199 113
17200 3186
17201 3771
17202 349
17203 3285
17204 1970
17205 1029
17206 3155
17207 1763
17208 3370
17209 1793
17210 3331
17211 1657 1705
17212 4208 4262
17213 2997
17214 3946
17215 1532
17216 2144
17217 3645
17218 2732
17219 228
17220 2776
17221 3935
17222 672
17223 3955
17224 1996
17225 135 2046 2527
17226 684
17227 2878
17228 1119
17229 3217
17230 3102
17231 1982
17232 2044
17233 2507
17234 2984
17235 2429
17236 3883
17237 3128 3225
17238 3621
17239 3976
17240 1202
17241 2530
17242 481
17243 2331
17244 4345
17245 2465
17246 1155
17247 2879
17248 2445
17249 3933
17250 3740
17251 3577
17252 3181
17253 2889
17254 1871
17255 3803
17256 1176
17257 2419
17258 3140
17259 2815
17260 2573
17261 2705
17262 1325
17263 1152
17264 2463
17265 4194
17266 3509
17267 3454
17268 3542
17269 2148
17270 4428
17271 962
17272 2522
17273 4123
17274 736
17275 3104
17276 4270
17277 2102
17278 1402
17279 2081
17280 3417
17281 240
17282 3245
17283 4325
17284 3619
17285 2777
17286 3576
17287 2845
17288 4077
17289 87
17290 88
17291 3632
17292 1869 4184 4302
17293 737
17294 1770
17295 531
17296 2873
17297 1774
17298 2001
17299 4233
17300 2267
17301 828
17302 1035
17303 611
17304 3289
17305 1692 2938 3336
17306 692
17307 3060
17308 675
17309 3355
17310 4119
17311 3173
17312 3777
17313 117
17314 3201
17315 3218
17316 3714
17317 2811
17318 1158
17319 3672
17320 337
17321 905
17322 979 1254
17323 4271
17324 2151
17325 733
17326 1469
17327 1411
17328 4373
17329 3772
17330 1308 2759
17331 3207
17332 1661
17333 254
17334 2012
17335 3325
17336 905
17337 14
17338 2348
17339 697
17340 4231
17341 1336
17342 2620
17343 784
17344 4451
17345 766
17346 1707 2672 2992 3933
17347 3666 4284
17348 3415
17349 3777
17350 3892
17351 1492
17352 1987
17353 1636 3008
17354 741
17355 4444
17356 4362
17357 4022
17358 94
17359 3770
17360 1469 3048
17361 3811
17362 1846
17363 3155
17364 2739
17365 2960
17366 1894 2642
17367 2095
17368 4213
17369 2746
17370 3217
17371 3324
17372 4290
17373 4086
17374 2600
17375 485
17376 905
17377 3257
17378 933
17379 3352
17380 1615
17381 909
17382 3180
17383 3908
17384 3988
17385 1496
17386 3209
17387 1700
17388 1074
17389 4315
17390 3188
17391 2988
17392 2694
17393 3227
17394 3179
17395 3034
17396 738
17397 1502
17398 2825
17399 3979
17400 473 793
17401 470 3464
17402 505 2640
17403 416
17404 3200
17405 2826
17406 10
17407 3048
17408 3665
17409 1272 3057 4184
17410 1584
17411 2964 4076
17412 1030
17413 1333
17414 1028
17415 1952
17416 2460
17417 4057
17418 20
17419 1928
17420 3638
17421 2214
17422 1902
17423 732
17424 3728
17425 867
17426 469
17427 2850
17428 2808
17429 3110 4447
17430 4180
17431 737
17432 3174
17433 3029
17434 1550
17435 2826
17436 1835
17437 470
17438 170
17439 167
17440 2574
17441 3280
17442 399
17443 802
17444 2917 2917
17445 118
17446 2763
17447 4448
17448 2627
17449 1397
17450 3608
17451 3284
17452 327
17453 2739
17454 3215
17455 3356
17456 3432
17457 338
17458 2961
17459 3358
17460 1064
17461 4334
17462 883
17463 1032
17464 4164
17465 1060
17466 2425
17467 324
17468 3633
17469 3450
17470 2001
17471 567
17472 2746
17473 3132
17474 3592
17475 4423
17476 350
17477 4255
17478 2881
17479 2910
17480 2992
17481 3518
17482 313
17483 867
17484 2847
17485 3973
17486 3311
17487 2929
17488 2606
17489 2462
17490 1858
17491 3832
17492 3353
17493 327
17494 2711
17495 3964
17496 1469
17497 2574
17498 583
17499 2737
17500 372 850
17501 990
17502 117
17503 3208
17504 1129
17505 2546
17506 4185
17507 3105
17508 3408 3631
17509 877
17510 669
17511 745
17512 513 3218
17513 2053
17514 2041
17515 1688
17516 4028
17517 1868
17518 1053
17519 1087
17520 1469
17521 3373
17522 326
17523 3935
17524 894
17525 1349
17526 420 501 1469
17527 4018
17528 2044
17529 231
17530 2950
17531 2874
17532 2090
17533 3964
17534 2695
17535 3219
17536 2914
17537 657
17538 3215
17539 4246
17540 1714
17541 2756
17542 4096
17543 1216
17544 1212 2107
17545 2373
17546 3005
17547 1523
17548 3280
17549 652
17550 2787
17551 3190
17552 2745
17553 2763
17554 3709
17555 3216
17556 1076
17557 1601
17558 2820
17559 3208
17560 2927 4169
17561 657
17562 4177
17563 974
17564 2467
17565 1640
17566 2786
17567 1444
17568 1853 3225
17569 3200
17570 3701
17571 429
17572 2526
17573 2992
17574 2904
17575 3212
17576 2170
17577 669
17578 376
17579 4368
17580 3181
17581 1522
17582 3190
17583 858 4151
17584 1235
17585 3846
17586 4173
17587 2481
17588 2448
17589 1348
17590 4359
17591 3618
17592 322
17593 1468
17594 3206
17595 754
17596 3519
17597 697 701
17598 4025
17599 1059
17600 2798
17601 2057
17602 1428 4306
17603 3959
17604 4389
17605 2208
17606 2874
17607 3411
17608 3670
17609 3423
17610 2529
17611 1311
17612 3790
17613 1588
17614 342
17615 542
17616 3188
17617 3721
17618 872
17619 1202
17620 1899
17621 40
17622 2557
17623 50
17624 3218
17625 451
17626 1206
17627 4436
17628 2991
17629 2966
17630 2029
17631 1878 1894
17632 2856
17633 2212
17634 706
17635 2439
17636 2810
17637 3792
17638 18
17639 3736
17640 2953
17641 3098
17642 281
17643 524
17644 3486
17645 2365
17646 515
17647 330
17648 566
17649 4334
17650 3754
17651 786
17652 4207
17653 284
17654 984
17655 2716
17656 2041
17657 2075
17658 688
17659 4372
17660 169
17661 372
17662 572
17663 4148
17664 3655
17665 4311
17666 474
17667 996
17668 3959
17669 3174
17670 2351
17671 1636
17672 444
17673 1566
17674 1215
17675 3440
17676 2293
17677 2344
17678 1822
17679 2591
17680 223
17681 3980
17682 3238 3251 3251
17683 1535
17684 338 3920
17685 4427
17686 3190
17687 3717
17688 127
17689 2387
17690 4088
17691 4138
17692 3490
17693 3180
17694 3675
17695 3209
17696 2984 2984
17697 10
17698 3789
17699 357
17700 3102
17701 4304
17702 3214
17703 3282
17704 797
17705 2247
17706 546 1661
17707 95
17708 3270
17709 2450
17710 1802
17711 3790
17712 120
17713 3211
17714 2044
17715 3324
17716 1141
17717 1446
17718 1469
17719 3427
17720 3305
17721 3106
17722 1932
17723 3997
17724 3691
17725 793
17726 3321
17727 3195
17728 1181
17729 3230
17730 3132
17731 2001
17732 3698
17733 842
17734 4291
17735 911
17736 966
17737 510
17738 2960
17739 1183
17740 3346
17741 844 3302 3305
17742 4234
17743 3719
17744 2313
17745 3245
17746 3977
17747 3890
17748 3137
17749 3293
17750 2913
17751 979
17752 3783
17753 3294
17754 3107
17755 2671
17756 1326 2950
17757 2074
17758 3441
17759 492
17760 804
17761 2875
17762 2537
17763 3052
17764 4302
17765 865
17766 2771
17767 1059
17768 1798
17769 3217
17770 3209
17771 4265
17772 2673
17773 271
17774 1600
17775 2013
17776 3525
17777 980
17778 4487
17779 919
17780 1578
17781 3426
17782 4255
17783 3111
17784 714
17785 4327
17786 4395
17787 1682
17788 3936
17789 4196
17790 971
17791 2750
17792 980
17793 3217 4073
17794 1522
17795 2627
17796 4385
17797 3318
17798 1932
17799 1152
17800 4207
17801 470
17802 537
17803 3993
17804 3868
17805 3078
17806 1065
17807 1488
17808 3653
17809 3318
17810 3828
17811 2471
17812 1814
17813 2006
17814 3935
17815 3769
17816 2949
17817 3426
17818 1134
17819 1316 3693
17820 3412
17821 401
17822 1999
17823 522
17824 3143
17825 3336
17826 778
17827 1873
17828 3165
17829 126
17830 2653
17831 1943
17832 808
17833 3413
17834 3188
17835 3631
17836 643
17837 2493
17838 1527
17839 2147 2744
17840 3210
17841 952
17842 1986
17843 4327
17844 296
17845 669
17846 3422
17847 2592
17848 1220
17849 4436
17850 2163
17851 1428
17852 642
17853 3514
17854 1357
17855 4221
17856 754 793 2808 2808
17857 4315
17858 1438
17859 1309
17860 2552
17861 118
17862 393
17863 783
17864 1469 1472
17865 4342
17866 1232
17867 1932 3312
17868 3270
17869 964
17870 1713
17871 1779
17872 1291
17873 3299 3302
17874 3718
17875 4295
17876 3925
17877 112
17878 270
17879 2463
17880 4275
17881 4318
17882 3181
17883 3795
17884 4432
17885 256
17886 2746
17887 955
17888 3960
17889 2678
17890 4047
17891 856
17892 624 1253 1591 3415
17893 1415
17894 1149
17895 3469
17896 3247
17897 3713
17898 3958
17899 3013
17900 684
17901 2415
17902 1441
17903 3656
17904 3979
17905 2714
17906 2886
17907 938
17908 2533
17909 2452
17910 2057
17911 2486
17912 2756
17913 3167
17914 478
17915 277
17916 372 1194 1254
17917 3706
17918 3327
17919 3892
17920 273 1934 2581
17921 2124
17922 3373
17923 3208
17924 1245
17925 1492
17926 3691
17927 228 1541 2653
17928 3691
17929 3633
17930 695
17931 3417
17932 706
17933 460
17934 4123
17935 3643
17936 1346
17937 2175
17938 630
17939 2062
17940 1061
17941 1137
17942 1455
17943 3476
17944 4328
17945 2569
17946 582
17947 2262
17948 636
17949 1211
17950 1328
17951 1206
17952 2066
17953 1778
17954 3954
17955 4086
17956 212
17957 3209
17958 2177
17959 3096
17960 3109
17961 3937
17962 4380
17963 3200
17964 639 2959
17965 1993
17966 623
17967 3209
17968 3454
17969 4120
17970 3352
17971 562
17972 3343
17973 2952
17974 3901
17975 2045
17976 390
17977 3633
17978 1797
17979 522
17980 3546
17981 3218
17982 3427
17983 327
17984 932 2668
17985 2393
17986 2807
17987 2697
17988 2828
17989 1892
17990 1131
17991 3716
17992 574
17993 2795
17994 339 684
17995 766
17996 1318
17997 3288
17998 2033
17999 2696
18000 2077
18001 3322
18002 1553
18003 3648
18004 3353
18005 3854
18006 2847
18007 3732
18008 3896
18009 3995
18010 964
18011 423
18012 866
18013 532
18014 3765
18015 1559
18016 415
18017 1656
18018 4447
18019 1091
18020 4496
18021 2394
18022 1720
18023 4161
18024 1074
18025 2440
18026 2564
18027 2614
18028 793
18029 2735
18030 453
18031 151 2255
18032 3812
18033 1192
18034 2824
18035 4374
18036 2417
18037 3474
18038 521
18039 1965
18040 2806
18041 1448
18042 3583
18043 682
18044 4012
18045 174 176 1457 2285 2532 2660
18046 552 1247 3036 3573 4047
18047 137
18048 3218
18049 3382
18050 2282
18051 3003
18052 3487
18053 3665
18054 592
18055 755
18056 3208
18057 785
18058 689
18059 1190
18060 3512
18061 3668
18062 1976
18063 4064
18064 3288
18065 2538
18066 2699
18067 1031
18068 3754
18069 3963
18070 3985
18071 2850
18072 3795
18073 2900 2901
18074 2520
18075 883 2756 3543
18076 2562
18077 1366
18078 2722
18079 714
18080 1745
18081 691
18082 993
18083 1621 4148
18084 3358
18085 4436
18086 4073
18087 1809
18088 3754
18089 1201 2188
18090 2057
18091 43
18092 921
18093 2299
18094 3245
18095 868
18096 1818
18097 477
18098 4444
18099 1236
18100 3113
18101 4397
18102 1465
18103 3000
18104 337
18105 2254
18106 990
18107 289
18108 3158
18109 2808
18110 3000
18111 2536
18112 705
18113 3624
18114 1064
18115 3762
18116 3838
18117 4126
18118 2582
18119 655
18120 915
18121 1478
18122 2525
18123 669 2678 3060 3354 3375 3382 3444 3628 3666 3690 3950
18124 3292
18125 785
18126 468
18127 721
18128 2618
18129 203
18130 36
18131 1822
18132 113
18133 1919
18134 4118
18135 2905
18136 2707
18137 3315
18138 1504
18139 3232
18140 2234
18141 2342
18142 4221
18143 883
18144 70
18145 526
18146 1480
18147 1138
18148 1907
18149 1046
18150 50
18151 3736
18152 1990
18153 1382
18154 3159
18155 2232
18156 1851
18157 3290
18158 3406
18159 3481
18160 3452
18161 1206
18162 2038 4123
18163 3213
18164 669
18165 954
18166 751
18167 182
18168 1595
18169 3013
18170 3243
18171 743
18172 755
18173 1239
18174 2808
18175 132
18176 861
18177 3114
18178 3722
18179 1405
18180 1163
18181 669
18182 294
18183 3097
18184 2707
18185 2501
18186 3925
18187 564
18188 191
18189 3091
18190 983
18191 3538
18192 3515
18193 3334
18194 2081
18195 4104
18196 1346
18197 4236
18198 3108
18199 2806
18200 923
18201 861
18202 1289
18203 2061
18204 1482
18205 655
18206 2716
18207 3157
18208 1310
18209 1278
18210 3465
18211 2186
18212 560
18213 1825
18214 2559
18215 1163
18216 4320
18217 1072
18218 921
18219 1183
18220 2220
18221 1593
18222 1993
18223 558
18224 2657
18225 2068
18226 3206
18227 3690
18228 1947
18229 2598
18230 4293
18231 523
18232 2559
18233 3633
18234 1398
18235 2665
18236 4344
18237 2871
18238 297 4020
18239 4412
18240 2395
18241 4457
18242 3049
18243 1648
18244 575
18245 1097
18246 344
18247 30
18248 217
18249 1018
18250 4203
18251 4034
18252 976 1926
18253 684
18254 452 937 2699 4188
18255 3234
18256 462
18257 1016
18258 1602
18259 2751
18260 3124
18261 2357
18262 875
18263 961
18264 522
18265 676
18266 3730
18267 1497
18268 3295
18269 3681
18270 2095
18271 2833
18272 3254
18273 4068
18274 1615
18275 4059
18276 3021
18277 4320
18278 3666
18279 2148
18280 733
18281 1768
18282 616
18283 2706
18284 394
18285 2403
18286 1198
18287 3914
18288 3331
18289 915
18290 435
18291 3071
18292 1553 1636 1892
18293 2808
18294 1114
18295 543
18296 1084
18297 821
18298 1115
18299 1046
18300 461
18301 3279
18302 103
18303 4330
18304 3407
18305 1803
18306 752 1299 1932 2315
18307 2267
18308 2765
18309 1128
18310 3714
18311 2261
18312 3216
18313 3250
18314 874
18315 26
18316 648
18317 3020
18318 3190
18319 168
18320 3718
18321 2081 2905 3013
18322 4368
18323 1038
18324 2371
18325 3132
18326 2139
18327 283
18328 1430
18329 1081
18330 397
18331 2303 2771 2851
18332 2321
18333 857
18334 4148
18335 1418 1940 3097
18336 1418
18337 470
18338 4113
18339 3325
18340 225 4268
18341 3190
18342 2910
18343 1777
18344 1441 4033
18345 3512
18346 1139
18347 479
18348 1083
18349 289
18350 727
18351 61
18352 2631
18353 1561
18354 2582
18355 3074
18356 2845
18357 3899
18358 2232
18359 1493
18360 317 624
18361 868
18362 791
18363 1033
18364 863
18365 2081
18366 409
18367 456
18368 1564
18369 1182
18370 1044
18371 5
18372 246 446
18373 3667
18374 3270
18375 3614
18376 2613
18377 3988
18378 844
18379 4094
18380 4392
18381 4141
18382 2222
18383 1147
18384 1705
18385 2049
18386 2550
18387 4138
18388 1707
18389 3157
18390 1933
18391 1763
18392 920
18393 2559
18394 2950
18395 2951
18396 1786
18397 947
18398 2248
18399 733
18400 4228
18401 1698
18402 2950
18403 1558
18404 1867
18405 225
18406 53
18407 677
18408 261
18409 1406
18410 2950
18411 730
18412 3285
18413 735
18414 4064
18415 1714
18416 1693 3664 3665
18417 2837
18418 209
18419 682
18420 401
18421 692
18422 4241
18423 3406 4148
18424 3243
18425 2963
18426 3505
18427 2431
18428 2515
18429 4100
18430 4303
18431 3224
18432 4406
18433 2653
18434 46
18435 1199
18436 2075
18437 4074
18438 4398
18439 1676
18440 2187
18441 1187
18442 3891
18443 1798
18444 40
18445 3950
18446 2621
18447 498
18448 2360
18449 1466
18450 52
18451 349 1164 3823 3931
18452 4067
18453 662
18454 1399 2916
18455 3594
18456 464
18457 793
18458 1875
18459 289
18460 3225
18461 3334
18462 840
18463 656
18464 367
18465 3106
18466 1498 2278 3421
18467 1235
18468 3551
18469 3618
18470 3674
18471 290
18472 533
18473 2209
18474 4156
18475 755
18476 939
18477 103
18478 3187
18479 1111
18480 3754
18481 4306
18482 3503
18483 3169
18484 3218
18485 3718
18486 1346
18487 4059
18488 3999
18489 2867
18490 1316
18491 1073
18492 623
18493 3422
18494 404
18495 719
18496 468 473
18497 3108
18498 3048
18499 3423
18500 3421
18501 3754
18502 1995
18503 1475
18504 3468
18505 347
18506 3025
18507 3594
18508 4086
18509 1914
18510 4485
18511 2968
18512 3486
18513 3808
18514 575
18515 87
18516 1498
18517 3665
18518 191
18519 3128
18520 2910
18521 2761
18522 1395
18523 4164
18524 2588
18525 3217
18526 152
18527 1334
18528 1111
18529 793
18530 364
18531 734 1133 1359 1784 3064 4148
18532 585
18533 14
18534 3776
18535 4199
18536 1539
18537 1574
18538 1348
18539 2629
18540 349
18541 4189
18542 2873
18543 3415 3664
18544 3209
18545 2739
18546 2567
18547 3550
18548 2235
18549 3218
18550 2478
18551 2963
18552 3901
18553 2643
18554 2403
18555 1143
18556 3463
18557 3022
18558 3576
18559 2158
18560 158
18561 2386
18562 2849
18563 3501
18564 565
18565 876
18566 2895
18567 2506
18568 4230
18569 3496
18570 3673
18571 1955
18572 3763
18573 1426
18574 1025
18575 3714
18576 541
18577 1763 2984 2992
18578 1989
18579 3488
18580 3000 4149
18581 3157
18582 292
18583 3684
18584 4475
18585 3797
18586 4164
18587 2942
18588 3981
18589 1385
18590 3209
18591 210
18592 541
18593 3003
18594 3026
18595 1774
18596 609
18597 1493
18598 1166 1678 3935
18599 4173
18600 2887
18601 3427
18602 757
18603 518
18604 4459
18605 947
18606 3260
18607 4480
18608 2653 2682
18609 236
18610 2920
18611 3239
18612 1563
18613 2561
18614 592
18615 669
18616 2916 2931
18617 1432
18618 1757
18619 3664 4491
18620 1534 3404
18621 1418
18622 1217
18623 4291
18624 169
18625 1173
18626 733 3583
18627 4078
18628 1661
18629 698
18630 470
18631 3299
18632 3228
18633 657
18634 2968
18635 737
18636 470
18637 142 3929 4035
18638 3828
18639 737
18640 1278 1563 2839 4173
18641 500
18642 1522
18643 576 3286
18644 784 1614
18645 3833
18646 1777
18647 2834
18648 2265
18649 2969 4268
18650 2548
18651 1370
18652 557
18653 479
18654 4390
18655 543
18656 3217
18657 746
18658 824
18659 3454
18660 3210
18661 59
18662 2960
18663 4263
18664 1386
18665 3551
18666 2474 4062
18667 3573
18668 1902
18669 290 2870
18670 3578
18671 3758
18672 2731
18673 2554
18674 800
18675 735
18676 447
18677 3158
18678 1201
18679 19 689 1694 2969
18680 1373
18681 4421
18682 3138
18683 4169 4204
18684 3539
18685 3048
18686 146
18687 3796
18688 631
18689 991
18690 2816
18691 3207
18692 2227
18693 366
18694 920
18695 1644
18696 3073
18697 4173
18698 876
18699 3456
18700 2454
18701 2761
18702 3710
18703 2732 4491
18704 26
18705 684
18706 1064
18707 860
18708 2279
18709 3677
18710 4126
18711 1901
18712 69 1693 2885 2904 3039 3049 3057 4348
18713 1218
18714 2873
18715 2777
18716 99
18717 3472
18718 3603
18719 1150
18720 1147
18721 2462
18722 2774
18723 3121
18724 1685
18725 1274
18726 3546
18727 24
18728 3618
18729 2028
18730 3145
18731 3470
18732 4272
18733 804
18734 139
18735 4075
18736 1962
18737 2439
18738 4011
18739 2552
18740 2357
18741 2125
18742 842 2557 2950 2984
18743 1663 2653
18744 3979
18745 4310
18746 2564
18747 639
18748 400
18749 429
18750 4272
18751 915
18752 1625
18753 351
18754 3126
18755 1222
18756 1283
18757 1339
18758 3617
18759 470
18760 2982
18761 2107
18762 3680
18763 2001
18764 1068
18765 2716
18766 737
18767 1674
18768 3045
18769 2968
18770 393
18771 552
18772 1784
18773 2057
18774 4248
18775 1806
18776 1043
18777 3213
18778 905
18779 1706
18780 3012
18781 4214
18782 228
18783 401
18784 3332
18785 2592
18786 3039
18787 26
18788 396
18789 3933
18790 2979
18791 2887
18792 2241
18793 3855
18794 420 1530 4416
18795 3864
18796 3296
18797 1527
18798 2315
18799 387 723 3290
18800 4469
18801 3229
18802 2244
18803 137
18804 1451
18805 4327
18806 378
18807 3361
18808 4180
18809 1316 3862
18810 990
18811 3738
18812 2653
18813 1323
18814 3732
18815 2159
18816 4179
18817 483
18818 2299 2410
18819 2440
18820 990
18821 4158
18822 1045
18823 3895
18824 4239
18825 1661
18826 146
18827 3200
18828 691
18829 531
18830 4429
18831 3630
18832 2001
18833 2313
18834 685
18835 3639
18836 1155
18837 2356
18838 3416
18839 684
18840 2666
18841 136
18842 3915
18843 2963
18844 1506
18845 925
18846 2817
18847 750
18848 636 1256
18849 3671
18850 4183
18851 3444
18852 1883
18853 2588
18854 3939
18855 1894
18856 3091
18857 2148
18858 2336
18859 69
18860 3922
18861 2502
18862 2905
18863 652
18864 2340
18865 3009
18866 2818
18867 2938
18868 4462
18869 2927
18870 2927
18871 655 684 2864
18872 1552
18873 2645
18874 2963
18875 2181
18876 584
18877 4303
18878 862
18879 4297
18880 2799
18881 894
18882 1469 2715 2751
18883 1446
18884 4151
18885 445
18886 3840
18887 1099
18888 2834
18889 737
18890 2062
18891 4321
18892 2401 2917 2969
18893 1357
18894 3142
18895 1314 2969
18896 797
18897 3240
18898 2424
18899 4204
18900 2062 2524
18901 387
18902 3203
18903 2012 2963 2992
18904 1613 1894
18905 3047
18906 4230
18907 2860
18908 4079
18909 1418
18910 1695
18911 1717
18912 4156
18913 2888
18914 3402
18915 2549
18916 638
18917 2548 2569 2591 2592 2678
18918 1846
18919 2537
18920 684
18921 2095
18922 1334
18923 284
18924 3402
18925 667
18926 3190
18927 3189
18928 2164
18929 2352
18930 4311
18931 2332
18932 1949
18933 1630
18934 1328
18935 3382 4266
18936 3347
18937 4128
18938 4445
18939 1564
18940 2832
18941 3656
18942 744
18943 3917
18944 3425
18945 3200
18946 2702
18947 4004
18948 445
18949 2950
18950 2214
18951 3843
18952 793
18953 3487
18954 3205
18955 883
18956 384
18957 4458
18958 1249
18959 1822
18960 2777
18961 3944
18962 1902
18963 1535
18964 2469
18965 4298
18966 688
18967 4292
18968 1502
18969 3880
18970 1883
18971 3986
18972 1504
18973 2496 2509
18974 800
18975 4365
18976 4278
18977 2565
18978 4186
18979 1613
18980 2343
18981 3902
18982 4008
18983 3188
18984 4021
18985 134
18986 876
18987 1614 4230
18988 2860
18989 3034
18990 2537
18991 2178
18992 225
18993 3499
18994 2443
18995 2259
18996 4003
18997 50
18998 3093
18999 2403
19000 2749
19001 3210
19002 4487
19003 2907
19004 3285
19005 4050
19006 123
19007 706
19008 2487
19009 1316
19010 3190
19011 2945
19012 334
19013 507 1431 2469 2534 2811 3378
19014 2922
19015 1929
19016 2811
19017 2153
19018 4280
19019 2877
19020 3232
19021 3932
19022 4381
19023 802
19024 2383 2864
19025 683
19026 3719
19027 737 3915
19028 254
19029 2860
19030 4026
19031 3430
19032 4120
19033 2293
19034 3474
19035 1036
19036 2757
19037 2595
19038 1227
19039 393
19040 611
19041 4330
19042 1277 2557
19043 4417
19044 1372
19045 733
19046 1609
19047 465
19048 511 793 925 2584 3583 3617
19049 1257
19050 1218
19051 4090
19052 2710 3630
19053 1707
19054 1228
19055 269
19056 3216
19057 183 2839
19058 4244
19059 1329
19060 1455
19061 949
19062 1385 2910 3030
19063 303
19064 1481
19065 390 3225
19066 2872
19067 539
19068 514
19069 2350
19070 1265
19071 2461
19072 2898
19073 2960
19074 3351
19075 3783
19076 1707 4314
19077 3682
19078 1418 3029
19079 541
19080 628
19081 1314
19082 573
19083 2971
19084 739
19085 1337
19086 1593
19087 4097
19088 3842
19089 4429
19090 1052
19091 1639
19092 2694
19093 2189
19094 4475
19095 4193
19096 395
19097 3486
19098 1488
19099 884
19100 3097
19101 684
19102 3190
19103 4064
19104 3487
19105 1818
19106 106
19107 1017
19108 734
19109 2715
19110 4174
19111 2001
19112 3218
19113 3425
19114 372 624
19115 4165
19116 530
19117 3845
19118 3954
19119 2675
19120 608
19121 394 802
19122 1539 1542
19123 444
19124 516
19125 1149
19126 2872
19127 2111
19128 2969
19129 1562
19130 2671
19131 2960
19132 2987
19133 2077
19134 2081
19135 4094
19136 1526
19137 2363
19138 3920
19139 4417
19140 3441
19141 3135
19142 1236
19143 1801
19144 997
19145 726
19146 919
19147 3787
19148 2713
19149 4323
19150 3271
19151 1236 3530
19152 386 1384
19153 3212
19154 3325
19155 2581
19156 4283
19157 373 820 3318
19158 1269
19159 2065
19160 1798
19161 465
19162 918
19163 4012
19164 384
19165 2832
19166 4197
19167 1857
19168 342
19169 4042
19170 4311
19171 793
19172 4140
19173 3217
19174 939
19175 4389
19176 719
19177 976
19178 3729
19179 3932
19180 1235
19181 2509 2509
19182 1701
19183 1341
19184 2551
19185 2666
19186 3105
19187 3200
19188 2603
19189 342
19190 4382
19191 4341
19192 2095
19193 1736
19194 2311
19195 631
19196 1787
19197 3666
19198 3923
19199 3245
19200 4412
19201 1114
19202 326
19203 3920
19204 3957
19205 3726
19206 1145
19207 838
19208 740
19209 1137
19210 1349
19211 2282
19212 3188
19213 4218
19214 2990
19215 2818
19216 162
19217 3694
19218 3920
19219 1454
19220 2716
19221 470
19222 1062
19223 2664
19224 3143
19225 3200
19226 1196
19227 717
19228 1626
19229 2939
19230 1145
19231 1778
19232 2603
19233 4021
19234 3446
19235 684
19236 3396
19237 480
19238 3019
19239 4327
19240 2963
19241 3690
19242 2095
19243 181
19244 316 669 2769
19245 3037 3108
19246 552 3106
19247 4138
19248 675
19249 2904
19250 1202 2859 3014
19251 1140
19252 1402 3303
19253 3165
19254 2331
19255 1053
19256 4477
19257 1314
19258 295 3251
19259 369
19260 1278
19261 2936 3969
19262 2476
19263 3013
19264 994
19265 1783
19266 2910
19267 657
19268 2483
19269 780
19270 1018
19271 2304
19272 3504
19273 3208
19274 3812
19275 3687
19276 2615
19277 1099
19278 4026
19279 1880
19280 364
19281 845
19282 2794
19283 1044
19284 3612
19285 1464
19286 3922
19287 1346
19288 1864
19289 3441
19290 863
19291 3927
19292 4000
19293 674
19294 3425
19295 2921
19296 735
19297 2366
19298 3448
19299 2158
19300 3110
19301 4085
19302 2323
19303 2762
19304 3650
19305 3660
19306 2951
19307 852
19308 3204
19309 115
19310 4199
19311 3223
19312 1035
19313 4164
19314 2950
19315 1464
19316 1364
19317 923
19318 1826
19319 3095
19320 3793
19321 3953
19322 2348
19323 584
19324 3280
19325 429
19326 814
19327 3255
19328 3574
19329 3029
19330 408
19331 4148
19332 18 228 2737 3250 3379
19333 2332 2340
19334 3247
19335 2012
19336 746
19337 2810
19338 3810
19339 1498
19340 341 526 1192 3543
19341 4190
19342 401
19343 3165
19344 2821
19345 1059
19346 971
19347 2777
19348 4243
19349 3488
19350 2483 3843
19351 2886
19352 4303
19353 2984
19354 2959
19355 1432
19356 851
19357 3331
19358 477
19359 3599
19360 1022
19361 2458
19362 2919
19363 1785
19364 1348
19365 3987
19366 2381
19367 2001
19368 4342
19369 1129
19370 2873
19371 3194
19372 2001
19373 2436
19374 3225
19375 79
19376 10
19377 560
19378 4433
19379 2531
19380 3440
19381 2629
19382 4221
19383 3754
19384 1763
19385 1457
19386 4371
19387 3122
19388 1441
19389 63
19390 439
19391 4173
19392 3190
19393 2649
19394 2739
19395 3157
19396 3411
19397 2415
19398 684
19399 2433
19400 3311
19401 3586
19402 11
19403 2625
19404 3322
19405 1600
19406 701
19407 3955
19408 925
19409 205
19410 289
19411 523
19412 4085
19413 4193
19414 2531
19415 1697
19416 3856
19417 3248 3487
19418 4315
19419 2118
19420 901
19421 394
19422 122
19423 1480
19424 148
19425 3583
19426 2828
19427 3224
19428 3348
19429 448
19430 2036
19431 1604 1940 2070 3072
19432 1148
19433 2117
19434 3672
19435 2777
19436 3688
19437 986
19438 2425
19439 758 941 2796
19440 1626
19441 227
19442 3154
19443 729
19444 100
19445 2648
19446 3160
19447 387 734 1143 1796 2057 3288 3293 3418 3932
19448 3664
19449 446
19450 3813
19451 2271 2557
19452 2027
19453 2845
19454 2540
19455 2557
19456 788
19457 416
19458 2680
19459 2158
19460 595
19461 3770
19462 1291 1326 2950
19463 2421
19464 2057
19465 346
19466 902
19467 2665
19468 2821
19469 3192
19470 1936
19471 1110
19472 1797
19473 3045
19474 4060
19475 1163
19476 738
19477 3955
19478 290
19479 1956
19480 4040
19481 898
19482 4230
19483 396
19484 3286
19485 198
19486 1498
19487 1984
19488 1236
19489 1801
19490 2614
19491 1032
19492 3838
19493 2249
19494 1722
19495 3190
19496 835
19497 836
19498 1815
19499 2459
19500 4350
19501 2061
19502 2346
19503 2026
19504 2680
19505 3489
19506 4298
19507 3127
19508 2558 2568 2804
19509 2031
19510 1112
19511 1980
19512 1890
19513 4074
19514 341
19515 3105
19516 296
19517 3178
19518 2639
19519 3950
19520 1506
19521 1841 2243 2272
19522 546
19523 3325
19524 2702
19525 1152
19526 3351
19527 2740
19528 4298
19529 1025
19530 1368
19531 3239
19532 3149
19533 1496
19534 2017
19535 3845
19536 783 3915
19537 1088
19538 1647
19539 2568
19540 2815
19541 740
19542 1051
19543 3682 4352
19544 297
19545 137
19546 868
19547 784
19548 2057
19549 2202
19550 3701
19551 2479
19552 2775
19553 327
19554 3003
19555 1335
19556 702
19557 3847
19558 4462
19559 3517
19560 902
19561 792
19562 1913 2491 3137
19563 2930
19564 1808
19565 3160
19566 698
19567 483
19568 3856
19569 4045
19570 1178
19571 911
19572 3242
19573 211
19574 2471
19575 3225
19576 3830
19577 1613
19578 702
19579 2866
19580 1802
19581 2416
19582 1028
19583 4080 4122
19584 4138
19585 2503
19586 2918
19587 2242
19588 3188
19589 3718
19590 1453
19591 4401
19592 2579
19593 2370
19594 4339
19595 98 3218
19596 1286
19597 4193
19598 1312
19599 3350
19600 1502
19601 398
19602 3404
19603 793
19604 3215
19605 1545 1661
19606 133 2462 2951 3111 3243 4033
19607 1214
19608 1235
19609 669
19610 2574
19611 1468 1797 3057
19612 2119
19613 2504
19614 3417 4475
19615 2249
19616 2963
19617 3201
19618 1767
19619 2428
19620 886
19621 1870
19622 4315
19623 3644
19624 2794
19625 2992
19626 2308
19627 1188
19628 3439
19629 1111
19630 1797
19631 1454 1622 2070 2320
19632 3916
19633 336 1837 3923
19634 3453
19635 2327
19636 3343
19637 3794
19638 734
19639 1848
19640 3188
19641 2546
19642 3220
19643 3118
19644 2365
19645 1241 2937 3250
19646 3199
19647 542
19648 3209
19649 453
19650 1513
19651 2408
19652 1215
19653 234 1490
19654 2885
19655 1323
19656 2836
19657 2557
19658 1810
19659 2997
19660 261
19661 4463
19662 506 1539
19663 1060
19664 2289
19665 77
19666 2783
19667 3972
19668 382
19669 4315
19670 943
19671 546 4304
19672 1336
19673 1505
19674 3782
19675 2969
19676 531
19677 3422
19678 1607
19679 1418
19680 4446
19681 1522
19682 1074
19683 976
19684 456
19685 4426
19686 3754
19687 3795
19688 3821
19689 1236
19690 1713
19691 3200
19692 3218
19693 1359 3670
19694 1948
19695 1340
19696 2862 2997
19697 3597
19698 2703
19699 637
19700 959
19701 3926
19702 533
19703 1099
19704 2062
19705 3064
19706 2102
19707 342 550
19708 2360
19709 2820 3471 3633
19710 3915
19711 70
19712 669
19713 3216
19714 2371
19715 2844
19716 503
19717 3974
19718 1522
19719 836
19720 902
19721 3384 4142
19722 402
19723 2379
19724 2969
19725 3303
19726 1519
19727 3481
19728 326
19729 3188
19730 2326 3896
19731 3383
19732 393
19733 3289
19734 419
19735 2799
19736 3693
19737 2267
19738 2345 3419
19739 3489
19740 3192
19741 3324
19742 219 4476
19743 4177
19744 1337
19745 734 1234 2818
19746 2440
19747 916
19748 3355
19749 923
19750 3746
19751 3933
19752 4145 4447
19753 216 2809 2905
19754 4014
19755 3101
19756 746
19757 3457
19758 2919
19759 542
19760 2027
19761 428
19762 4428
19763 3193
19764 71
19765 1568
19766 236
19767 4184
19768 3162
19769 1825
19770 4376
19771 34
19772 2865
19773 1785
19774 3555
19775 3982
19776 170
19777 4235
19778 321 3014
19779 1252
19780 1620
19781 4117
19782 3763
19783 1473
19784 3447
19785 2686
19786 1346
19787 2798
19788 1620
19789 3475
19790 650
19791 3407
19792 3290
19793 1011
19794 4364
19795 2861
19796 2799
19797 2057
19798 2391 2485
19799 3787
19800 1576
19801 4080
19802 2916
19803 3826
19804 3896
19805 3190
19806 1642
19807 2380
19808 2944
19809 1078
19810 4082
19811 440
19812 3017
19813 777
19814 1493
19815 450
19816 916
19817 956
19818 4173
19819 3614
19820 678
19821 1840
19822 4285
19823 18
19824 2798
19825 2207
19826 1914
19827 253
19828 3554
19829 2501
19830 2653
19831 784
19832 3213
19833 602
19834 95
19835 992
19836 3480
19837 1199
19838 3490
19839 1344
19840 2969
19841 848
19842 1793
19843 3755
19844 3631
19845 1354 1395 1566
19846 4140
19847 1694
19848 3610
19849 686
19850 1688
19851 4310
19852 2154
19853 3305
19854 1605
19855 3915
19856 3359
19857 895
19858 3902
19859 3319
19860 2747
19861 867
19862 4193
19863 1700
19864 1611 3096
19865 3237
19866 3519
19867 2869
19868 3323
19869 4115
19870 1553 2163
19871 1133
19872 3326
19873 394
19874 2
19875 3614
19876 3128
19877 1151
19878 2715 3444
19879 1518
19880 4432
19881 342
19882 1326 3857
19883 2583
19884 3567
19885 3754
19886 58
19887 976
19888 4242
19889 1814
19890 103
19891 4120
19892 1034
19893 2771 2848
19894 3445
19895 1471
19896 1231 1651 1836
19897 2914
19898 4284
19899 2043
19900 339
19901 1785
19902 4237
19903 2711
19904 2668
19905 1837
19906 1751
19907 1058
19908 1202
19909 3717
19910 4221
19911 1206
19912 749
19913 2095
19914 876
19915 4387
19916 3443
19917 3675
19918 1771
19919 1104
19920 2309
19921 4033
19922 1523
19923 2929
19924 297 2905 4348
19925 2896
19926 2184
19927 54
19928 1785
19929 4411
19930 2999
19931 944
19932 144 2300 2490 3250 3688
19933 4390
19934 2776
19935 3059
19936 2470
19937 1707
19938 2639
19939 266
19940 126
19941 3632
19942 1813
19943 733
19944 656
19945 820 1876 2901 3062 3304 4304 4430
19946 3486
19947 3475
19948 4156
19949 483
19950 3901
19951 3851
19952 3944
19953 3664
19954 4109
19955 1824
19956 3020
19957 1797
19958 1911
19959 4008
19960 1661
19961 326 1545 2531 2569 3040 3199
19962 979
19963 2587
19964 2341
19965 543
19966 3557
19967 2377
19968 264
19969 215
19970 942
19971 788
19972 4103
19973 1111
19974 35
19975 1932
19976 3225
19977 1111
19978 903
19979 2601
19980 2705
19981 4021
19982 2448
19983 3956
19984 1308
19985 3258
19986 2950
19987 2881
19988 4480
19989 952
19990 1477
19991 1308
19992 3285
19993 4051
19994 2077
19995 2289
19996 3776
19997 4074
19998 1785
19999 145
20000 3157
20001 3157
20002 1418
20003 1721
20004 1117
20005 1019
20006 1794 2114 4249
20007 3668
20008 2571
20009 2841
20010 2900
20011 888
20012 217
20013 358
20014 3938
20015 769
20016 2051
20017 3765
20018 3109
20019 3684
20020 405 2969 3697
20021 444
20022 2649
20023 3999
20024 1278
20025 3444
20026 595
20027 4428
20028 6
20029 3113
20030 3425
20031 1857
20032 1977
20033 74
20034 1543 3598
20035 1715
20036 2914 2940 2969
20037 1744
20038 2650
20039 1543
20040 2385
20041 1869
20042 3367
20043 206
20044 4388
20045 4421
20046 2560
20047 538
20048 4178
20049 4094
20050 4302
20051 541
20052 3607
20053 3222
20054 4462
20055 3
20056 2777
20057 1097
20058 4106
20059 3290
20060 2780
20061 974
20062 4242
20063 1021
20064 1669
20065 2062
20066 1205
20067 320
20068 4148
20069 4130
20070 186
20071 1710
20072 1399
20073 2376
20074 2074 2564 2834 3445 3960 4003 4263
20075 4403
20076 1806
20077 3946
20078 365
20079 265
20080 2001
20081 549
20082 553
20083 2339
20084 1504
20085 3735
20086 1202 3950
20087 3245
20088 1257
20089 2339
20090 669 3589
20091 2331
20092 3665
20093 964
20094 4184
20095 2621
20096 3093
20097 3760
20098 2873
20099 4154
20100 3669
20101 4318
20102 2386
20103 461
20104 369
20105 913
20106 1852
20107 2950
20108 822
20109 355
20110 3880
20111 3370
20112 3044
20113 4088
20114 1108
20115 833
20116 83
20117 3556
20118 4457
20119 935
20120 1690 2917
20121 3808
20122 3048
20123 1789
20124 242 2164 3885
20125 2652
20126 1395 1540 3302
20127 2345
20128 733
20129 4340
20130 2703
20131 2808
20132 2945
20133 669
20134 2053
20135 3642
20136 303
20137 3909
20138 4345
20139 3114
20140 336
20141 1099
20142 3496
20143 530 3379
20144 3560
20145 3181
20146 611 624
20147 2959
20148 3218
20149 3471
20150 116
20151 935
20152 3693
20153 3319
20154 1058
20155 3214
20156 3128
20157 3986
20158 4174
20159 2644
20160 1060 4188
20161 2564
20162 2591
20163 3902
20164 1758
20165 1930
20166 3400
20167 3976
20168 4370
20169 683
20170 882
20171 4309
20172 4381
20173 2015
20174 1349
20175 2086
20176 4171
20177 3259
20178 4361
20179 1636 2932
20180 1287
20181 669
20182 174 542
20183 2994
20184 1559
20185 297 1284
20186 4355
20187 1961
20188 4075
20189 3097
20190 4362
20191 1360
20192 2561
20193 4490
20194 132 134 142 146 150 2827 3545
20195 1434
20196 376 934
20197 82
20198 2555
20199 1390
20200 4123
20201 3290
20202 3045
20203 2519
20204 2857
20205 2440
20206 3892
20207 1374
20208 3715
20209 707 735
20210 2770 2969
20211 3067
20212 3938
20213 3754
20214 3351
20215 1616
20216 1140
20217 2715
20218 1149
20219 3052
20220 1543
20221 3325
20222 349
20223 1186
20224 4218
20225 1185
20226 1018
20227 2841
20228 2909
20229 1478
20230 3816
20231 2909
20232 1032
20233 1447
20234 2770
20235 1642
20236 120 2702
20237 849
20238 4346
20239 3364
20240 98
20241 3314
20242 2901
20243 247
20244 1130
20245 697
20246 793
20247 2580
20248 2558
20249 3542
20250 4041
20251 1377
20252 4015
20253 148
20254 4115
20255 2434
20256 337
20257 1964
20258 470
20259 2338
20260 3791
20261 4279
20262 1748
20263 1918 2914
20264 2485
20265 2179
20266 1370
20267 2031
20268 3239
20269 2982
20270 4474
20271 2251
20272 1640
20273 3384
20274 3856
20275 3114
20276 1060
20277 3792
20278 4074
20279 3536
20280 881
20281 3425
20282 2948
20283 1446
20284 432
20285 4318
20286 2575
20287 2032
20288 3186
20289 3613
20290 1486
20291 1047
20292 3797
20293 2760
20294 3633
20295 3245
20296 424
20297 4203
20298 363
20299 2224
20300 1981
20301 4081
20302 3983
20303 1234
20304 3187
20305 3472
20306 3669
20307 669
20308 2612
20309 683
20310 882
20311 3967
20312 343
20313 1940 2463 2770
20314 2782
20315 1563
20316 857
20317 522
20318 225
20319 404
20320 1236
20321 3683
20322 1231
20323 3502
20324 4460
20325 1540
20326 3927
20327 3606
20328 4430
20329 2182
20330 3473
20331 1042
20332 3539
20333 2159
20334 295
20335 686
20336 3615
20337 2950
20338 2527
20339 1975 3805
20340 2264
20341 4171
20342 2023
20343 3392
20344 449
20345 1227
20346 3619
20347 3077
20348 793
20349 3150
20350 1721
20351 1446
20352 610
20353 4076
20354 2724
20355 3084
20356 4254
20357 267
20358 2297
20359 756
20360 138
20361 1046
20362 2739
20363 3763
20364 2808
20365 695 3644 3657
20366 1065
20367 2837
20368 2075 3250 4073
20369 3759
20370 2224
20371 2477
20372 2044
20373 2001
20374 2816
20375 4076
20376 3620
20377 206
20378 1191
20379 3207
20380 924
20381 1831
20382 1335
20383 3643
20384 3425
20385 3689
20386 3214
20387 3218
20388 2565
20389 3960
20390 379
20391 1727
20392 4283
20393 2796
20394 1006
20395 1543
20396 1681
20397 3208
20398 824
20399 3618
20400 1585
20401 4451
20402 678
20403 1832
20404 2766
20405 3413
20406 2670
20407 4082
20408 3509
20409 3255
20410 1524
20411 3096
20412 2248
20413 3430
20414 2957
20415 1471 2073 2901
20416 3610
20417 4402
20418 2733
20419 1154
20420 2469
20421 2462
20422 3416
20423 1896
20424 4483
20425 394
20426 3754
20427 3893
20428 2415
20429 3288
20430 3270
20431 1578
20432 2238
20433 1592
20434 18
20435 3641
20436 435
20437 738
20438 1468
20439 2462
20440 3747
20441 3289 4221
20442 4080
20443 3802
20444 2313
20445 3239
20446 1455
20447 2573
20448 165
20449 2455
20450 3197
20451 4128
20452 1428
20453 1954
20454 4086
20455 3486
20456 562
20457 1442
20458 781
20459 3410
20460 2680
20461 4443
20462 3102
20463 2732
20464 2003
20465 3578
20466 2613
20467 334 3284
20468 3186
20469 904
20470 3238
20471 138
20472 1023
20473 132
20474 16
20475 3213
20476 2751 2999
20477 1229
20478 2847
20479 3012
20480 911
20481 3289 3382
20482 4078
20483 373 846 1934
20484 3935
20485 1458
20486 1863
20487 922
20488 2167
20489 905
20490 624
20491 3427
20492 3731
20493 4053
20494 261
20495 2905
20496 326 339 684 690 905 2571 2699 2963 3064 3218
20497 3888
20498 361
20499 874
20500 2680
20501 3935
20502 1611
20503 3832
20504 2090
20505 4423 4423
20506 4365
20507 1879
20508 3951
20509 1564
20510 1236
20511 3724
20512 2075
20513 4319
20514 3632
20515 2831
20516 4282
20517 4467
20518 2732
20519 1130
20520 4193
20521 1818 4031
20522 3987
20523 1804
20524 2715
20525 2877
20526 2903
20527 1335
20528 3726
20529 184
20530 3927
20531 1232
20532 1325
20533 350
20534 538
20535 342 4172
20536 2770
20537 2340
20538 217
20539 2792
20540 1753
20541 2016
20542 2754
20543 3666
20544 2012
20545 1105
20546 3209
20547 1097
20548 2950
20549 1547
20550 1006
20551 3213
20552 4315
20553 4206
20554 4491
20555 4007 4033
20556 923
20557 40
20558 4461
20559 1683
20560 560
20561 1883
20562 3901
20563 2057
20564 905
20565 2062
20566 2058
20567 3425
20568 2914 2975
20569 3979
20570 2555
20571 12
20572 2964
20573 2960
20574 3939 4086
20575 2818
20576 23
20577 3048
20578 408 2572
20579 3973
20580 1318
20581 1253 1596 2472 3688
20582 420
20583 37
20584 932
20585 2876
20586 1763
20587 894
20588 1964
20589 3715
20590 3209
20591 701
20592 568
20593 2350
20594 2150
20595 351 958
20596 705
20597 3025
20598 2084
20599 2728
20600 4291
20601 561
20602 820
20603 3876
20604 4090
20605 1599
20606 3209
20607 3754
20608 2031
20609 1870
20610 737
20611 3202
20612 1537
20613 3367 3832
20614 326
20615 173
20616 717
20617 2734
20618 3722
20619 2889
20620 3676
20621 3987
20622 3091
20623 402 2771
20624 3445
20625 1551
20626 3500
20627 2212
20628 4040
20629 2942
20630 2801 2816
20631 4290
20632 645
20633 3789
20634 4223
20635 2403
20636 3944
20637 1243
20638 1137
20639 1798
20640 3348
20641 4062
20642 1342
20643 3571
20644 2764
20645 3665
20646 1013
20647 2553
20648 2755
20649 1450
20650 2770
20651 2061
20652 2668
20653 2298
20654 2040
20655 2422
20656 2248 2692
20657 1259
20658 1230
20659 2900
20660 431 1743 3047
20661 2368
20662 3675
20663 754
20664 3865
20665 4467
20666 2368
20667 3217
20668 2587
20669 2736
20670 3521
20671 3212
20672 2873
20673 4351
20674 1368
20675 2176
20676 3158
20677 1661
20678 2810
20679 455
20680 3518
20681 4456
20682 1942
20683 3665
20684 1078
20685 526 3380
20686 4404
20687 1983
20688 2043
20689 3014
20690 260
20691 800
20692 2065
20693 1757
20694 1409
20695 4159
20696 2444
20697 4085
20698 3747
20699 1894
20700 571
20701 3237
20702 2647
20703 1484
20704 4084
20705 1108 2516
20706 3674
20707 3059
20708 270
20709 1558
20710 1722
20711 2709
20712 674
20713 1486
20714 2582
20715 4336
20716 2398
20717 4319
20718 4202
20719 479
20720 1254 3066
20721 3029
20722 4366
20723 352
20724 4138
20725 4404
20726 991
20727 2835
20728 2570
20729 1428
20730 1944
20731 930
20732 3841
20733 345
20734 852
20735 3465
20736 915
20737 2083
20738 672
20739 1330
20740 2477
20741 2405
20742 44
20743 3591
20744 3637
20745 3938
20746 1211
20747 22
20748 1428
20749 2737
20750 1423
20751 2980
20752 3682
20753 4462
20754 682
20755 1337
20756 2738
20757 1210
20758 2821
20759 2567
20760 2545
20761 4296
20762 327
20763 3597
20764 2459
20765 1223
20766 2991
20767 745
20768 4032
20769 1469
20770 2570
20771 2673
20772 2370
20773 2483
20774 1090
20775 648
20776 926
20777 542
20778 1670
20779 1428
20780 2799
20781 2465 2572
20782 3052
20783 1478 1888
20784 2977
20785 1284 4092
20786 3719
20787 1069
20788 1573
20789 894
20790 3219
20791 2689
20792 3975
20793 4349
20794 569
20795 697
20796 92
20797 3286
20798 3009
20799 2263
20800 317
20801 296
20802 4246
20803 1958
20804 3954
20805 4417
20806 701
20807 933
20808 3928
20809 2531
20810 2334
20811 2529
20812 2289
20813 2555
20814 405 3676
20815 4230
20816 3453
20817 2611
20818 1772
20819 2933
20820 3942
20821 2738
20822 4177
20823 4171
20824 3382 4074 4173
20825 1041
20826 2678
20827 4016
20828 3633
20829 735
20830 4224
20831 4385
20832 820
20833 3008
20834 3425
20835 2739
20836 2063
20837 396
20838 3790
20839 1500
20840 2520
20841 541
20842 2089
20843 2904
20844 2544
20845 4011
20846 1636 2653
20847 388
20848 1311
20849 43
20850 126
20851 2095
20852 521
20853 820
20854 1525
20855 2435
20856 3595
20857 623
20858 2170 2299
20859 1069
20860 1621
20861 4297
20862 3678
20863 4209
20864 858
20865 1060
20866 3615
20867 1210
20868 2199
20869 2744
20870 1716
20871 3957
20872 2705
20873 351
20874 4183
20875 4396
20876 1793 2810
20877 4076
20878 1811
20879 2001
20880 793
20881 1119
20882 4328
20883 1399
20884 365
20885 1862
20886 2858
20887 3851
20888 3057
20889 2075
20890 3722
20891 2762
20892 577
20893 1455
20894 1236
20895 4406
20896 3465
20897 2855
20898 2267
20899 1766
20900 3495
20901 3207
20902 3043
20903 3487
20904 1792
20905 895
20906 3290
20907 2443
20908 1694
20909 2141
20910 4352
20911 4184
20912 4423
20913 1638
20914 1490
20915 896
20916 2328
20917 525
20918 2080
20919 1869
20920 1162 1181 2197 2997
20921 1385
20922 26 4169
20923 3409
20924 719
20925 2577
20926 2422
20927 439
20928 1457
20929 2794
20930 1060
20931 1150
20932 3669
20933 1954
20934 2767 2873
20935 3489
20936 3802
20937 3592
20938 339
20939 538
20940 2854
20941 1864
20942 1308
20943 2871
20944 4475
20945 939
20946 3511
20947 1171
20948 2191
20949 2185
20950 1289
20951 3646
20952 2781
20953 3117
20954 3446
20955 48
20956 3026
20957 1515
20958 3973
20959 1117
20960 765
20961 3987
20962 266
20963 702
20964 1469
20965 2957
20966 824
20967 1964
20968 1153
20969 85
20970 3665
20971 2826
20972 3271
20973 907
20974 492
20975 4074
20976 2627
20977 3933
20978 4475
20979 733 1680
20980 268
20981 387
20982 721
20983 187
20984 4025
20985 1450
20986 2150
20987 2061
20988 522 1437
20989 4135
20990 605
20991 290 290
20992 4224
20993 1479
20994 905
20995 3690
20996 1493
20997 1300
20998 3102
20999 3841
21000 895
21001 3065
21002 3471 4327
21003 31
21004 3537
21005 3336
21006 3209
21007 4173
21008 1523
21009 4318
21010 112
21011 3217
21012 4308
21013 430
21014 3995
21015 1486
21016 2501
21017 3447
21018 2151
21019 1543
21020 3858
21021 3884
21022 2105
21023 4123
21024 361
21025 849
21026 3181
21027 2601
21028 339
21029 1955
21030 216
21031 3013
21032 1842
21033 1825
21034 2525
21035 1193
21036 2612
21037 1401 3251
21038 3117
21039 1398
21040 116
21041 3656
21042 3624
21043 2080
21044 2233
21045 1469 3048
21046 3635
21047 3676
21048 4225
21049 2559 2917
21050 1469
21051 923
21052 1231 2848
21053 669
21054 3445
21055 155
21056 3391
21057 2395
21058 3293
21059 4278
21060 479
21061 2715
21062 2474
21063 1452
21064 1827
21065 1182
21066 2585
21067 2837
21068 3410
21069 337
21070 1149
21071 2560
21072 507
21073 3283
21074 2880
21075 3209
21076 4331
21077 2747
21078 987
21079 1857
21080 1312
21081 874
21082 2752
21083 4032
21084 3064
21085 3277
21086 2258
21087 3216
21088 3201
21089 1543 2690
21090 1655
21091 1894
21092 371
21093 3190
21094 3892
21095 788
21096 4096
21097 3223
21098 3209
21099 3577
21100 4044
21101 675
21102 1819
21103 501
21104 4230
21105 2151
21106 689
21107 473
21108 1765
21109 2120
21110 693 943 2494
21111 4273
21112 2804
21113 1163
21114 145
21115 2918
21116 701
21117 1335
21118 2134
21119 2134
21120 2134
21121 2294
21122 2260
21123 1526
21124 3116
21125 123
21126 4030
21127 2705
21128 2710
21129 3965
21130 655
21131 3929
21132 2564
21133 2630
21134 3139
21135 2770
21136 1862
21137 949
21138 327
21139 875
21140 913
21141 2409
21142 2806
21143 1323
21144 1723
21145 646
21146 3873
21147 1090
21148 458
21149 2326 3039
21150 4242
21151 2173
21152 3125
21153 3674
21154 225
21155 1628
21156 3944
21157 1839
21158 1036
21159 566
21160 4334
21161 3052
21162 1941
21163 3455
21164 3210
21165 3375
21166 733
21167 2027
21168 2340
21169 3592
21170 3285
21171 393
21172 793
21173 3717
21174 2658
21175 601 620 1797
21176 4217
21177 2905
21178 3078
21179 2627 2969
21180 2316
21181 3368
21182 1522
21183 3509
21184 2993
21185 1855 3383
21186 2379
21187 2980
21188 502
21189 4369
21190 3154
21191 644
21192 338 2963
21193 3926
21194 3598
21195 63
21196 2086
21197 2340 2751
21198 1600
21199 2856
21200 3113
21201 1861
21202 3489
21203 2847
21204 2765
21205 1488
21206 1201 1408 1887 2963
21207 3218
21208 2896
21209 2222
21210 1323
21211 3986
21212 2477 2685
21213 2151
21214 1260
21215 3408
21216 3216
21217 2856
21218 3213
21219 1860
21220 4243
21221 743
21222 3344
21223 2918
21224 3292
21225 3986
21226 889
21227 182
21228 764
21229 1008
21230 2983
21231 3934
21232 3209
21233 2403
21234 1039
21235 362
21236 3425
21237 691
21238 2621
21239 3018
21240 882
21241 527
21242 2501
21243 1721
21244 1531
21245 1964
21246 281
21247 1797
21248 3445
21249 747
21250 4074
21251 4255
21252 84
21253 4221
21254 894
21255 3502
21256 734 2293 3207
21257 3170
21258 4256
21259 1786
21260 2813
21261 2654
21262 228 824
21263 3498
21264 3946
21265 1522
21266 2001
21267 3242
21268 3200
21269 3293
21270 3190
21271 3027
21272 3218
21273 885
21274 4289
21275 1237
21276 2533
21277 3704
21278 390
21279 321
21280 874
21281 1983
21282 1344
21283 2989
21284 2525
21285 2157
21286 2336
21287 1146
21288 2291
21289 1028
21290 3164
21291 787
21292 919
21293 2847
21294 2951
21295 2044
21296 45
21297 4302
21298 4293
21299 839 1938
21300 3106
21301 2232
21302 3209
21303 1339
21304 1507
21305 369
21306 3527
21307 612
21308 1520
21309 132
21310 1900
21311 2607
21312 4073
21313 1316
21314 1210
21315 3347
21316 3743
21317 905
21318 2796
21319 2091
21320 1492
21321 3810
21322 2474
21323 3446
21324 3743
21325 3201
21326 530
21327 1492
21328 3765
21329 3782
21330 1359
21331 986 2572
21332 2039
21333 3968
21334 133
21335 4066
21336 3225
21337 3250
21338 3357
21339 1717
21340 3100
21341 1477
21342 860
21343 1497
21344 2820
21345 361
21346 3672
21347 3786
21348 4329
21349 3378
21350 362
21351 2049
21352 2923
21353 1029 2839
21354 4229
21355 1884
21356 3726
21357 2183
21358 142
21359 3125
21360 3954
21361 1545 3852 4436
21362 2062
21363 3693
21364 1238
21365 1771
21366 2401
21367 2049
21368 326
21369 3218
21370 338
21371 2432 3444
21372 846 1636 1932 2242
21373 911
21374 4476
21375 1149
21376 3963
21377 277
21378 1258 1972
21379 3240
21380 2084
21381 2648
21382 1399 2607 3472
21383 1446
21384 3441
21385 3995
21386 1240
21387 4187
21388 3063 3266
21389 4339
21390 3849
21391 812
21392 986
21393 3189
21394 3529
21395 2871
21396 1059
21397 1966
21398 1302
21399 2236 2249 2515
21400 733
21401 2376
21402 3833
21403 2805
21404 3543
21405 3803
21406 4283
21407 4411
21408 3110
21409 136
21410 2988
21411 4074
21412 452
21413 4472
21414 1202
21415 2860
21416 1698
21417 2502
21418 3842 3895
21419 208 1395 2552 2682
21420 3422
21421 4311
21422 211
21423 2653
21424 3433
21425 2855
21426 2900
21427 1577
21428 2411
21429 1735
21430 1511 2485
21431 2801 4160
21432 2679
21433 2984 3052
21434 965
21435 867
21436 954
21437 3916
21438 1441 2078 2096 2907 4033
21439 882 1847 3665 3832 4314
21440 3758
21441 1206
21442 1545
21443 3951
21444 3217
21445 902
21446 3419
21447 4413
21448 1334
21449 4374
21450 595
21451 1991
21452 2711
21453 1371
21454 917
21455 470
21456 1091
21457 1197
21458 1320
21459 3705
21460 861
21461 2063
21462 1115
21463 850
21464 561 3312
21465 802
21466 412
21467 876
21468 3216 3217
21469 1400
21470 1353
21471 2407
21472 2407
21473 808
21474 1345
21475 3717
21476 3190
21477 4161
21478 2195
21479 669
21480 3593
21481 3385
21482 290
21483 4447
21484 624
21485 3255
21486 995
21487 458
21488 470 2383
21489 4406
21490 2950
21491 295
21492 199
21493 489
21494 4209
21495 4473
21496 4137
21497 611
21498 4193
21499 2874
21500 2839
21501 2920
21502 3290
21503 605
21504 905
21505 150
21506 3148
21507 2736
21508 2317
21509 2550
21510 3177
21511 669
21512 3933
21513 1110
21514 3666
21515 3361
21516 4171
21517 1870
21518 2800
21519 3173
21520 1701
21521 2729
21522 665
21523 4463
21524 2211 3086
21525 3383
21526 260
21527 4025
21528 65
21529 1694
21530 1471
21531 3558
21532 2818 2950
21533 2502
21534 4116
21535 1393
21536 316
21537 3311
21538 1958
21539 1390
21540 2916
21541 3345
21542 465
21543 3751
21544 2864
21545 3319
21546 3322
21547 183
21548 1817
21549 1543
21550 4279
21551 258
21552 4228
21553 4133
21554 1052
21555 1918
21556 2770
21557 1192
21558 3217
21559 3427
21560 17 165 167 808 2557 3543
21561 1502
21562 1694
21563 3128
21564 342
21565 2057 2062
21566 1797
21567 1994
21568 1073
21569 1236
21570 1266
21571 2324
21572 4213
21573 1508
21574 3316
21575 1976
21576 1359
21577 1017
21578 1745
21579 1447
21580 4015
21581 3992
21582 2671 2806
21583 543
21584 826
21585 262
21586 3825
21587 1045
21588 2920
21589 2750
21590 1100
21591 2680
21592 3170
21593 3265
21594 3970
21595 3096 3097 3217 3718
21596 2252
21597 4001
21598 2045
21599 2927
21600 4304
21601 3943
21602 2857
21603 1131
21604 3242
21605 2881
21606 2811
21607 451
21608 984
21609 2241
21610 2951
21611 2271
21612 1050 3063
21613 3872
21614 195
21615 3231
21616 3596
21617 217
21618 4292
21619 1180
21620 2174
21621 4120
21622 543
21623 497
21624 1767
21625 1066
21626 3227
21627 3879
21628 3362
21629 4313
21630 1206 1786
21631 3929
21632 4441
21633 4319
21634 4203
21635 1025
21636 2992
21637 482
21638 2593
21639 827
21640 734
21641 3214
21642 2873
21643 3391
21644 2135
21645 136
21646 2973 3154
21647 1523
21648 793
21649 937
21650 2345
21651 830
21652 3335
21653 879
21654 4374
21655 2283
21656 4265
21657 2501
21658 2628
21659 1446 2389
21660 3666
21661 2361
21662 2095
21663 3450
21664 990
21665 3754
21666 4482
21667 1430
21668 3565
21669 810
21670 4475
21671 1087
21672 2335
21673 645 1153
21674 1487
21675 1137
21676 216
21677 3557
21678 2787
21679 1108
21680 1968
21681 3661
21682 122
21683 1067
21684 2721
21685 3949
21686 1361
21687 470
21688 340
21689 2951
21690 2218 2969 2989
21691 3932
21692 714
21693 761
21694 596
21695 1346
21696 2640
21697 1163
21698 2494
21699 1498
21700 394
21701 861
21702 1328
21703 3505
21704 3454
21705 15
21706 465
21707 922
21708 3463
21709 3325
21710 2950
21711 2288
21712 4197
21713 3286
21714 2602
21715 1337
21716 3267
21717 3673
21718 317 3380
21719 472
21720 2771
21721 2761
21722 3653
21723 1050
21724 4440
21725 3452
21726 180
21727 1975
21728 3215
21729 46
21730 1154
21731 2061
21732 3293
21733 777
21734 429
21735 905
21736 2419
21737 1661
21738 857
21739 1257
21740 793
21741 4138
21742 3412 3412
21743 405 1295
21744 3210
21745 3754
21746 877
21747 2518
21748 616
21749 3961
21750 734
21751 905 1038
21752 3422
21753 1833
21754 656
21755 4069
21756 190
21757 2587
21758 2492
21759 896
21760 3226
21761 3764
21762 3704
21763 1847
21764 733
21765 4272
21766 2263
21767 4230
21768 1019
21769 2510
21770 1025
21771 3701
21772 379
21773 3466
21774 3209
21775 473
21776 2954
21777 624 1869
21778 4039
21779 1632
21780 3171
21781 78
21782 1666
21783 1541 4491
21784 2380
21785 701
21786 1025 1175
21787 3922
21788 3441
21789 1406
21790 3858
21791 1888
21792 265 1392 1661 3521
21793 538 690 767 1202 1463 2999 3666
21794 3831
21795 3450
21796 1154
21797 971
21798 2452
21799 3108
21800 4374
21801 1051
21802 3907
21803 2997
21804 890
21805 1105
21806 3695
21807 888
21808 2747
21809 1425
21810 591
21811 3672
21812 97
21813 3838
21814 32
21815 615
21816 2713
21817 1760
21818 2015
21819 3190
21820 3147
21821 3210
21822 963
21823 3212
21824 345
21825 1115
21826 277
21827 1046
21828 487 2070
21829 3256
21830 2176
21831 2027
21832 1783
21833 1856
21834 2963
21835 3594
21836 216
21837 1629
21838 3524
21839 1182
21840 3771
21841 3589
21842 1118
21843 3345
21844 2444
21845 3732
21846 4133
21847 4075
21848 3013
21849 3157
21850 2044
21851 1151
21852 1128
21853 4272
21854 1635 1797
21855 1348
21856 3394
21857 444 3962
21858 1303
21859 4130
21860 3838
21861 3779
21862 1775
21863 521 783
21864 687
21865 4327
21866 1539
21867 2183
21868 938
21869 1732
21870 2392
21871 87
21872 244
21873 4108
21874 2095
21875 2654
21876 281
21877 2657
21878 724
21879 3127
21880 349
21881 12
21882 4114
21883 1932 1933 3152
21884 1236
21885 212 2380
21886 4318
21887 3465
21888 3201
21889 988
21890 1502
21891 3892
21892 1455
21893 2014
21894 1671
21895 905
21896 981
21897 1661 1897
21898 476
21899 648
21900 1503 3910 4163 4355
21901 756
21902 2579
21903 3300
21904 4164
21905 1562
21906 3208
21907 1210
21908 3894
21909 693
21910 1493
21911 1133
21912 2273
21913 1059
21914 2459
21915 1454
21916 3190
21917 2753
21918 1357
21919 124
21920 771
21921 2044
21922 3763
21923 4044
21924 2057
21925 3945
21926 3892
21927 1115
21928 473 3230
21929 2020
21930 4468
21931 3718
21932 3138
21933 213 1084
21934 3932
21935 793
21936 795
21937 2084
21938 289
21939 3219
21940 2349
21941 1320
21942 1260
21943 510
21944 299
21945 3200
21946 1593
21947 1323
21948 3333
21949 3573
21950 3541
21951 3325
21952 3469
21953 524
21954 1535
21955 242 444 4148
21956 449
21957 3432
21958 1445
21959 4476
21960 3714
21961 3304
21962 3984
21963 1611 2682
21964 1178
21965 182 3290 3493
21966 2434
21967 563
21968 3497
21969 300
21970 1463 4148
21971 4448
21972 1004
21973 373
21974 3997
21975 3293
21976 383
21977 2307
21978 3858
21979 343
21980 1940
21981 1629
21982 3516
21983 2676
21984 4123
21985 339 1910 1966 1966 3378
21986 3701
21987 1413
21988 1034
21989 1797
21990 1253
21991 3338
21992 4313
21993 2378
21994 1283
21995 3754
21996 1511
21997 1916
21998 2086
21999 3159
22000 711
22001 566
22002 1358
22003 1111
22004 2460
22005 2086
22006 4153
22007 3201
22008 1613
22009 2929
22010 958
22011 2595
22012 3360
22013 3021
22014 3385
22015 3281
22016 3247
22017 3209
22018 2073
22019 3227
22020 1619
22021 3603
22022 733
22023 691
22024 3042
22025 3561
22026 1266
22027 2058
22028 4148
22029 4488
22030 2963
22031 1571
22032 811
22033 1344
22034 132
22035 3682
22036 1359
22037 2081
22038 747
22039 1285
22040 3571
22041 2712
22042 830 2387 2558 2592 2824 3215 3217
22043 675
22044 3101
22045 2062
22046 4404
22047 4297
22048 3375
22049 783
22050 2072
22051 3251 3697
22052 1861
22053 4477
22054 60
22055 4159
22056 2460 2698
22057 3571
22058 2938 2939
22059 2517
22060 1490
22061 4031
22062 1993
22063 58
22064 3614
22065 1932
22066 387
22067 4190
22068 2794
22069 1503
22070 3335
22071 1553 1636 1894 2912 4123
22072 103
22073 2808
22074 2487
22075 3403
22076 1035
22077 2865
22078 669
22079 2420
22080 1189
22081 1614
22082 947
22083 59
22084 4171
22085 3209
22086 3847
22087 3124
22088 3986
22089 1929
22090 3258
22091 2062
22092 3188
22093 1367
22094 123
22095 437
22096 2622
22097 2806
22098 300
22099 3612
22100 738
22101 3158
22102 1303
22103 2905
22104 986
22105 2218
22106 2775
22107 3362
22108 3362
22109 2817
22110 2031
22111 1837
22112 2001
22113 644
22114 3221
22115 430
22116 1472 1651
22117 4052
22118 3211
22119 2963
22120 745
22121 624 1934
22122 2062
22123 2936 4179
22124 1043
22125 4379
22126 986
22127 2102
22128 248
22129 3720
22130 1361
22131 2502
22132 2631
22133 3659
22134 473 946 1257 1869 4483 4491
22135 1636
22136 760
22137 2459
22138 3665
22139 1316
22140 1444
22141 3299
22142 649
22143 2577
22144 397
22145 4188
22146 3782
22147 2027
22148 4137
22149 755
22150 4221
22151 3048
22152 1151
22153 2696
22154 722
22155 2440
22156 4457
22157 1023
22158 1751
22159 3690
22160 2086
22161 3002
22162 3754
22163 317
22164 3204
22165 1353
22166 1651
22167 3432
22168 3543
22169 1846
22170 865
22171 460
22172 4193
22173 2057
22174 2001
22175 3418
22176 3059
22177 3910
22178 405 802 1254 2963
22179 3905
22180 2943 3589
22181 3871
22182 174
22183 1515
22184 3225
22185 1988
22186 3325
22187 1288
22188 2060
22189 2870
22190 3770
22191 3768
22192 3105
22193 4428
22194 1841
22195 1649
22196 143
22197 2671
22198 1469
22199 3661
22200 339
22201 3427
22202 4126
22203 1164
22204 2166
22205 1680 3408 3896
22206 2307
22207 3499
22208 456 460
22209 1445
22210 3118
22211 1197
22212 2730
22213 3743
22214 19
22215 2212
22216 4187
22217 1102
22218 4088
22219 1564
22220 764
22221 1674
22222 2053
22223 282
22224 643
22225 2603
22226 3741
22227 4050
22228 1469
22229 4140
22230 2573
22231 2984
22232 1491
22233 2263
22234 336
22235 3242
22236 3157
22237 3665
22238 2961
22239 898
22240 1346
22241 1422
22242 1549
22243 470 1325
22244 612 3172 3290 3915
22245 3171
22246 2095
22247 1797 2916
22248 702
22249 1423
22250 3472
22251 3795
22252 1789
22253 1925
22254 349
22255 4043
22256 1392
22257 2551
22258 1593
22259 2950
22260 342
22261 1611
22262 2793
22263 470
22264 544
22265 3209
22266 3203
22267 3665
22268 379
22269 3786
22270 184
22271 1149
22272 4038
22273 658
22274 1719
22275 1707
22276 905
22277 3441
22278 1062 3748
22279 3110
22280 2062
22281 1852
22282 3622
22283 2057
22284 669
22285 2398
22286 1350
22287 3986
22288 1236
22289 3981
22290 1030
22291 558
22292 2914
22293 1891
22294 1693 3046
22295 32
22296 3281
22297 531
22298 689
22299 3157
22300 1852
22301 4119
22302 4122
22303 1132
22304 1941
22305 577
22306 4035
22307 2830
22308 1323
22309 2288
22310 441
22311 916
22312 1074
22313 3180
22314 2808
22315 4171
22316 3690
22317 3701
22318 549
22319 3811
22320 2660
22321 2378
22322 3356
22323 2683
22324 1060
22325 3454
22326 4438
22327 4173
22328 1081
22329 4428
22330 684
22331 687
22332 3188
22333 1962
22334 3383
22335 3726
22336 1236
22337 429
22338 3547
22339 4076
22340 2950
22341 432
22342 2023
22343 1236
22344 2827
22345 4162
22346 535 939
22347 114 2612
22348 1286
22349 3715
22350 799
22351 2534
22352 1227
22353 191
22354 2985
22355 4151
22356 106
22357 2362
22358 1156
22359 1492
22360 3770
22361 2271 2472 2929
22362 2925
22363 4389
22364 882
22365 3208
22366 4202
22367 1158
22368 4385
22369 3190
22370 3383 4455
22371 125
22372 2968
22373 3200
22374 1274
22375 1087
22376 1302
22377 3428
22378 4349
22379 2758
22380 920
22381 3135
22382 4111
22383 783
22384 785
22385 655
22386 201
22387 492
22388 561 2468
22389 2522
22390 820
22391 374
22392 4243
22393 2663
22394 3635
22395 20
22396 3212
22397 2913
22398 2765 3384
22399 1102
22400 409
22401 3573
22402 737
22403 1323
22404 1995
22405 1879
22406 3941
22407 2642
22408 2168
22409 3168
22410 2496
22411 14
22412 1889
22413 164 2862 3528
22414 1601
22415 2974
22416 1430 2232 3204 3972
22417 2463
22418 2978
22419 2631
22420 4426
22421 2950
22422 1730
22423 507
22424 2004
22425 4069
22426 3036
22427 3216
22428 1865
22429 1601
22430 912
22431 562
22432 1783
22433 3677
22434 2568
22435 3767
22436 2165
22437 859
22438 1251
22439 3200
22440 3950
22441 2837
22442 895
22443 1437
22444 3617
22445 3284
22446 2747
22447 4152
22448 2057
22449 260
22450 3394
22451 1601
22452 3638
22453 721
22454 3474 4123
22455 3939
22456 1421 1840 3047
22457 372
22458 2994
22459 1017
22460 2808
22461 2950 4186
22462 4221
22463 3587
22464 2740
22465 1176
22466 2643
22467 2477
22468 2246
22469 1932
22470 24
22471 4067
22472 1753 4491
22473 1250
22474 2301
22475 3805
22476 3927
22477 1797 4483
22478 3730
22479 1430
22480 2038
22481 3666
22482 381
22483 3325
22484 3489
22485 3735
22486 1631
22487 2257
22488 4284
22489 306
22490 3612
22491 2432
22492 2298
22493 1733 3097
22494 1725
22495 2235
22496 3754
22497 3696
22498 820
22499 4433
22500 4104
22501 1661
22502 2770
22503 3865
22504 3977
22505 869
22506 1188
22507 1839
22508 2982
22509 871
22510 876
22511 2361
22512 4152
22513 3508
22514 639
22515 3594
22516 3445
22517 3677
22518 2733
22519 4264
22520 3929
22521 532
22522 879
22523 693
22524 3589
22525 2550
22526 2593
22527 4405
22528 2225
22529 3681
22530 1936
22531 654
22532 410
22533 4207
22534 1792 1883
22535 4361
22536 4342
22537 1396
22538 861
22539 2715
22540 1469
22541 1540
22542 3576
22543 2073
22544 2674
22545 1257 2459
22546 241
22547 737 2992
22548 3456
22549 2057
22550 2579
22551 3034
22552 363
22553 1929
22554 148
22555 2473
22556 152
22557 4443
22558 3572
22559 1370
22560 4138
22561 3438
22562 3312
22563 1044 3690
22564 1399
22565 1837
22566 636 820 843
22567 2420 2770
22568 754
22569 3783
22570 1342
22571 1606
22572 1344
22573 692
22574 2604
22575 2554
22576 326 2969
22577 3887
22578 592
22579 526
22580 2101
22581 3347
22582 3219
22583 3209
22584 1669
22585 2433
22586 1674
22587 851
22588 734 2062 2950 3247
22589 1910
22590 1785 3747
22591 1002
22592 1798
22593 416
22594 169
22595 3021
22596 4239
22597 3437
22598 3754
22599 550
22600 1299
22601 1640
22602 873
22603 3228
22604 2008
22605 3618
22606 2772
22607 3431
22608 785
22609 3708
22610 3281
22611 1953
22612 3914
22613 734
22614 631 4161
22615 3593
22616 2801
22617 1656
22618 666
22619 2750
22620 1814
22621 3598
22622 1849
22623 4476
22624 1065
22625 918 2969
22626 2666 3931
22627 4364
22628 3418 3892
22629 347
22630 3378
22631 2230
22632 3644
22633 1630
22634 3810
22635 2340
22636 152
22637 1338
22638 3571
22639 1458
22640 3200
22641 733 3685
22642 1323 1596
22643 3291
22644 611
22645 1882
22646 3599
22647 3950
22648 3529
22649 3330
22650 2057
22651 228
22652 3183
22653 160
22654 2666
22655 936
22656 3204
22657 2629
22658 2124
22659 3942
22660 1455
22661 327
22662 2586
22663 2647
22664 3572
22665 473
22666 3899
22667 2596
22668 1370
22669 351
22670 1467
22671 1111
22672 2703
22673 219
22674 2218
22675 3624
22676 3325
22677 735
22678 246
22679 3004
22680 3499
22681 815
22682 684
22683 624 1296 2887
22684 2601
22685 1681
22686 4019
22687 3950
22688 3731
22689 984
22690 3250
22691 3471
22692 165
22693 2882
22694 4297
22695 1994
22696 4023
22697 1158
22698 2779
22699 4058
22700 1116
22701 3000
22702 2668
22703 3158
22704 809
22705 3218
22706 3505
22707 1257
22708 356
22709 1870
22710 1976
22711 825 1457
22712 3858
22713 911
22714 1358
22715 867
22716 4120
22717 3620
22718 3190
22719 4361
22720 3686
22721 1318
22722 2470
22723 4380
22724 1325
22725 2489
22726 2014
22727 702
22728 780
22729 242
22730 2808
22731 3787
22732 3632 4074
22733 2429
22734 628
22735 2407
22736 18 3000
22737 2439
22738 2156
22739 2190
22740 2771
22741 1452
22742 2502
22743 1598
22744 2548
22745 4126
22746 3653
22747 3722
22748 1216
22749 2234
22750 2916
22751 2169
22752 2401
22753 104
22754 3975
22755 1785 3527
22756 4403
22757 3157
22758 3550
22759 3397
22760 737
22761 4234
22762 4139
22763 3691
22764 1797
22765 2832
22766 3059
22767 752
22768 1698
22769 2222
22770 609
22771 3935
22772 719
22773 3058
22774 4216
22775 1840
22776 3230
22777 921
22778 248
22779 342
22780 532 1955
22781 3883
22782 2713
22783 3727
22784 2688
22785 4033
22786 3391
22787 3754
22788 1434
22789 379
22790 4351
22791 3663
22792 187
22793 434
22794 4323
22795 4124
22796 1312
22797 2294
22798 19
22799 763
22800 1808
22801 4279
22802 3541
22803 2620
22804 1500
22805 2104
22806 1635
22807 3426
22808 1199 1199 1458
22809 351
22810 354
22811 636
22812 3143
22813 3778
22814 523 2331
22815 241
22816 379
22817 652
22818 1703
22819 4150
22820 3697
22821 47
22822 3207
22823 919
22824 3539
22825 140
22826 3262
22827 3417
22828 745
22829 3969
22830 262
22831 1058
22832 583
22833 2763
22834 1316
22835 704
22836 1316 1634
22837 2531
22838 3423
22839 3713
22840 1046
22841 3883
22842 4311
22843 3665
22844 1359
22845 3960
22846 3428
22847 3487
22848 3382
22849 3581
22850 818
22851 526 1042
22852 2714
22853 3266
22854 934 2718
22855 1463
22856 1151
22857 550
22858 1597
22859 476
22860 2950
22861 721 3217
22862 4295
22863 2808
22864 2134
22865 1812
22866 1163
22867 3707
22868 1635
22869 3595
22870 399
22871 989
22872 3190
22873 393
22874 4045
22875 4184
22876 669
22877 2649
22878 682
22879 3459
22880 734 3961
22881 1416
22882 1469
22883 2718
22884 733 2787
22885 1601 1784 2531 3445
22886 341
22887 3624
22888 2951
22889 3837
22890 1212
22891 876 1651 1865
22892 4187
22893 2716
22894 3898
22895 1105
22896 437
22897 3533
22898 811
22899 270
22900 409
22901 1236
22902 2881
22903 563
22904 3592
22905 2081 2660 2901 2914 3044 3690 4398
22906 2599
22907 3136
22908 2965
22909 2382
22910 2798
22911 3441
22912 525
22913 2257 3020
22914 3576
22915 987
22916 669
22917 178
22918 2383
22919 3788
22920 2699
22921 3020
22922 4051
22923 669
22924 3754
22925 3575 4161
22926 3893
22927 2315
22928 395
22929 232
22930 785
22931 3376
22932 2254
22933 2933
22934 325
22935 4218
22936 2833
22937 228
22938 545
22939 2377
22940 4242
22941 3217
22942 1892
22943 929
22944 3871
22945 1349
22946 2332
22947 1849
22948 1566
22949 1431
22950 3693
22951 3094
22952 736
22953 3892
22954 3953
22955 1060 3422
22956 2523
22957 738
22958 558
22959 2520
22960 3552
22961 3995
22962 579
22963 3395
22964 3986
22965 4173
22966 543
22967 3262
22968 3255
22969 2385
22970 191
22971 303 1965 2572
22972 1475
22973 1375
22974 2936
22975 3431
22976 1346
22977 348
22978 3599
22979 3210
22980 225
22981 680
22982 1634
22983 62
22984 3946
22985 1655
22986 3542
22987 892
22988 2571
22989 2848
22990 3204
22991 3201
22992 2078
22993 3758
22994 1239
22995 1469
22996 3763
22997 3545
22998 4401
22999 209
23000 930
23001 1370 1694
23002 2027
23003 4328
23004 2757
23005 4420
23006 194
23007 564
23008 587
23009 1469
23010 670
23011 137
23012 562
23013 880
23014 733
23015 2563
23016 2871
23017 4147
23018 2741
23019 803
23020 2837
23021 1119
23022 2591
23023 1308
23024 3051
23025 509
23026 1019
23027 429
23028 796
23029 254
23030 475
23031 1941
23032 1004
23033 3399
23034 4011
23035 695
23036 3217
23037 57 1452
23038 4107
23039 561
23040 2490 3690
23041 1522
23042 1667
23043 3469
23044 3754
23045 1231 2929 3250
23046 1335
23047 4384
23048 2632
23049 737
23050 1368
23051 431
23052 3453
23053 2992
23054 3762
23055 974 2144
23056 1339
23057 3910
23058 879
23059 2653
23060 2221
23061 2086
23062 3487
23063 2421
23064 1427 3626
23065 835 2984
23066 3657
23067 1949
23068 918
23069 1715
23070 543
23071 339 342 1025 3384 3937
23072 3869
23073 1894 2565
23074 3301
23075 83
23076 2427
23077 685
23078 1071
23079 3612
23080 3725
23081 2330
23082 2531
23083 3269
23084 1629
23085 2770
23086 1041
23087 1199
23088 1197 1284 1702 2929 3513 4249
23089 3121
23090 3186
23091 3205
23092 2804
23093 1680
23094 2262
23095 2270
23096 1197
23097 2751
23098 3219
23099 3177
23100 3190
23101 3922
23102 4292
23103 1652
23104 3209
23105 4017
23106 3325
23107 788
23108 2843
23109 923
23110 3215
23111 1799 2007
23112 2236
23113 1489
23114 3209
23115 2476
23116 1787
23117 4109
23118 369 936
23119 4297
23120 1153
23121 1532
23122 1195
23123 1143
23124 3363
23125 308
23126 339
23127 3217
23128 4017
23129 3384
23130 462
23131 3371
23132 2689
23133 2567
23134 3929
23135 1809
23136 2001
23137 1936
23138 1926
23139 3190
23140 3459
23141 2603
23142 3056
23143 3987
23144 1963
23145 839
23146 3218
23147 2973
23148 1163
23149 488
23150 2581
23151 2796
23152 2174
23153 486 638 1668
23154 1625
23155 2610
23156 1830
23157 3218
23158 3204
23159 312
23160 3770
23161 3592
23162 2718
23163 2326
23164 3528
23165 3986
23166 3929
23167 3916
23168 3408
23169 2057
23170 3428
23171 2671
23172 1217
23173 1115
23174 2228
23175 3754
23176 554 2044
23177 4032
23178 1775
23179 1798
23180 1173
23181 1522
23182 3979
23183 1894 2881
23184 1892
23185 2798
23186 2078
23187 1062
23188 1257
23189 4475
23190 3128
23191 1983
23192 2092
23193 846
23194 1302
23195 1865
23196 1163
23197 2362
23198 3378
23199 1348
23200 1642
23201 3834
23202 598
23203 2187 2513
23204 2057
23205 2057
23206 2703
23207 2624
23208 1341
23209 1327
23210 1830
23211 1962
23212 2402 4212
23213 342
23214 1765
23215 1024
23216 4273
23217 773
23218 3553
23219 4264
23220 1341
23221 1727
23222 4385
23223 3200
23224 3880
23225 2062
23226 1038
23227 2057
23228 3187
23229 923
23230 3219
23231 471
23232 2095
23233 561
23234 2082
23235 3753
23236 782
23237 3080
23238 387
23239 1247
23240 3201
23241 3417
23242 717
23243 1949
23244 2261
23245 1875
23246 1340
23247 562
23248 3217
23249 881
23250 1870 2751
23251 1869 1877 2819 3290 3472 3662
23252 3917
23253 405 2491 3809
23254 4043
23255 2187
23256 3200
23257 2855
23258 1905
23259 2281
23260 92
23261 365
23262 342
23263 2157
23264 237
23265 3283
23266 3897
23267 63
23268 108
23269 326
23270 2322
23271 2334
23272 1236
23273 3097
23274 4139
23275 498
23276 3487
23277 1060
23278 31 2237
23279 387
23280 2781
23281 134 1441 2452
23282 1311
23283 4206
23284 3901
23285 2279
23286 461
23287 1915
23288 3202
23289 19
23290 4018
23291 3809
23292 2044
23293 2335
23294 1110
23295 1469
23296 1527
23297 365
23298 2840
23299 1386
23300 736
23301 3876
23302 1102
23303 597
23304 3217
23305 3310
23306 435
23307 2422
23308 2819
23309 3576
23310 374
23311 182
23312 2248
23313 1339 3682
23314 186
23315 4293
23316 4073
23317 326 2086
23318 3701
23319 2814
23320 1892
23321 2122
23322 448
23323 3091
23324 4240
23325 3946
23326 1460
23327 4364
23328 1237
23329 737 1038 3524
23330 207 1469 1797 2959
23331 1522 3173
23332 4050
23333 3141
23334 2927
23335 4384
23336 1843
23337 4465
23338 705 2027
23339 2794
23340 3618
23341 923
23342 1964
23343 1114
23344 3437
23345 2422
23346 2657
23347 2429
23348 2396
23349 1093
23350 1008
23351 2992
23352 4321
23353 2147
23354 2979
23355 733 3209
23356 1450
23357 674
23358 4042
23359 749
23360 4073
23361 1202
23362 327
23363 134
23364 1418
23365 1994
23366 3440
23367 3802
23368 521
23369 714
23370 3525
23371 2675
23372 4126
23373 1223
23374 3950
23375 301
23376 3604
23377 2658
23378 964
23379 2362
23380 4168
23381 4242
23382 1833 2640 3924
23383 633
23384 722
23385 1600
23386 4486
23387 1916 2858 4344
23388 692
23389 1600
23390 2210
23391 327
23392 677
23393 2801
23394 669
23395 250
23396 2933
23397 1346
23398 1568
23399 4265
23400 272
23401 2640
23402 2845
23403 2040
23404 2756
23405 3302
23406 2584
23407 895
23408 3136
23409 515
23410 3987
23411 4246
23412 923
23413 1218
23414 4132
23415 2027
23416 3561
23417 3190
23418 2833
23419 50
23420 2707
23421 3328
23422 3668
23423 1717
23424 2001
23425 168
23426 120
23427 2285 2699
23428 4462
23429 3668
23430 900
23431 3000
23432 3597
23433 914
23434 2945
23435 2805
23436 2950
23437 3931
23438 4209
23439 1344
23440 4064
23441 2539
23442 4173
23443 2527
23444 1894 2131
23445 2901 2901
23446 886
23447 435
23448 3635
23449 2545
23450 1197
23451 793
23452 3217
23453 1698
23454 3865
23455 3501
23456 223
23457 2156
23458 3976
23459 2280
23460 88
23461 2705
23462 669
23463 1583
23464 4270
23465 3348
23466 2569
23467 3218
23468 3492
23469 3556
23470 2614
23471 2017
23472 2391
23473 3158
23474 2081
23475 714
23476 981
23477 2750
23478 2771
23479 1455
23480 4116
23481 1601
23482 2610
23483 868
23484 3391
23485 3465
23486 4191
23487 3381
23488 2959
23489 2366
23490 884
23491 1182
23492 1545
23493 1060 4221
23494 4121
23495 3676
23496 577
23497 1057
23498 945
23499 625
23500 2262
23501 2435
23502 2914
23503 4123
23504 1329
23505 1440
23506 3031 3154
23507 2077 2564
23508 1115
23509 1060
23510 4147
23511 103
23512 2691
23513 1316 2558
23514 4317
23515 1345
23516 2136
23517 2796
23518 851
23519 3326
23520 1767
23521 1880
23522 4227
23523 1003
23524 4427
23525 2940
23526 1904
23527 1337
23528 3974
23529 1823
23530 323
23531 507
23532 2122
23533 2525
23534 1168
23535 1567
23536 1236
23537 3583
23538 618 1418 1585 1710
23539 3618
23540 3489
23541 3521
23542 714
23543 603
23544 3840
23545 3177
23546 4042
23547 4382
23548 1784
23549 562
23550 3305
23551 604
23552 1936
23553 3999
23554 3959
23555 2241
23556 3190
23557 3476
23558 1453
23559 1199
23560 1417 1680
23561 755
23562 793
23563 3468
23564 1464
23565 1064
23566 253
23567 145
23568 3454
23569 2171
23570 4303
23571 2786 3008
23572 947
23573 1624
23574 2159
23575 3770
23576 2568 2590
23577 1511
23578 434
23579 1074
23580 3050
23581 345
23582 283
23583 2094
23584 2518
23585 2062
23586 107
23587 3497
23588 1998
23589 912
23590 4284
23591 4300
23592 3180
23593 3214
23594 351
23595 4222
23596 225
23597 4044
23598 2056
23599 3157
23600 2565
23601 2355 2623 3312
23602 174
23603 3762
23604 4172
23605 2820
23606 1828
23607 1649
23608 671
23609 652
23610 242
23611 934
23612 919
23613 3207
23614 4431
23615 2502
23616 3880
23617 225
23618 2480
23619 3675
23620 2756 2772
23621 3750
23622 3620
23623 2072
23624 873
23625 1071
23626 3931
23627 3568
23628 4448
23629 3262
23630 1319
23631 4151
23632 248
23633 3695
23634 966
23635 3247
23636 3245
23637 3556
23638 126
23639 1337
23640 2588
23641 4455
23642 2700
23643 2531
23644 1585
23645 3530
23646 3005
23647 2193
23648 2620
23649 409
23650 14
23651 2349
23652 1015
23653 1998
23654 408
23655 3518
23656 2461
23657 930
23658 2095
23659 1405
23660 3325
23661 951
23662 3190
23663 3801
23664 3216
23665 725
23666 3851
23667 3641
23668 2057
23669 4134
23670 4025
23671 1060
23672 2807
23673 4421
23674 2921
23675 1228
23676 435
23677 4415
23678 3087
23679 2525
23680 4045
23681 536
23682 2513
23683 3015
23684 3824
23685 3410
23686 4033
23687 2723
23688 3004
23689 2588
23690 2602
23691 1964
23692 3187
23693 683
23694 3301
23695 1341
23696 3100
23697 3280
23698 1384 1635
23699 4208
23700 1799
23701 2267
23702 833
23703 31
23704 370
23705 1236 1643
23706 4120
23707 3064
23708 2616
23709 2305
23710 4033
23711 92
23712 2610
23713 740
23714 2709
23715 2066
23716 1648
23717 2984
23718 3740
23719 1224
23720 2507
23721 3218
23722 750
23723 312
23724 3543
23725 1044
23726 855
23727 3810
23728 3347
23729 3208
23730 366
23731 4467
23732 1060
23733 1452
23734 2847
23735 212
23736 604
23737 2021
23738 2809
23739 4048
23740 3482
23741 1162
23742 3200
23743 2832
23744 1875 3715
23745 2057
23746 2394
23747 2675
23748 3832
23749 3485
23750 1522
23751 3059
23752 81
23753 175
23754 786
23755 1037
23756 2044
23757 3213
23758 2086
23759 1146
23760 2950
23761 4049
23762 3499
23763 91
23764 934
23765 1097 3522 4447
23766 3580
23767 1600
23768 4476
23769 1275
23770 976
23771 2521
23772 3563
23773 3763 4040
23774 438
23775 2236
23776 3090
23777 1701
23778 3367
23779 2520
23780 2984
23781 3989
23782 1751
23783 3427
23784 501
23785 1223
23786 2991
23787 3527
23788 3190
23789 63
23790 356 1587 2954
23791 1246 2925
23792 419 1284
23793 4312
23794 479
23795 2668
23796 2820
23797 1280
23798 3380
23799 178
23800 3536
23801 2848
23802 4209
23803 3253
23804 1060
23805 3975
23806 2483
23807 895
23808 1489
23809 2035
23810 1057
23811 429
23812 2370
23813 3697 3718
23814 3768
23815 2232
23816 2574 3803
23817 4207
23818 1665
23819 3757
23820 4475
23821 904
23822 2759
23823 2955
23824 3229
23825 3250
23826 1734
23827 3046
23828 2961
23829 1478
23830 501 3068
23831 1136
23832 1694
23833 2881
23834 2751
23835 3582
23836 735
23837 321
23838 2970
23839 3423
23840 127
23841 1176
23842 3202
23843 2462
23844 2217
23845 1108
23846 4376
23847 173
23848 480
23849 4110
23850 2644
23851 4460
23852 1358 1359
23853 733
23854 2428
23855 3425
23856 1276
23857 3545
23858 1467
23859 3201
23860 1163
23861 4155
23862 4293
23863 1480
23864 2915
23865 588 2081 2890
23866 2992 3297
23867 3617
23868 624 1869 3678 4115
23869 2018
23870 2075
23871 715
23872 3027
23873 3775
23874 3721
23875 4222
23876 2631
23877 19
23878 489
23879 657
23880 4420
23881 2530
23882 2483
23883 754
23884 692
23885 564
23886 4073
23887 4074
23888 1424
23889 3306
23890 1559
23891 3892
23892 2337
23893 2265
23894 1363
23895 3659
23896 2001
23897 2442
23898 1584
23899 766
23900 631
23901 3506
23902 2595
23903 2751
23904 2196
23905 3020
23906 2722
23907 369
23908 3316
23909 3307
23910 3275
23911 2923
23912 4088
23913 1826
23914 1812
23915 2995
23916 369
23917 3572
23918 3471
23919 997
23920 2249 3388 3961
23921 501
23922 2420
23923 2715
23924 2767
23925 3770
23926 533 1946
23927 2654
23928 784
23929 3668
23930 2407
23931 3157
23932 491
23933 335
23934 1246 2081 3384
23935 3751
23936 3256
23937 29
23938 1747
23939 1964
23940 4139
23941 4475
23942 1499
23943 3120
23944 339 1473
23945 820
23946 342
23947 568
23948 640
23949 3489
23950 844 1972
23951 2476
23952 4029
23953 4454
23954 297
23955 747
23956 677
23957 3013
23958 672
23959 1571
23960 2001
23961 143
23962 2961
23963 47
23964 1028
23965 4023
23966 552
23967 228
23968 3631
23969 3204
23970 745
23971 2788
23972 201
23973 279
23974 1450
23975 2135
23976 2904
23977 1528
23978 465
23979 2828
23980 1136
23981 2649
23982 248
23983 1377
23984 404
23985 1115
23986 3746
23987 2604
23988 2744
23989 311
23990 4242
23991 452
23992 2363
23993 1405
23994 865
23995 1172
23996 4162
23997 4283
23998 2055
23999 3219
24000 2796
24001 3633
24002 1592 1596 3404
24003 267
24004 3863
24005 1000
24006 4401
24007 4381
24008 3216
24009 986
24010 915
24011 463
24012 3135
24013 1680
24014 2992
24015 2982
24016 2396
24017 609
24018 1636 2196
24019 3841
24020 3047
24021 604
24022 772
24023 351
24024 3725
24025 1001
24026 1059
24027 2179
24028 2550
24029 435
24030 2129
24031 4058
24032 1752
24033 378
24034 4261
24035 365
24036 4267
24037 1205
24038 3188
24039 3204
24040 3115
24041 1785
24042 3989
24043 572
24044 3158
24045 2602 3816
24046 1352
24047 40
24048 4150
24049 2248
24050 2578
24051 2578
24052 413
24053 723
24054 693 2977
24055 1254
24056 1680
24057 1478
24058 2964
24059 3677
24060 2847
24061 1377
24062 1728
24063 1962
24064 915
24065 1989
24066 3996
24067 2904
24068 1512
24069 2062
24070 1048
24071 3425
24072 16
24073 754
24074 3285
24075 4094
24076 1733
24077 1661
24078 218
24079 4082
24080 3536
24081 2820
24082 2012
24083 2530
24084 3974
24085 902
24086 1389
24087 1111
24088 3532
24089 4255
24090 768 4003
24091 174
24092 1137
24093 3
24094 2895 2901
24095 3181
24096 2224
24097 2403
24098 3718
24099 3291
24100 4362
24101 3827
24102 2858
24103 2043
24104 1869
24105 2960
24106 1240
24107 1748
24108 3848
24109 163
24110 2335
24111 1182
24112 2689
24113 4226
24114 824
24115 394
24116 154
24117 1430
24118 4323
24119 3955
24120 734
24121 3933
24122 3319
24123 1274
24124 4022
24125 1645
24126 3994
24127 496
24128 4033
24129 1357
24130 3612
24131 2609
24132 2957
24133 2837
24134 2037
24135 2980
24136 1493
24137 3555
24138 774
24139 2015
24140 3002
24141 4028
24142 1115
24143 341
24144 947
24145 3797
24146 2994
24147 3473
24148 394
24149 713
24150 2517
24151 1793
24152 1296
24153 1885
24154 2520
24155 762 2459
24156 2564
24157 2459
24158 4303
24159 1149
24160 3247 4028
24161 880
24162 527 1040
24163 1723
24164 3209
24165 4283
24166 1558
24167 2678
24168 3894
24169 3251
24170 3214
24171 3201
24172 754
24173 3003
24174 372
24175 4060
24176 3215
24177 1074
24178 4194
24179 3792
24180 2335
24181 4402
24182 1105
24183 987
24184 1861
24185 931
24186 3008 4462
24187 3184
24188 3972
24189 2841
24190 420 1667 2070
24191 389
24192 470
24193 1674
24194 372 2537 2537
24195 3520
24196 2259
24197 3299
24198 2815
24199 402
24200 3551
24201 3016
24202 211
24203 1522
24204 3331
24205 3846
24206 3576
24207 692
24208 527
24209 2956
24210 3598
24211 1314
24212 3721
24213 3858
24214 2687
24215 1359 3571
24216 2073
24217 4061
24218 3216
24219 2824
24220 2681
24221 4279
24222 3205
24223 617
24224 3598
24225 2462
24226 3206
24227 2063
24228 1797
24229 2800
24230 72
24231 3837
24232 2246 3021
24233 2689
24234 3578
24235 2404
24236 2386
24237 2798
24238 2563
24239 2653
24240 169
24241 78
24242 2796
24243 2798
24244 2247
24245 4362
24246 2330
24247 2754
24248 2577
24249 2454
24250 63
24251 1003
24252 2450
24253 3634
24254 3932
24255 2275
24256 2968
24257 4012
24258 65
24259 3995
24260 3473
24261 1894
24262 311
24263 586
24264 3336 3427
24265 2383
24266 1175
24267 3605
24268 1654
24269 1069
24270 479
24271 669 3251 3929
24272 3217
24273 2925
24274 2595
24275 2734
24276 1469
24277 4238
24278 687
24279 3379
24280 905
24281 170
24282 633
24283 4202
24284 3312
24285 2666
24286 504
24287 3030
24288 2358
24289 2119
24290 475
24291 793
24292 3217
24293 1553
24294 624
24295 4228
24296 2538
24297 2975
24298 542
24299 1478
24300 505 3190 3719
24301 420
24302 2552 2964
24303 1627
24304 3217
24305 3333
24306 902
24307 3679
24308 4090
24309 1538
24310 3472
24311 4027
24312 3433
24313 3941
24314 1060
24315 1869
24316 303
24317 1614
24318 2123
24319 4400
24320 1894
24321 2158
24322 3454
24323 933
24324 394
24325 628
24326 2798
24327 3769
24328 4376
24329 1115
24330 938
24331 3187
24332 671
24333 4323
24334 3467
24335 3826
24336 2038
24337 60
24338 918
24339 852
24340 3188
24341 2377
24342 2395
24343 1593
24344 3974
24345 1562 2802
24346 1004
24347 2834
24348 1216
24349 1593
24350 2631
24351 4234
24352 2356
24353 2374
24354 2950 2988
24355 4352
24356 2718
24357 339
24358 187
24359 1055
24360 1768
24361 951
24362 1689
24363 1288
24364 1024
24365 1432
24366 1733
24367 791
24368 3213
24369 4476
24370 630 3804
24371 539
24372 2563
24373 3325
24374 1872
24375 2982 4459
24376 4420
24377 730
24378 2983
24379 3383
24380 2213
24381 3181
24382 755
24383 2493
24384 4382
24385 3231
24386 877
24387 2274
24388 3025
24389 3131
24390 3154 3421
24391 238
24392 1060
24393 1978
24394 3503
24395 951
24396 3238
24397 3560
24398 4476
24399 915
24400 2029
24401 3501
24402 1113
24403 776
24404 4205
24405 3819
24406 3490
24407 3935
24408 3436
24409 3967
24410 2881
24411 2093
24412 1236
24413 489
24414 1335
24415 4162
24416 106
24417 2659
24418 2982
24419 1013
24420 3048
24421 669
24422 3280
24423 2062
24424 535
24425 1060
24426 1434
24427 3616
24428 70
24429 1620
24430 3543
24431 2947
24432 438
24433 4030
24434 2610
24435 1396
24436 3736
24437 2640 3504
24438 2345
24439 683
24440 4176
24441 4295
24442 541
24443 4218
24444 2718
24445 483
24446 3188
24447 3562
24448 2992
24449 3128
24450 4464
24451 4317
24452 4414
24453 3933
24454 4474
24455 3095
24456 1342
24457 325
24458 2181
24459 800
24460 961
24461 2192
24462 4429
24463 1692
24464 2991
24465 4205
24466 151
24467 3754
24468 1814
24469 2024
24470 19
24471 3915
24472 2001
24473 2432 3000
24474 1067
24475 976
24476 3209
24477 1394
24478 4124
24479 3547
24480 45
24481 1737
24482 4221
24483 3136
24484 3628
24485 16
24486 2694
24487 42
24488 4018
24489 919
24490 1190
24491 1147
24492 552 2640 3633
24493 1036
24494 1316
24495 1202
24496 473
24497 205
24498 1559
24499 4271
24500 882 1566
24501 3514
24502 2462
24503 1236
24504 2593
24505 747
24506 2647
24507 4480
24508 2474
24509 3378
24510 4291
24511 1566
24512 2725
24513 3249
24514 735
24515 4034
24516 4460
24517 2971
24518 2066
24519 3365
24520 122
24521 1988
24522 3489
24523 3595
24524 1418
24525 4441
24526 3260
24527 1203
24528 3145
24529 698
24530 4412
24531 3355
24532 1026 3677
24533 162
24534 1150
24535 78
24536 737
24537 897
24538 1812
24539 138
24540 4177
24541 3806
24542 2402
24543 121
24544 3029
24545 3682
24546 3205
24547 771
24548 1798
24549 4134
24550 1848
24551 2578
24552 1463
24553 3739
24554 2792
24555 1840
24556 1760
24557 3212
24558 1252 1260 1624
24559 3632
24560 2351
24561 2666
24562 1269
24563 3743
24564 1522
24565 3473
24566 2081
24567 3501
24568 3150
24569 3950
24570 1975
24571 1857
24572 2057
24573 3929
24574 543 561 4174
24575 2320
24576 173
24577 4086
24578 957
24579 3023
24580 754
24581 4132
24582 2573
24583 3532 3811
24584 3741
24585 3367
24586 121 338 2537
24587 2888
24588 926
24589 2952
24590 2302
24591 3586
24592 3535
24593 2968
24594 1797
24595 2006
24596 3902
24597 1599
24598 2086
24599 4326
24600 1454
24601 205
24602 1167
24603 1469
24604 621
24605 289
24606 2332
24607 3210
24608 1235
24609 3200
24610 2110
24611 3454
24612 2616
24613 3316
24614 394 1585
24615 2748
24616 4400
24617 473 735
24618 793 1661
24619 3219
24620 2151
24621 176
24622 203 2860 3652 4029
24623 4311
24624 1021
24625 1798 2808
24626 793
24627 1115
24628 420 422 1332
24629 2490
24630 870
24631 784
24632 1870
24633 492
24634 3239
24635 1556
24636 504
24637 521
24638 675
24639 1139
24640 1316
24641 4337
24642 3071
24643 2900 3020
24644 772
24645 2678 3061
24646 3378
24647 3551
24648 3426
24649 31
24650 1814
24651 2981
24652 2856
24653 3217
24654 2061
24655 959
24656 1508 1849 3673
24657 1195
24658 1418
24659 2093
24660 133
24661 799
24662 3955
24663 4251
24664 148
24665 2702
24666 4301
24667 1235
24668 2901
24669 684
24670 3339
24671 1729
24672 4161
24673 745
24674 2845
24675 1861
24676 1469
24677 394
24678 816
24679 1755
24680 3313
24681 2390
24682 1702
24683 182 2360
24684 1323
24685 793
24686 1199
24687 3350
24688 3074
24689 3581
24690 508
24691 3949
24692 3601
24693 3395
24694 1244
24695 1247
24696 4295
24697 1946
24698 2476
24699 4265
24700 2062
24701 802
24702 561
24703 3200
24704 36
24705 561
24706 3536
24707 2236
24708 1258 2918
24709 1526
24710 2322
24711 3029
24712 3190
24713 2323
24714 1524
24715 294
24716 1025
24717 1087
24718 305
24719 2057
24720 3190
24721 2159
24722 3880
24723 4384
24724 717
24725 1785
24726 20
24727 2275
24728 4473
24729 1342
24730 896
24731 2302
24732 1783
24733 923
24734 2393
24735 2968
24736 2171
24737 161
24738 758
24739 1251
24740 407
24741 532
24742 1534
24743 4205
24744 799
24745 456
24746 3496
24747 4074
24748 3373
24749 4295
24750 1238
24751 5
24752 1341
24753 3826
24754 2751
24755 905
24756 4272
24757 923
24758 3417
24759 987
24760 3340
24761 669
24762 3541
24763 2844
24764 783
24765 583
24766 2969 4044
24767 1138
24768 4357
24769 1724
24770 3209
24771 3757
24772 2950
24773 2927
24774 1700
24775 545
24776 1180
24777 3523
24778 3336
24779 399
24780 769
24781 1824
24782 3848
24783 918
24784 1195
24785 444 2642
24786 3072
24787 2751
24788 3099
24789 4345
24790 2348
24791 2180
24792 3217
24793 1547
24794 1723
24795 3236
24796 330
24797 3200
24798 3493
24799 3633
24800 3215
24801 692
24802 338
24803 562
24804 1204
24805 3772
24806 2097
24807 3048
24808 327 745 1097 1133 1656
24809 66
24810 2290
24811 3114
24812 1365
24813 517
24814 531
24815 459
24816 760
24817 1694 3885 4123
24818 2148 3165
24819 4035
24820 3685
24821 364
24822 2698
24823 733
24824 3763
24825 3770
24826 3771
24827 2564
24828 3487
24829 3465
24830 4375
24831 873 1455
24832 3759
24833 1197
24834 3530
24835 3923
24836 3328
24837 471
24838 1750
24839 3880
24840 75
24841 2233
24842 3073
24843 3108
24844 3157
24845 396
24846 1870
24847 82
24848 2131
24849 2551
24850 126
24851 2062
24852 2702
24853 2061
24854 2429
24855 1099
24856 1038
24857 2360 2818 2901
24858 4129
24859 2706
24860 3190
24861 3397
24862 2203
24863 651
24864 2317 3087
24865 2700
24866 1776
24867 1559
24868 173
24869 530
24870 596
24871 1503
24872 2712
24873 3325
24874 1119
24875 1236
24876 2841
24877 2257
24878 1689
24879 1910
24880 1278
24881 4275
24882 3895
24883 478
24884 2751
24885 4404
24886 2296
24887 1784
24888 3340
24889 2145
24890 1167
24891 2921
24892 2492
24893 1722
24894 1650
24895 1503
24896 526
24897 1741
24898 3294
24899 4463
24900 3578
24901 412
24902 2490 2904
24903 457
24904 128
24905 503 2727
24906 2992
24907 525 564 3644 3960
24908 3974
24909 3636
24910 211
24911 2777
24912 2755
24913 4266
24914 2646
24915 4117
24916 2465
24917 976
24918 3949
24919 2490
24920 339
24921 2660
24922 2576
24923 749
24924 3415
24925 2396
24926 292
24927 419 3008
24928 2636
24929 3935
24930 578
24931 1306 2435
24932 3741
24933 3608
24934 679
24935 3792
24936 2081
24937 2901
24938 1036
24939 93
24940 2964
24941 1551
24942 3125
24943 1060
24944 1922
24945 963
24946 1725
24947 3843
24948 1892
24949 4098
24950 3200
24951 4446
24952 3726
24953 892
24954 2696 3378
24955 562
24956 2209
24957 1205
24958 1157
24959 3205
24960 2533
24961 2987
24962 733
24963 1150
24964 2851
24965 2988
24966 3538
24967 1670
24968 181
24969 2497
24970 1415
24971 1998
24972 2194
24973 121
24974 1223
24975 3570
24976 2130
24977 977
24978 3771
24979 4173
24980 912
24981 2927 4171
24982 419
24983 894
24984 4
24985 3053
24986 2992
24987 2063
24988 4148
24989 4251
24990 867
24991 552
24992 1175
24993 3724
24994 2732
24995 2824
24996 1348
24997 930
24998 3325
24999 736
25000 4162
25001 3026
25002 43
25003 135 3195 4423
25004 2560
25005 3225
25006 4488
25007 526
25008 3873
25009 2537
25010 3499
25011 3674
25012 1293
25013 4496
25014 1252
25015 1342
25016 3217
25017 4364
25018 3084
25019 3604
25020 3764
25021 248 1202
25022 2969
25023 2856
25024 3726
25025 3726
25026 3936
25027 1341
25028 123
25029 2230
25030 3018
25031 676
25032 1751
25033 2386
25034 4242
25035 3976
25036 3800
25037 2226
25038 3915
25039 1003
25040 640
25041 3128
25042 582
25043 1399
25044 1177
25045 1202
25046 3286
25047 3876
25048 1753
25049 4076
25050 4281
25051 3249
25052 1236
25053 1441
25054 279
25055 624
25056 3694
25057 3541
25058 3389
25059 3458
25060 3188
25061 4256
25062 4156
25063 1545 4076
25064 3976
25065 2291
25066 1056
25067 2131
25068 2587 3631
25069 2840
25070 3763
25071 741
25072 2088
25073 4443
25074 3727
25075 3190
25076 3210
25077 3819
25078 1351
25079 1264
25080 527
25081 2864
25082 1115
25083 3864
25084 3754
25085 3439
25086 3991
25087 3485
25088 530
25089 3754
25090 2838
25091 369 1573
25092 3367
25093 4056
25094 4035
25095 2949
25096 3060
25097 3870
25098 1899
25099 3412
25100 2668
25101 3993
25102 2621
25103 1149
25104 1108
25105 4242
25106 1344
25107 824 846 2954
25108 1197
25109 1065
25110 1340
25111 1608
25112 3323
25113 454
25114 3690
25115 657
25116 728
25117 956 2008 2531 3285
25118 1737
25119 3665
25120 658
25121 2244
25122 4422
25123 4119
25124 496
25125 3295
25126 3005
25127 349
25128 2912
25129 341
25130 1306
25131 4080
25132 1649
25133 1097
25134 1089
25135 693
25136 3105
25137 2520
25138 1074
25139 372 470 488 489 939 4062
25140 3397
25141 4288
25142 2502
25143 3316
25144 1663
25145 1966
25146 3583
25147 3215
25148 2565 2672
25149 1517
25150 2993
25151 3297
25152 3337
25153 4057
25154 2698
25155 1455
25156 1257
25157 3495
25158 3097
25159 4451
25160 3213
25161 2951
25162 3719
25163 3161
25164 782
25165 140
25166 2686 3687
25167 3425
25168 324
25169 2933
25170 978
25171 2528
25172 3427
25173 2557
25174 146
25175 543
25176 3250
25177 824
25178 2057
25179 4270
25180 2347
25181 867
25182 599
25183 990
25184 337 532 905 1661 3427
25185 2429
25186 1770
25187 3670
25188 451
25189 2479
25190 4197
25191 1177
25192 100
25193 3204
25194 523
25195 1515
25196 1648
25197 321 2873 3382 3384
25198 532
25199 2416
25200 1302
25201 1226
25202 3683
25203 667
25204 1524
25205 192
25206 1940
25207 3418
25208 2749
25209 562 4284
25210 275
25211 2705
25212 4450
25213 234
25214 220 293
25215 4196
25216 1452
25217 173
25218 1881
25219 2779
25220 3690
25221 3101
25222 3222
25223 507
25224 2585
25225 4042
25226 512
25227 894
25228 4324
25229 1077
25230 3394
25231 4457
25232 2813
25233 3689
25234 470
25235 1710
25236 2386
25237 1446
25238 3614
25239 2531
25240 3204
25241 1492
25242 250
25243 3378 3471
25244 1743
25245 1978
25246 3640
25247 1440
25248 2502
25249 4428
25250 1880
25251 3178
25252 2565
25253 3296
25254 784
25255 3800
25256 1320
25257 102
25258 624 3165
25259 3290
25260 2483
25261 3754
25262 110
25263 2328
25264 3949
25265 187
25266 3667
25267 3952
25268 420 840 844
25269 2577
25270 3701
25271 2379
25272 4165
25273 470
25274 2520
25275 3658
25276 1705
25277 3752
25278 4306
25279 153
25280 1522
25281 1796
25282 2490
25283 923 2556 3251
25284 3791
25285 2785
25286 15
25287 2810 2992
25288 3204
25289 4433
25290 3937
25291 2036
25292 3726
25293 785
25294 3265
25295 2895
25296 2845
25297 1206
25298 1247
25299 2404
25300 733
25301 2283
25302 4156
25303 3486
25304 760
25305 2547
25306 3708
25307 911
25308 2423
25309 4165
25310 1802
25311 2966
25312 3701
25313 2966
25314 2062
25315 1283
25316 4120
25317 1843
25318 1606
25319 3738
25320 937
25321 4242
25322 623 3539
25323 3935
25324 3915
25325 2993
25326 444 3173
25327 4062
25328 4205 4208
25329 4306
25330 2649
25331 567
25332 2012
25333 1467
25334 4209
25335 359
25336 215
25337 374 465 935
25338 4275
25339 1448
25340 3934
25341 1036
25342 964
25343 2715
25344 3246
25345 3437
25346 3263
25347 3595
25348 3166
25349 3083
25350 1486
25351 1893
25352 1669
25353 943 2969
25354 4211
25355 1202 1940 2571 2926
25356 2314
25357 3090
25358 3429
25359 2023
25360 669
25361 3641
25362 4324
25363 797
25364 3214
25365 1545
25366 995
25367 3151
25368 1029
25369 1825
25370 4010
25371 4475
25372 1122
25373 311
25374 1362
25375 2864
25376 1348
25377 1525
25378 2315
25379 3157
25380 374
25381 2043
25382 1883 3499
25383 771
25384 2329
25385 2032
25386 876 2520 2984 3217
25387 966
25388 1940
25389 1770
25390 2705
25391 3736
25392 3367
25393 458 1742
25394 4302
25395 225 1636 2348 2914 2992
25396 3465
25397 4074
25398 1711
25399 2502
25400 4196
25401 3064
25402 4066
25403 3685
25404 155
25405 3979
25406 407
25407 1061
25408 2962
25409 2696
25410 1341
25411 2803
25412 2968
25413 2057
25414 915
25415 3396
25416 1486 3218
25417 2935
25418 3200
25419 556
25420 1504
25421 3717
25422 2873
25423 327
25424 3048
25425 2219
25426 1493
25427 4482
25428 2874
25429 3324
25430 4257
25431 1540
25432 2335
25433 3224
25434 3149
25435 2829
25436 1092
25437 3014
25438 3880
25439 1583
25440 3628
25441 2916
25442 2939
25443 64
25444 3441
25445 1257
25446 1330
25447 1346
25448 435
25449 3809
25450 1450
25451 1469 3043
25452 3960
25453 1231
25454 788
25455 1680 3666
25456 968
25457 1367
25458 4028
25459 2423
25460 986
25461 127
25462 2512
25463 153
25464 1122
25465 1520 2809
25466 2295
25467 2295 2574 3022 3060 3924 4179
25468 1144
25469 824 844 1797
25470 893
25471 1603 3486
25472 2690
25473 3234
25474 3719
25475 3002
25476 655
25477 1325
25478 1476
25479 3467
25480 3132
25481 1994
25482 3022
25483 1328
25484 1725
25485 4491
25486 3876 4148
25487 698
25488 3795
25489 2711
25490 224
25491 1523
25492 733 1218 1223 1545
25493 3567
25494 3717
25495 3216
25496 1152
25497 886
25498 4152
25499 2951
25500 1348
25501 2112
25502 2857
25503 4484
25504 434
25505 473 3578
25506 2025
25507 1711
25508 1335
25509 701
25510 676
25511 2818
25512 3998
25513 1983
25514 2845
25515 4460
25516 2641
25517 528
25518 1222
25519 4016
25520 125
25521 1652
25522 515
25523 1522 3754
25524 3350
25525 931
25526 2242
25527 895
25528 784
25529 2040
25530 2684
25531 3918
25532 506
25533 543 564 3718
25534 2901
25535 3714
25536 3021
25537 2881
25538 3664
25539 396
25540 3133
25541 1239
25542 57
25543 2521 3466
25544 757
25545 4419
25546 2337
25547 4219
25548 3707
25549 3157
25550 2216
25551 861
25552 657
25553 3316
25554 2592
25555 200
25556 3208
25557 1940
25558 1377
25559 3855
25560 684
25561 3813
25562 1693
25563 1478
25564 1220
25565 1584
25566 2061
25567 1341
25568 2303 2952
25569 187
25570 3510
25571 2781 3190
25572 454
25573 966
25574 3601
25575 1022
25576 3511
25577 1191
25578 1165
25579 1236
25580 1406
25581 3665
25582 3187
25583 2081
25584 2178
25585 2061
25586 3238
25587 2705
25588 2637
25589 4017
25590 4283
25591 2577 3105
25592 3188
25593 1444
25594 738
25595 784
25596 4085
25597 145
25598 2750
25599 2710
25600 3052
25601 2934 3087
25602 1520
25603 868
25604 3933
25605 338
25606 919
25607 683
25608 901
25609 2994
25610 4302
25611 530
25612 739
25613 289
25614 4172
25615 1503
25616 401
25617 2717
25618 3348
25619 274 380 473 828 846 934
25620 2112
25621 1146
25622 4462
25623 448
25624 1217
25625 4007
25626 4271
25627 3447
25628 2146
25629 3128
25630 2003
25631 2765
25632 3751
25633 2705
25634 2130
25635 4082
25636 445
25637 1093
25638 3629
25639 1163
25640 2396 2556
25641 259
25642 2491 3631
25643 1726
25644 3369
25645 241
25646 4123
25647 1376
25648 4381
25649 3133
25650 3953
25651 2075
25652 289
25653 3986
25654 1741
25655 2282
25656 3314
25657 2146
25658 3412
25659 1919
25660 106
25661 551
25662 3950
25663 4381
25664 2727
25665 4259
25666 191
25667 2960
25668 89
25669 1953
25670 4090
25671 3625
25672 3452
25673 50
25674 1122
25675 4371
25676 2600
25677 4447
25678 999
25679 1612
25680 3214
25681 3725
25682 2057
25683 544 874 891 2027 4028
25684 437
25685 3643
25686 327
25687 3996
25688 3422
25689 1592
25690 751
25691 1111
25692 1749
25693 3699
25694 3714
25695 1989
25696 3857
25697 872
25698 1511
25699 1257
25700 290
25701 396
25702 1548
25703 1484
25704 553
25705 2956
25706 1872
25707 1952
25708 3002
25709 1134
25710 3744
25711 2009
25712 3982
25713 330
25714 657 1227 2409 3275 4193
25715 3918
25716 416
25717 2217
25718 1481
25719 3676
25720 4150
25721 4053
25722 3416
25723 199
25724 2293
25725 225
25726 122
25727 3433
25728 4070
25729 3831
25730 2638
25731 4282
25732 3538
25733 405 757 2458 3427
25734 152
25735 3772
25736 2088
25737 2711
25738 1173
25739 919
25740 205
25741 4177
25742 3642
25743 143
25744 3589
25745 3214
25746 3214
25747 4402
25748 3690
25749 608
25750 2715
25751 2544
25752 2229
25753 2003
25754 2358
25755 1757
25756 2808
25757 3663
25758 2987
25759 2127
25760 3204
25761 1328
25762 2502
25763 962
25764 2960
25765 3801
25766 4158
25767 4347
25768 4225
25769 4337
25770 4495
25771 2533
25772 1992
25773 3801
25774 4011
25775 1994
25776 510
25777 2858 2927
25778 2457
25779 3848
25780 2209
25781 1573
25782 1304
25783 3200
25784 4184
25785 707
25786 1447
25787 3524
25788 3084
25789 211
25790 3450
25791 1256 1618 3085
25792 2499
25793 538
25794 2951
25795 2108
25796 4334
25797 2328
25798 3618
25799 3557
25800 377
25801 3069
25802 1593
25803 1031
25804 3733
25805 1374
25806 4198
25807 1218
25808 2839
25809 1038
25810 2662
25811 4386
25812 429
25813 1336
25814 379
25815 1533
25816 1530
25817 110
25818 63 2517
25819 2573
25820 599
25821 1226
25822 3217
25823 1353
25824 3105
25825 468
25826 2264
25827 1029
25828 2006
25829 1540
25830 387
25831 2462
25832 1047
25833 4315
25834 342 4239
25835 2483
25836 4458
25837 3610
25838 1146
25839 211
25840 3612
25841 2748
25842 4343
25843 3323
25844 2671
25845 4429
25846 1373
25847 3218
25848 374
25849 3180
25850 534
25851 1517
25852 2685
25853 1359
25854 1395
25855 3797
25856 482
25857 3915
25858 1450
25859 2875
25860 2680
25861 3212
25862 4244
25863 755
25864 1105
25865 2560
25866 1418
25867 2117
25868 390
25869 1593 1595
25870 2449
25871 3961
25872 299
25873 1661
25874 1180
25875 3160
25876 2561
25877 4085
25878 1450
25879 3265
25880 2441
25881 4344
25882 4317
25883 1754
25884 4415
25885 1641
25886 2962
25887 1607
25888 2232
25889 3844
25890 521
25891 142
25892 261 2165 2904 2905 3379
25893 795
25894 2950
25895 558
25896 3215
25897 1599
25898 123
25899 1257
25900 4138
25901 3139
25902 130
25903 693
25904 2058 2062
25905 3576
25906 4447
25907 1673
25908 369 936
25909 4283
25910 3118
25911 3213
25912 390
25913 474
25914 1151
25915 1322
25916 1527
25917 394
25918 979
25919 1843
25920 1991
25921 1959
25922 2429
25923 3898
25924 3075
25925 908
25926 2748
25927 2119
25928 200
25929 4417
25930 3950
25931 2803
25932 1599
25933 983
25934 2750
25935 4475
25936 394
25937 1044
25938 1562
25939 3202
25940 1787
25941 4074
25942 2783
25943 1117
25944 4366
25945 4000
25946 3188
25947 4318
25948 4292
25949 3196
25950 1959
25951 1446
25952 2967
25953 793
25954 3217
25955 2058
25956 524
25957 3653
25958 3250
25959 2322
25960 1963
25961 1111
25962 1612
25963 3743
25964 3379
25965 4051
25966 1257
25967 1274
25968 2057
25969 3324
25970 3935
25971 1501
25972 2821
25973 4200
25974 3454
25975 733
25976 867
25977 1349
25978 733 1325
25979 2781
25980 4442
25981 3899
25982 3144
25983 827
25984 844 1634 3299
25985 667
25986 3128
25987 818
25988 297 302
25989 4290
25990 583
25991 3070
25992 2678
25993 1859
25994 867 1178
25995 1206
25996 3901
25997 4075
25998 4250
25999 3134
26000 323
26001 922
26002 1680
26003 4183
26004 1343
26005 566 1840
26006 1350
26007 2183
26008 2124
26009 2215
26010 870
26011 4283
26012 1472 3384
26013 2816
26014 1251
26015 3210
26016 1452
26017 2992
26018 2049
26019 3597
26020 4384
26021 4411
26022 3133
26023 1142
26024 1764
26025 3837
26026 4049
26027 1861
26028 3222
26029 3219
26030 3899
26031 3339
26032 4400
26033 3116
26034 4367
26035 893
26036 3099
26037 3051
26038 4158
26039 1918
26040 671 2929
26041 3691
26042 3069
26043 1955
26044 4292
26045 249 4343
26046 2505
26047 669
26048 2445
26049 128
26050 3980 4123
26051 2403 2522
26052 2947
26053 2892
26054 3901
26055 3852
26056 931
26057 4095
26058 3245
26059 265
26060 2701
26061 36
26062 3013
26063 3419
26064 1608
26065 494
26066 2446
26067 3218
26068 1220
26069 3191
26070 734 4221
26071 1953
26072 2638
26073 3576
26074 801
26075 3954
26076 2247
26077 4283
26078 4385
26079 4419
26080 2710
26081 3791
26082 1786
26083 4327
26084 3645
26085 2983
26086 1029
26087 2339
26088 4025
26089 3051
26090 868
26091 1860
26092 3200
26093 2617
26094 2528
26095 846 936
26096 3208
26097 1029
26098 3736
26099 543
26100 3679
26101 2149
26102 3007
26103 386 1469 1539 1797 2517 2890
26104 1469
26105 3986
26106 3215
26107 952
26108 1613
26109 1346
26110 293
26111 2787
26112 526
26113 3864
26114 957
26115 3341
26116 3048
26117 921
26118 4170
26119 1218
26120 4355
26121 1701
26122 1492
26123 881
26124 745
26125 4453
26126 650
26127 863
26128 4076
26129 911
26130 381 1963 3002
26131 1139
26132 1311 1316
26133 4188
26134 3200
26135 1911
26136 799
26137 421
26138 3492
26139 416
26140 4187
26141 2106
26142 680
26143 3571
26144 2799
26145 1627
26146 477
26147 2078
26148 3690 3862
26149 4041
26150 342
26151 4202
26152 393
26153 4409
26154 2129
26155 307 959
26156 1385
26157 4122
26158 2865
26159 4483
26160 1721
26161 501
26162 3698
26163 3839
26164 3200
26165 2729
26166 894
26167 3121
26168 3983
26169 2963
26170 3617
26171 1194
26172 3391
26173 15
26174 673
26175 1060 3935
26176 139
26177 3142
26178 2808
26179 1548
26180 4041
26181 3357
26182 2526
26183 3654
26184 427
26185 1430
26186 3005
26187 2246
26188 1127 1207 3626
26189 705
26190 624 820 3597
26191 4199
26192 1254
26193 124
26194 139
26195 1784
26196 50
26197 725
26198 1097
26199 3718
26200 902
26201 3402
26202 1751
26203 582
26204 1075
26205 2351
26206 3685
26207 3371
26208 2773 2903 3251
26209 4055
26210 2763
26211 3770
26212 334
26213 986
26214 326
26215 3899
26216 428
26217 3861
26218 3792
26219 438
26220 2137
26221 473
26222 1902
26223 4202
26224 869
26225 1649
26226 802
26227 2963
26228 1574
26229 3758
26230 1823
26231 2806
26232 3594
26233 4018
26234 3922
26235 3324
26236 3572
26237 4447
26238 1843
26239 3239
26240 543
26241 4132
26242 211
26243 1671
26244 937
26245 2561
26246 1342
26247 1892 2860
26248 4394
26249 373
26250 2983
26251 1001
26252 2167
26253 3535
26254 1307
26255 3880
26256 2500
26257 1455
26258 1361
26259 2615
26260 931
26261 1085
26262 4295
26263 2554
26264 3949
26265 1947
26266 3991
26267 1149
26268 4235
26269 1149
26270 2759 3216
26271 151
26272 1160
26273 592
26274 413
26275 2818
26276 4281
26277 2276
26278 3418
26279 2613
26280 3896
26281 288
26282 337
26283 4432
26284 4380
26285 1048
26286 3171
26287 1183
26288 2441
26289 4089
26290 2509 2908
26291 820
26292 1188
26293 4297
26294 235
26295 3217
26296 757
26297 3925
26298 1650
26299 3792
26300 367
26301 4184
26302 2135
26303 2388
26304 797
26305 3439
26306 4117
26307 3554
26308 443
26309 507
26310 3743
26311 16
26312 3271
26313 1235
26314 3657
26315 1797
26316 1763
26317 51
26318 3289
26319 2587 2718 3912
26320 4216
26321 1927
26322 3425
26323 3362 3634
26324 321
26325 4241
26326 435
26327 4332
26328 470
26329 394
26330 2229
26331 2900
26332 138
26333 2978
26334 921
26335 3190
26336 2083
26337 2086
26338 1179
26339 172
26340 1038
26341 2559
26342 3754
26343 1875
26344 1440
26345 2654
26346 3390
26347 3984
26348 4211
26349 2569
26350 3246
26351 979
26352 2127
26353 878
26354 1926 3188
26355 1585
26356 905
26357 4074
26358 866
26359 4438
26360 522
26361 211
26362 1880
26363 2554
26364 2526
26365 433
26366 1203
26367 2916
26368 2984
26369 1869 3029
26370 2001
26371 954
26372 3885
26373 2384
26374 3490
26375 3848
26376 2649
26377 2955
26378 266
26379 2238
26380 2627
26381 1404
26382 2956
26383 1680 2796
26384 2520
26385 1043
26386 1662
26387 3332
26388 1730
26389 1309
26390 2545
26391 2378
26392 504
26393 506
26394 345
26395 563 634 692 1201 1547 2963 3399 3949
26396 479
26397 1664
26398 455
26399 1005
26400 1447
26401 1218
26402 3154
26403 4462
26404 3824
26405 81
26406 3187
26407 1418
26408 1837
26409 2906
26410 1455 2326
26411 2963
26412 571
26413 2896
26414 4389
26415 2177
26416 3215
26417 2815
26418 3188
26419 1008
26420 3751
26421 2032
26422 3147
26423 695
26424 289
26425 2264
26426 2069
26427 4311
26428 789
26429 2726
26430 3628
26431 3169
26432 1450
26433 2929 2929
26434 3210
26435 2474
26436 3743
26437 3827
26438 2000
26439 2191
26440 2789
26441 880
26442 3421
26443 2077
26444 1227
26445 123
26446 3714
26447 3149
26448 780
26449 2062 3267
26450 667
26451 3180
26452 281
26453 3676
26454 3766
26455 60
26456 3574
26457 2095
26458 1613
26459 682
26460 1692
26461 330 874 1894
26462 169
26463 4150
26464 1216
26465 2892
26466 2491
26467 1211
26468 2627
26469 793
26470 1334
26471 735
26472 1344
26473 704
26474 3066
26475 3935
26476 2057
26477 1241
26478 2968
26479 4385
26480 3206
26481 2490
26482 1494
26483 1585
26484 3772
26485 4107
26486 2939
26487 2554
26488 688
26489 1214
26490 2942
26491 4355
26492 1106
26493 2808
26494 4488
26495 4444
26496 1164
26497 2900
26498 3961
26499 1880
26500 1428
26501 1163
26502 2798
26503 2012
26504 1101
26505 2773
26506 689
26507 4204
26508 911
26509 3417
26510 3705
26511 2061 3384
26512 2050
26513 2397
26514 183
26515 330 1316
26516 61
26517 2930
26518 3279
26519 3949
26520 1928
26521 28
26522 3665
26523 261
26524 4062
26525 43
26526 3111
26527 2062
26528 3670
26529 3324
26530 1257 4204
26531 661
26532 16
26533 3853
26534 735
26535 3862
26536 3462
26537 323
26538 2674
26539 2196
26540 4364
26541 3325
26542 3205
26543 1023
26544 3066
26545 277
26546 3441
26547 16
26548 1978
26549 1246 2914
26550 1005
26551 766
26552 2845
26553 1640
26554 1527
26555 3021
26556 2463
26557 2516
26558 1564
26559 2955
26560 2993
26561 4193
26562 1838
26563 1593
26564 1344
26565 1267
26566 1929 1940
26567 4458
26568 2406
26569 333
26570 3550
26571 228
26572 3154
26573 2569
26574 468
26575 2187
26576 2992
26577 2449
26578 3415
26579 1531
26580 2038
26581 372 840 1293
26582 3628
26583 655
26584 1212 1543 4076
26585 1159
26586 3204
26587 3345
26588 3715 4299
26589 2468
26590 1385 3929
26591 3354
26592 1257
26593 1551
26594 2916 3631
26595 2530
26596 1266
26597 3387
26598 1853
26599 3750
26600 577
26601 211
26602 656
26603 3213
26604 1941
26605 4082
26606 1056
26607 1199
26608 2186
26609 19
26610 1593
26611 2606
26612 2808
26613 3066
26614 2201
26615 2057
26616 1798
26617 2648
26618 2451
26619 1926 2463
26620 1764
26621 441
26622 898
26623 2898
26624 3632
26625 2654
26626 2973
26627 137 3542
26628 3447
26629 3690 3927
26630 758 3419
26631 4329
26632 3200
26633 1179
26634 797
26635 387 3690
26636 4011
26637 2660
26638 4302
26639 3188
26640 4334
26641 1657
26642 905
26643 205
26644 1236
26645 3396
26646 3476 4263
26647 3419
26648 975 1539 1542 1690 2081 2910 2913 3531
26649 3770
26650 4096
26651 3487
26652 3660
26653 22
26654 4246
26655 1445
26656 3375
26657 2703
26658 2808
26659 923
26660 1337
26661 1913
26662 1230
26663 2565
26664 3986
26665 2268
26666 2991
26667 2720
26668 191
26669 483
26670 971
26671 2950
26672 3506
26673 399 728 792
26674 3601
26675 1634
26676 4435
26677 3162
26678 3128
26679 292
26680 35
26681 1784
26682 1878
26683 1110
26684 3219
26685 3435
26686 3752
26687 3208
26688 2336
26689 3717
26690 1160
26691 2216
26692 2955
26693 2025
26694 418
26695 3209
26696 2101
26697 1349 1867 2332 2837 3021
26698 739
26699 1753
26700 915
26701 4065
26702 893
26703 4054
26704 2564 2963
26705 4252
26706 407 1231
26707 925 1042
26708 669
26709 3181 3225
26710 1395 1694 2144 2933 3064 3171
26711 3571
26712 3832
26713 2847 3685
26714 2588
26715 1545 3444
26716 2661
26717 1025
26718 3073
26719 4399
26720 4285
26721 1201
26722 1781
26723 1543 2919 4074
26724 3141
26725 1197
26726 2895
26727 1698
26728 3423
26729 1272
26730 2715
26731 390
26732 2365
26733 4073
26734 4342
26735 2250
26736 2380
26737 3036
26738 4183
26739 562 4000
26740 3202
26741 2431
26742 1019
26743 2037
26744 2566
26745 2686
26746 867
26747 1511
26748 2267
26749 2728
26750 4289
26751 3017
26752 1991
26753 737 4430
26754 3528
26755 2554
26756 354
26757 2062
26758 4454
26759 370 3927
26760 469
26761 1334
26762 1524
26763 905
26764 984
26765 1331
26766 1457
26767 387
26768 1589
26769 3212
26770 754
26771 894
26772 550
26773 871
26774 1255
26775 3559
26776 620 2007
26777 3665
26778 1236
26779 2945
26780 3864
26781 1308 2895 2943
26782 3200 3209 3771
26783 3447
26784 3044
26785 1036
26786 1095
26787 3931
26788 3988
26789 4313
26790 3378
26791 369 3873
26792 2410
26793 1783
26794 1083
26795 3218
26796 1416
26797 2074 2765
26798 3869
26799 3503
26800 3355
26801 1196
26802 3300
26803 4183
26804 2049
26805 3245
26806 3728
26807 3325
26808 3173
26809 402 1522
26810 3128
26811 3487
26812 3337
26813 2552
26814 2415
26815 2496
26816 1601
26817 1150 3220
26818 2792
26819 552
26820 2666
26821 3421
26822 3754
26823 339
26824 4203
26825 920
26826 1363
26827 2564
26828 3012
26829 3916
26830 1794
26831 3190
26832 3000 3000
26833 1446
26834 4378
26835 3067
26836 1335
26837 3915
26838 3801
26839 3305
26840 3648
26841 1482
26842 1522
26843 90
26844 1974
26845 2717
26846 1278 2615 3422
26847 3410
26848 1316
26849 4362
26850 146
26851 2012
26852 2464
26853 23
26854 2415
26855 1230
26856 2251
26857 2079
26858 593
26859 521 1870
26860 2754
26861 1303
26862 3128 3697
26863 937
26864 4161
26865 3245
26866 23
26867 919
26868 1589
26869 3136
26870 327 2873
26871 4162
26872 1035
26873 3251
26874 2497
26875 1236
26876 492
26877 2079
26878 1182 1316 1659 3193 3701
26879 2023
26880 3629
26881 3935
26882 2038
26883 624 3925
26884 4401
26885 4299
26886 3099
26887 2729
26888 2951
26889 2973
26890 2162
26891 3811
26892 3667
26893 2227
26894 1143
26895 2919
26896 3927
26897 798
26898 2447
26899 1311
26900 4328
26901 1254
26902 1958
26903 3337
26904 757
26905 265
26906 677
26907 4320
26908 4196
26909 980
26910 2653 3934
26911 1742
26912 2089
26913 1226
26914 1656
26915 1060
26916 1860
26917 1784
26918 599
26919 3864
26920 2146
26921 3754
26922 402
26923 283
26924 340
26925 663
26926 1719
26927 3987
26928 336 338 342 501 3242 3950 4085
26929 3747
26930 3111
26931 4021
26932 3346
26933 2827
26934 2989
26935 3228
26936 1551
26937 3316
26938 123
26939 1105
26940 2909
26941 1007
26942 2950
26943 3427
26944 3216
26945 1185
26946 2992
26947 923
26948 3419
26949 1423
26950 4271
26951 3006
26952 4475
26953 745
26954 1401
26955 4013
26956 3209
26957 3471 3481
26958 339 3663
26959 2651
26960 249 2698
26961 3848
26962 2908
26963 1383
26964 1303
26965 879
26966 3218
26967 1342
26968 3570
26969 1907
26970 4071
26971 1999
26972 1363
26973 446
26974 27
26975 1485
26976 1246
26977 3571
26978 2016
26979 2847
26980 3256
26981 2963
26982 761
26983 915
26984 3169
26985 4216
26986 2051
26987 2737
26988 3551
26989 1857
26990 2140
26991 2416
26992 4433
26993 24
26994 4305
26995 443
26996 2778
26997 3410
26998 2618
26999 1455
27000 2953
27001 1036
27002 1406
27003 531
27004 3546
27005 888
27006 4040
27007 1884
27008 3128
27009 342 736 1906
27010 1025
27011 281
27012 4315
27013 4298
27014 784
27015 1423
27016 4173
27017 2430 2927
27018 3015
27019 2763
27020 1196
27021 1340
27022 3218
27023 3758
27024 2368
27025 1344 2649
27026 3674
27027 1646
27028 155
27029 3751
27030 1773
27031 1803
27032 2901
27033 3209
27034 4302
27035 3666
27036 2863
27037 1349
27038 884
27039 3647
27040 761
27041 2383
27042 405
27043 127
27044 1447
27045 3710
27046 2416
27047 1837
27048 564
27049 3893
27050 1236
27051 489
27052 4262
27053 3777
27054 1523
27055 4230
27056 846 2331
27057 4289
27058 4214
27059 580
27060 2269
27061 3254
27062 1504
27063 3693
27064 4117
27065 4172
27066 1713
27067 1405
27068 652
27069 3270
27070 3943
27071 3190
27072 3213
27073 3294
27074 308
27075 3157
27076 2305
27077 1049
27078 1171
27079 4421
27080 1787
27081 1150
27082 2676
27083 3945
27084 3225
27085 1028
27086 675
27087 3142
27088 3961
27089 2527
27090 2785
27091 1947
27092 1010
27093 3000
27094 2701
27095 2122
27096 1727
27097 2420
27098 3618
27099 3293
27100 3717
27101 2987
27102 1287
27103 3609
27104 3792
27105 3411
27106 4228
27107 1029 1162
27108 2483
27109 337 763
27110 2201
27111 3413
27112 3196
27113 4392
27114 3197
27115 3413
27116 142
27117 2772
27118 2627
27119 3365
27120 1922
27121 3910
27122 4255
27123 1503
27124 943
27125 2550
27126 525
27127 355
27128 1745
27129 1769
27130 1880
27131 751
27132 1469
27133 3450
27134 694
27135 3326
27136 2102
27137 906
27138 3214
27139 1216
27140 3285
27141 1493
27142 4105
27143 598
27144 2819
27145 473
27146 3419
27147 4110
27148 4370
27149 3856
27150 3848
27151 3244
27152 3990
27153 3583
27154 1696
27155 2095
27156 754
27157 1587
27158 399
27159 1308
27160 1029
27161 24
27162 405
27163 3201
27164 564
27165 2057
27166 2095
27167 4284
27168 1049
27169 814
27170 632 636
27171 4256
27172 2438
27173 3173
27174 2257
27175 1513
27176 353
27177 2955
27178 2559
27179 672
27180 237 1684
27181 1751
27182 1972
27183 3233
27184 195
27185 1217
27186 4315
27187 4102
27188 3986
27189 327
27190 3934
27191 1731
27192 2733
27193 4417
27194 4125
27195 3638
27196 3039
27197 2578
27198 2910
27199 1025
27200 3652
27201 3210
27202 469
27203 934
27204 2822
27205 2963
27206 3481
27207 1592
27208 3585
27209 4252
27210 3160
27211 733 1195 2770
27212 3209
27213 964
27214 1112
27215 676
27216 840
27217 355
27218 355
27219 2802
27220 3437
27221 497
27222 4131
27223 1908
27224 381 624 844 1070 3924
27225 4134
27226 2783
27227 3283
27228 1177
27229 3067
27230 3790
27231 3770
27232 540 2597 2605
27233 1861
27234 2739
27235 3118
27236 3064
27237 4329
27238 124
27239 1453 3097 4123
27240 1418 3497
27241 2831
27242 2993
27243 652
27244 50
27245 3382
27246 4225
27247 1274
27248 4012
27249 867
27250 2256
27251 1789
27252 2718
27253 3213
27254 1896
27255 308
27256 1720
27257 310
27258 1228
27259 820
27260 1182 2916
27261 1628
27262 4123
27263 3908
27264 2044
27265 3754
27266 123
27267 1197
27268 2701
27269 2944
27270 3582
27271 543 3715
27272 3387
27273 1785
27274 1318
27275 541
27276 3901
27277 4043
27278 2643
27279 3145
27280 4283
27281 3496
27282 331
27283 1594
27284 2770
27285 1043 1599 1784 1916 3194 3283 3454 4455
27286 298 1860
27287 1062
27288 1560
27289 4475
27290 1220
27291 3625
27292 921
27293 4454
27294 3748
27295 1592
27296 2001
27297 2761
27298 2647
27299 640 2818
27300 3242
27301 860
27302 1108
27303 4288
27304 656
27305 2675
27306 840
27307 2732
27308 2768
27309 3769
27310 1238
27311 2738
27312 131
27313 2253
27314 2783
27315 3607
27316 2628
27317 417
27318 3799
27319 4102
27320 4367
27321 3197
27322 2482
27323 977
27324 3372
27325 2820
27326 1909
27327 3796
27328 551
27329 1074
27330 3496
27331 1060
27332 553
27333 1812
27334 2613
27335 2688
27336 320
27337 2960
27338 2735
27339 3622
27340 3347
27341 2348
27342 4211
27343 915
27344 3674
27345 3180
27346 270
27347 3089
27348 3627
27349 3242
27350 3625
27351 4297
27352 50
27353 706
27354 453
27355 4367
27356 3621
27357 4274
27358 1876
27359 1083
27360 1257
27361 4062
27362 1179 3688
27363 4465
27364 1316
27365 703
27366 3616
27367 405
27368 2386
27369 3709
27370 1335
27371 1871
27372 3977
27373 3684
27374 297 682 1869
27375 351
27376 4421
27377 688
27378 4222
27379 2152
27380 4093
27381 1909 2517 2646 2649 2769
27382 2914
27383 2817
27384 2397
27385 2833
27386 3364
27387 3121
27388 727
27389 1432
27390 3398
27391 2818
27392 4423
27393 2741
27394 1346
27395 3346
27396 733
27397 2990
27398 1913
27399 1784
27400 3858
27401 185
27402 4154
27403 4299
27404 1894 2531
27405 4216
27406 1651
27407 3348 4073
27408 3969
27409 2679
27410 127
27411 3277
27412 1482
27413 3209
27414 3094
27415 1036
27416 2876
27417 2705
27418 298
27419 1880
27420 222
27421 1071
27422 3210
27423 1557
27424 4469
27425 1958
27426 3431
27427 189
27428 2895
27429 4309
27430 2012 4329
27431 2093
27432 3213
27433 952
27434 716
27435 3572
27436 3113
27437 3204
27438 1316
27439 2056
27440 2785
27441 4009
27442 493
27443 1113
27444 339
27445 1892
27446 1558
27447 2994
27448 2222
27449 1729
27450 418
27451 3704
27452 4251
27453 2145 2281 2608 2861
27454 74
27455 1498 2471
27456 2094
27457 4165
27458 3434
27459 4006
27460 4441
27461 507
27462 220
27463 923
27464 2498
27465 2221
27466 2483
27467 2819
27468 1729
27469 3778
27470 2250
27471 876
27472 428
27473 1044
27474 825
27475 3633
27476 1959
27477 419 1867
27478 2074
27479 1551
27480 1797
27481 693
27482 1188
27483 1659
27484 2868
27485 515
27486 48
27487 248
27488 3562
27489 4194
27490 4123
27491 3246
27492 3487
27493 4416
27494 1785
27495 2588
27496 2057
27497 90
27498 4332
27499 3324
27500 3004
27501 2791
27502 682
27503 4349
27504 2242
27505 1797
27506 1199 2984 4284
27507 4411
27508 3836
27509 53
27510 1651
27511 1057
27512 1860
27513 3363
27514 1327
27515 2749
27516 2709
27517 2597
27518 207
27519 4425
27520 1441 3688
27521 2929
27522 3081
27523 734 1522
27524 657
27525 4169
27526 867
27527 2068
27528 2024
27529 3546
27530 215
27531 3937
27532 2244
27533 943
27534 3495
27535 2978
27536 444
27537 3768
27538 3190
27539 1188
27540 1251
27541 3959
27542 1103
27543 2919
27544 277
27545 857
27546 3676
27547 172
27548 648
27549 3261
27550 1894
27551 1659
27552 2678
27553 874 3317
27554 2823
27555 909
27556 2649
27557 1314 2564
27558 3348
27559 2969
27560 1575
27561 58
27562 3170
27563 3425
27564 106
27565 3157
27566 3728
27567 3665
27568 2624
27569 2568
27570 3683
27571 2295
27572 1661
27573 2909
27574 659
27575 2919
27576 4205
27577 1498
27578 905
27579 4330
27580 526
27581 500
27582 1025
27583 3154
27584 1431
27585 2518
27586 3855
27587 3143
27588 4090
27589 660
27590 1111
27591 3986
27592 3098
27593 2695
27594 1865
27595 861
27596 3925
27597 2006
27598 2860
27599 1757
27600 1314
27601 3772
27602 527
27603 3769
27604 4291
27605 4370
27606 875
27607 4491
27608 3101
27609 2028
27610 2011
27611 350
27612 732
27613 3843
27614 3971
27615 1743
27616 873
27617 1205
27618 4194
27619 2706
27620 1628
27621 1110
27622 757
27623 4488
27624 747
27625 3071
27626 738
27627 3527
27628 2660
27629 3329
27630 1909
27631 1316
27632 3630
27633 2112
27634 3738
27635 1300
27636 2046
27637 581
27638 3171
27639 1473
27640 1316
27641 2077
27642 1839 2698
27643 966
27644 856
27645 318
27646 902
27647 1419
27648 1381
27649 2740
27650 3487
27651 2747 2973
27652 3595
27653 4292
27654 665 937
27655 911
27656 2527
27657 2057
27658 4217
27659 3963
27660 1121
27661 479
27662 3709
27663 1508 1595
27664 4266
27665 727
27666 1651
27667 321 1441 2222 3075
27668 1902
27669 3009
27670 4488
27671 3969
27672 2086
27673 669
27674 3107
27675 3751
27676 2120
27677 4298
27678 1961
27679 699
27680 2520
27681 459
27682 979
27683 271
27684 3738
27685 2095
27686 1196
27687 2718
27688 3744
27689 2474
27690 1159
27691 3177
27692 2037
27693 2062
27694 401
27695 2194
27696 2746
27697 3104
27698 3220
27699 2577
27700 754
27701 2251
27702 4465
27703 4204
27704 2451
27705 2920 3008
27706 3216
27707 3319
27708 3299
27709 473
27710 429
27711 798
27712 3685
27713 4136
27714 3210
27715 26
27716 1522
27717 2874
27718 3848
27719 670
27720 2705
27721 3184
27722 2502 3013 3545
27723 173
27724 3221
27725 1512
27726 674
27727 1469
27728 3564
27729 2464
27730 473
27731 1450
27732 2817
27733 1819
27734 1487
27735 3348
27736 3946
27737 4306
27738 1909
27739 3770
27740 4140
27741 2469
27742 3647
27743 3923
27744 1621
27745 1188
27746 761
27747 1048
27748 1870
27749 1780
27750 4293
27751 1315
27752 1779 1779
27753 948
27754 2057
27755 3543
27756 4372
27757 2516
27758 611
27759 1453
27760 4295
27761 2564
27762 3869
27763 1593
27764 2700
27765 4412
27766 3990
27767 3489
27768 2873
27769 1982
27770 3667
27771 3287
27772 291
27773 1878
27774 1345
27775 1464
27776 4155
27777 2960
27778 4230
27779 3785
27780 435
27781 4184
27782 3612
27783 517
27784 4008
27785 4095
27786 1227
27787 1206
27788 2091
27789 3832 4028
27790 4352
27791 1348
27792 2612
27793 1653
27794 4403
27795 3823
27796 4073
27797 1025
27798 225 705
27799 2491
27800 2541
27801 733
27802 4116
27803 4043
27804 4412
27805 2462 3660
27806 2786
27807 3427
27808 3686
27809 1740
27810 3218
27811 1139
27812 2648
27813 745
27814 2492
27815 2099
27816 1828
27817 1934 2313 3200
27818 3325
27819 3110
27820 2918
27821 3207
27822 307
27823 2871
27824 994
27825 1993
27826 1717
27827 2395
27828 3754
27829 3036
27830 3251
27831 3294
27832 3251
27833 4184
27834 3004
27835 1661 3421
27836 1290
27837 2929
27838 2810
27839 1654
27840 911
27841 4401
27842 276
27843 3665
27844 461
27845 517
27846 1479
27847 2718
27848 784
27849 3979
27850 228 479 3961
27851 1100
27852 1960
27853 1205
27854 4479
27855 788 3933
27856 3217
27857 1284 4455
27858 900
27859 1808
27860 1035
27861 3940
27862 3708
27863 930
27864 910
27865 1123
27866 745
27867 1905
27868 1862
27869 3039
27870 3503
27871 577
27872 3324
27873 734
27874 2035
27875 297
27876 3227
27877 1767
27878 1646
27879 300
27880 2613 3216
27881 3803
27882 367
27883 4211
27884 584
27885 3813
27886 2684
27887 1844
27888 1445
27889 387
27890 733 1049 3288 3293
27891 2631
27892 3157
27893 562
27894 737
27895 4443
27896 3499
27897 2284
27898 753
27899 1259
27900 935
27901 3754
27902 3218
27903 3275
27904 4297
27905 868
27906 149
27907 2581
27908 3242 3807
27909 2044
27910 1479
27911 604
27912 1238
27913 289
27914 1697
27915 1311
27916 3561
27917 1555
27918 1824
27919 2175
27920 1936
27921 766
27922 493
27923 1844
27924 3178
27925 123
27926 135
27927 588 1469
27928 2790
27929 3602
27930 2471
27931 1115
27932 3317
27933 71
27934 3018
27935 1699
27936 1060
27937 1867
27938 1620
27939 1928
27940 403
27941 3212
27942 148
27943 446
27944 1920
27945 1274
27946 114
27947 340
27948 512
27949 3200 3663
27950 2544
27951 3777
27952 1501
27953 2874
27954 2816
27955 33
27956 854 3754
27957 84
27958 3520
27959 3704
27960 12
27961 3171
27962 3210
27963 1020
27964 737
27965 3301
27966 4074
27967 2278
27968 1175
27969 3217
27970 1045
27971 3413
27972 3880
27973 820 837 842
27974 2765
27975 2438
27976 1883
27977 3862
27978 2131 2144
27979 3583
27980 894
27981 3499
27982 1344
27983 317
27984 3710
27985 3524
27986 2835
27987 3489
27988 2081
27989 186 187
27990 1765
27991 3669
27992 3754
27993 2756
27994 1758 3087
27995 1149
27996 4447
27997 3996
27998 2646
27999 3553
28000 3607
28001 3735
28002 399
28003 1028
28004 1155
28005 3082
28006 1223
28007 1115
28008 3008
28009 3673
28010 690
28011 757 844 1258 3226
28012 1335
28013 4323
28014 3726
28015 4462
28016 2025
28017 369 1596
28018 18
28019 444 803
28020 943
28021 1336
28022 900
28023 573
28024 3826
28025 4161
28026 2654
28027 1959
28028 942
28029 737
28030 3200
28031 326
28032 2280
28033 788
28034 440
28035 2917
28036 2428
28037 3097
28038 4208
28039 1701
28040 2057
28041 479
28042 4270
28043 1325
28044 2001
28045 915
28046 3208
28047 436
28048 1328
28049 3721
28050 793
28051 3881
28052 3099
28053 2227
28054 820
28055 3427
28056 139
28057 3154
28058 701 3961
28059 4428
28060 3590
28061 3157
28062 369 507 3250
28063 19
28064 4118
28065 4303
28066 3612
28067 3743
28068 2489
28069 2935
28070 136
28071 3718
28072 2960
28073 2023
28074 3208
28075 3718
28076 2960
28077 733
28078 3216
28079 1418
28080 4233
28081 2460
28082 2851
28083 339
28084 3157
28085 2586
28086 888
28087 1134
28088 4082
28089 64
28090 1219
28091 2809
28092 1242
28093 152
28094 4462
28095 2388
28096 4331
28097 3771
28098 1457
28099 2584
28100 2220
28101 3684
28102 3906
28103 4311
28104 543 957 2948 3734
28105 4419
28106 2281
28107 945
28108 3781
28109 136
28110 455
28111 4440
28112 3200
28113 4024
28114 3153
28115 882
28116 3799
28117 1323
28118 3200
28119 1311
28120 2549
28121 591
28122 2509
28123 1334
28124 1926 3476
28125 3227
28126 1591
28127 4470
28128 1658
28129 3784
28130 1445
28131 958
28132 3215
28133 1349
28134 1766 2531
28135 1264
28136 1934
28137 2835
28138 2520
28139 2902
28140 134
28141 991
28142 3763
28143 193
28144 4123
28145 1932
28146 2687
28147 3180
28148 2303
28149 2128
28150 3143
28151 3480
28152 4306
28153 478
28154 2099
28155 1236
28156 658
28157 587 830 3571
28158 3672
28159 4202
28160 1264
28161 1042
28162 3221
28163 4419
28164 2286
28165 2044
28166 1074
28167 1726
28168 3685
28169 3247
28170 3777
28171 3934
28172 4174
28173 1149
28174 4188
28175 3763
28176 3999
28177 738 1388 3967 4123
28178 2531 2820 3217 3632 3674
28179 1520 4054
28180 1031
28181 741
28182 1763
28183 3177
28184 911
28185 1186
28186 4113
28187 394
28188 3140
28189 435
28190 3097 3194
28191 164
28192 4029
28193 4152
28194 2624
28195 1249
28196 4095
28197 1674
28198 2784
28199 89
28200 2043
28201 326
28202 3218
28203 39
28204 2036
28205 4363
28206 3642
28207 1220
28208 1255
28209 1112
28210 281
28211 1110
28212 135
28213 3707
28214 342 1545 3384
28215 573
28216 1957
28217 1111
28218 4172
28219 2979
28220 316
28221 2268
28222 3116
28223 402
28224 4451
28225 351
28226 4037
28227 2343
28228 1825
28229 4420
28230 440
28231 3003 3008
28232 1587
28233 3366
28234 1926
28235 4484
28236 749
28237 608
28238 925
28239 1202
28240 2710 2960
28241 473
28242 514
28243 2026
28244 1354
28245 1196 1797 2536 2565 2638 3250
28246 3292
28247 2858
28248 3154
28249 2281
28250 3195
28251 705
28252 527
28253 1036
28254 470
28255 3418
28256 4335
28257 657
28258 2184
28259 839 1320
28260 2511
28261 2086
28262 833
28263 2438
28264 3200
28265 2818
28266 3200
28267 3246
28268 2418
28269 2190
28270 1048
28271 1052
28272 1079
28273 1537
28274 3730
28275 3312
28276 2791
28277 3452
28278 2494
28279 1709
28280 133
28281 2057
28282 2514 2564 2646
28283 487 3566
28284 755
28285 1964
28286 937
28287 2557
28288 1236
28289 3319
28290 2238
28291 3426
28292 832
28293 1044
28294 1299
28295 1288
28296 3048
28297 877 4226
28298 3031
28299 2422
28300 1288
28301 3213
28302 1452
28303 1418
28304 1060
28305 690
28306 3920
28307 4469
28308 4003
28309 2447
28310 1982
28311 383
28312 861
28313 3968
28314 672
28315 3546
28316 2057
28317 2554
28318 2504
28319 402
28320 3550
28321 3112
28322 2992
28323 1730
28324 2722
28325 2233
28326 363
28327 81
28328 4151
28329 4421
28330 3540
28331 2870
28332 2433
28333 4327
28334 1654
28335 3535
28336 1710
28337 405
28338 3770
28339 2783
28340 282
28341 4412
28342 3925
28343 327
28344 638
28345 1535
28346 3616
28347 349
28348 1649
28349 3666
28350 3607
28351 674
28352 2815
28353 2441
28354 1006
28355 3566
28356 526
28357 3938
28358 770
28359 1710
28360 747
28361 2165
28362 4123 4203 4298
28363 4276
28364 3417
28365 2969
28366 16
28367 1469 2950
28368 2389
28369 2274
28370 2914
28371 119
28372 2699
28373 1706
28374 725
28375 228
28376 4220
28377 571
28378 2046
28379 2663
28380 3685
28381 68
28382 1503
28383 4193
28384 1199 1471
28385 3614
28386 2969
28387 874
28388 420
28389 2219
28390 2873
28391 747 2331
28392 1497
28393 1368
28394 411
28395 254
28396 1469
28397 66
28398 2275
28399 2576
28400 1426
28401 3619
28402 2982
28403 1654
28404 3278
28405 1223
28406 1182
28407 2378
28408 1787
28409 3938
28410 2626
28411 1236
28412 560
28413 4067
28414 899
28415 1664
28416 365
28417 1831
28418 2057
28419 1818
28420 520
28421 3322
28422 585
28423 537
28424 3748
28425 3950
28426 1573
28427 3955
28428 2796
28429 2396
28430 1613
28431 2164
28432 1171
28433 937
28434 1469
28435 3792
28436 1392 1903
28437 4351
28438 2196
28439 330
28440 1991
28441 3672
28442 2950
28443 2912
28444 1787
28445 2844
28446 4454
28447 57
28448 2128
28449 281
28450 2023
28451 4096
28452 1060
28453 3929
28454 3172
28455 744
28456 4407
28457 920
28458 4361
28459 901
28460 2766
28461 2766
28462 1717
28463 3612
28464 479
28465 1361 1455
28466 1492
28467 2515
28468 2248
28469 1558
28470 4434
28471 3633
28472 3664
28473 2421
28474 580
28475 3896
28476 2974
28477 1173
28478 3856
28479 1566 4284
28480 1836
28481 895
28482 2143
28483 2248
28484 172
28485 1654
28486 2405
28487 1862
28488 3340
28489 3325
28490 4431
28491 315 847 2425 3334
28492 618
28493 1989
28494 327
28495 2564
28496 2524 2534 2908
28497 4269
28498 4292
28499 3229
28500 3417
28501 3351
28502 4094
28503 224
28504 1844
28505 3674
28506 3926
28507 2366
28508 2562
28509 585
28510 531
28511 2806
28512 4342
28513 2001
28514 292
28515 735
28516 1089
28517 2847
28518 228
28519 3250
28520 3348
28521 4171
28522 3894
28523 3836
28524 3742
28525 3445
28526 1869
28527 3012
28528 3849
28529 1251
28530 1674
28531 675
28532 1894
28533 1767
28534 1035
28535 3943
28536 2571 2818 3543
28537 1575
28538 2057
28539 1523
28540 3025
28541 2044
28542 2400
28543 1790
28544 3782
28545 4458
28546 3831
28547 1674
28548 1516
28549 2250
28550 1493
28551 3862
28552 3280
28553 2564
28554 3419
28555 896
28556 1282
28557 3209
28558 3210
28559 2766
28560 2244
28561 1034
28562 1750
28563 3542
28564 1878
28565 2817
28566 2867
28567 503
28568 3690
28569 1215
28570 1683
28571 2086
28572 2188
28573 4393
28574 2658
28575 1060
28576 3852
28577 899
28578 2377
28579 3406
28580 1951
28581 2291
28582 150
28583 3855
28584 4018
28585 975
28586 2699
28587 1384
28588 4057
28589 1717
28590 4368
28591 3824 4162
28592 135 562 3666 4152
28593 509
28594 1346
28595 165
28596 3609
28597 1510
28598 2427
28599 2970
28600 371
28601 2936
28602 2086
28603 1202 2945 3087
28604 455
28605 3211
28606 356
28607 1935
28608 4384
28609 2795
28610 4374
28611 167
28612 3695
28613 3209
28614 1234
28615 1349
28616 3370
28617 3188
28618 3215
28619 1616
28620 405 1361
28621 1836
28622 2707
28623 3604
28624 2054
28625 4302
28626 3440
28627 2668
28628 1180
28629 4302
28630 4273
28631 1115
28632 923
28633 1352
28634 165
28635 2163
28636 3465
28637 1572
28638 3600
28639 543
28640 4384
28641 3520
28642 3754
28643 2569
28644 1125
28645 326
28646 3208
28647 3436
28648 3080
28649 3251
28650 3952
28651 3931
28652 460
28653 3960
28654 1273
28655 4026
28656 741
28657 2831
28658 280
28659 3144
28660 1232
28661 693
28662 2697
28663 3683
28664 4123
28665 1546
28666 3098
28667 2783
28668 4098
28669 2033
28670 2967
28671 2849
28672 532
28673 36
28674 745
28675 1712
28676 2683
28677 3439
28678 2539
28679 791
28680 2214
28681 2741
28682 1348
28683 2075
28684 1629
28685 2765
28686 4046
28687 797
28688 77
28689 3991
28690 3490
28691 83
28692 3553
28693 624 1934
28694 2554 2992
28695 298
28696 2020
28697 934
28698 4342
28699 3268
28700 1377
28701 2061
28702 2136
28703 2151
28704 1197 2969 4385
28705 2763
28706 4038
28707 2507 2969
28708 688 944 2960 4204
28709 263
28710 2996
28711 3566
28712 1446
28713 3295
28714 1782
28715 579
28716 1202
28717 1097
28718 2942
28719 4209
28720 3412
28721 1545
28722 1456
28723 1201
28724 3632
28725 2144 2183
28726 2660
28727 396
28728 2923
28729 4148
28730 2994
28731 4293
28732 1206
28733 2291
28734 2512 2649
28735 1947
28736 1122
28737 470
28738 1680
28739 733
28740 905
28741 894
28742 3927
28743 2452
28744 2519
28745 3200
28746 1035
28747 3848
28748 2445
28749 4216
28750 1486
28751 3949
28752 1037
28753 1729
28754 190
28755 1453
28756 1543
28757 1628
28758 2914
28759 111
28760 3165
28761 394
28762 150
28763 753
28764 2833
28765 3551
28766 2582
28767 3405
28768 3207
28769 465 470 559
28770 4232
28771 3160
28772 1316
28773 2909
28774 2503
28775 742
28776 876 2594
28777 2090
28778 2992
28779 1913
28780 1471
28781 2137
28782 1804
28783 4352
28784 3664
28785 1014
28786 4090
28787 1910
28788 1421
28789 3390
28790 4044
28791 1593
28792 2013
28793 2627
28794 311
28795 2773
28796 1455
28797 1986
28798 784
28799 429
28800 2699
28801 3955
28802 3762
28803 915
28804 1659
28805 386 3188
28806 1269
28807 4059
28808 2612
28809 3783
28810 2718
28811 550
28812 3545
28813 1181
28814 3153
28815 543
28816 4191
28817 3560
28818 282
28819 3316
28820 2310
28821 1433
28822 4056
28823 2428 2707
28824 4059
28825 2528
28826 3294
28827 2057
28828 345
28829 4049
28830 4123
28831 2911
28832 2000
28833 2056
28834 4169
28835 1183
28836 2557
28837 1235
28838 444 3049
28839 622
28840 3235
28841 680
28842 3429
28843 611
28844 3207
28845 3697
28846 283
28847 4193
28848 4384
28849 1425
28850 3312
28851 1861
28852 3596
28853 3170
28854 2950
28855 2969
28856 2487
28857 1640
28858 83
28859 2653
28860 2147 2147
28861 3
28862 1496 1680 2951 4033
28863 390
28864 1592
28865 735 820 1254
28866 1616
28867 2088
28868 1039
28869 4120
28870 90
28871 2919
28872 3670
28873 735
28874 281
28875 3572
28876 3324
28877 889
28878 1699
28879 2194
28880 2410
28881 3845
28882 3005
28883 2288
28884 272
28885 1368
28886 4473
28887 743
28888 4342
28889 3947
28890 3480
28891 314
28892 2140
28893 3303 3505
28894 4159
28895 4220
28896 998
28897 3400
28898 3200
28899 3973
28900 3189
28901 3189
28902 1764
28903 2445
28904 2575
28905 3682
28906 2983
28907 974
28908 3022
28909 342
28910 2718
28911 3605
28912 228
28913 3931
28914 732
28915 820
28916 3251
28917 1921
28918 2446
28919 3017
28920 49
28921 1342
28922 3137
28923 651
28924 3773
28925 2409
28926 2156
28927 3776
28928 4494
28929 2295 2686
28930 1090
28931 242 2770
28932 429
28933 4223
28934 3210
28935 3880
28936 2872
28937 1110
28938 867
28939 470 1624
28940 4311
28941 1144
28942 1446
28943 3705
28944 3208
28945 326
28946 1531
28947 3055
28948 3666 4300
28949 502
28950 2513
28951 1252
28952 905
28953 2361
28954 1426
28955 1258
28956 1343
28957 1360
28958 3604 4339
28959 1548 2864
28960 4246
28961 1069
28962 3021
28963 4317
28964 303
28965 3558
28966 611
28967 3270
28968 1108
28969 746
28970 3347
28971 1264 3566
28972 1419
28973 1467
28974 3938
28975 2367
28976 3323
28977 2817
28978 591
28979 2649
28980 737
28981 3301
28982 2204
28983 470
28984 2044
28985 1122
28986 937
28987 1636
28988 4013
28989 2564
28990 2319
28991 3112
28992 1928
28993 2903
28994 173
28995 515
28996 4450
28997 630
28998 534
28999 4109
29000 3701
29001 3690
29002 3890
29003 2714
29004 4443
29005 327
29006 1391 1894
29007 201
29008 4237
29009 3188
29010 1056
29011 3717
29012 393
29013 1435
29014 817
29015 1753
29016 1232
29017 1796
29018 473
29019 4324
29020 2331
29021 2064
29022 372
29023 1227
29024 571
29025 2064
29026 1235
29027 1011
29028 356
29029 1340
29030 3520
29031 717
29032 3935
29033 2822
29034 2689
29035 3256
29036 3140
29037 365
29038 1274
29039 3130
29040 1555
29041 912
29042 3724
29043 1019
29044 746
29045 43
29046 2663
29047 2636 3008
29048 2060
29049 2283
29050 33
29051 747 1799
29052 462
29053 2769
29054 2481
29055 754
29056 218 3964
29057 3810
29058 2976 2977
29059 3189
29060 1798
29061 1455 2741 3159 4491
29062 3671
29063 2910
29064 469
29065 3190
29066 836
29067 3200
29068 721 1488 2898 4478
29069 74
29070 73
29071 3843
29072 70
29073 479
29074 77
29075 342 2571
29076 3165
29077 172
29078 2392
29079 2698
29080 201
29081 2248
29082 3528
29083 2950
29084 72
29085 135
29086 2698
29087 21
29088 2799
29089 689
29090 2992
29091 3205
29092 3989
29093 3487
29094 2960
29095 1769
29096 1522
29097 3849
29098 1150
29099 516
29100 3157
29101 3494
29102 3802
29103 515
29104 2459 3925
29105 784
29106 1028
29107 1484
29108 3188
29109 747
29110 4221
29111 3927
29112 2013
29113 2542
29114 3422
29115 1097
29116 1036
29117 4116
29118 3666
29119 1239
29120 577
29121 2060
29122 1539
29123 152
29124 2248
29125 1856
29126 1028
29127 1880
29128 4080
29129 3046 4093
29130 3465
29131 211
29132 1511
29133 2712
29134 3618
29135 1781
29136 2963
29137 289
29138 193
29139 2612
29140 2086
29141 3643
29142 2142
29143 2383
29144 1611
29145 4306
29146 2563
29147 2386
29148 4352
29149 874
29150 4389
29151 339
29152 783 3416
29153 1044
29154 1034
29155 3128
29156 1049
29157 1039
29158 346 725
29159 1592
29160 3543
29161 3977
29162 294
29163 1336
29164 4392
29165 3158
29166 3335
29167 3662
29168 3439
29169 2700
29170 2046
29171 1236
29172 3399
29173 2540
29174 3441
29175 2524
29176 1760
29177 96
29178 1820
29179 869
29180 911
29181 71
29182 4328
29183 2978
29184 154
29185 4095
29186 3209
29187 3233
29188 2501
29189 4436
29190 2590
29191 1795
29192 3618
29193 2991
29194 3215
29195 3217
29196 1559
29197 1667
29198 1797
29199 2310
29200 3754
29201 1791
29202 1117
29203 446
29204 531
29205 2842
29206 2938
29207 1861
29208 4328
29209 3910
29210 3950
29211 1150
29212 1335
29213 1459
29214 4054
29215 336
29216 3459
29217 3876
29218 62
29219 278
29220 3210
29221 2371
29222 2941
29223 1540
29224 769
29225 467
29226 405 3697
29227 2733
29228 1797
29229 2863
29230 2963
29231 3328
29232 3514
29233 3594
29234 1987
29235 3363
29236 3062
29237 4443
29238 595
29239 3565 3566
29240 1722
29241 813
29242 3915
29243 1892
29244 3312
29245 3128
29246 1236
29247 1885
29248 2890 3836
29249 2532 2533 2603
29250 2814
29251 1584
29252 2
29253 3134
29254 669
29255 2027
29256 349
29257 2654
29258 3201
29259 4190
29260 4297
29261 2012 3292
29262 1498
29263 390
29264 2778
29265 3527
29266 3632
29267 478
29268 3160
29269 1926
29270 844
29271 3013
29272 3216
29273 4050
29274 429
29275 1541
29276 3823
29277 1637 3108
29278 2659
29279 3358
29280 1764
29281 3108
29282 187 1192 1570 2056 3471
29283 780
29284 4124
29285 670
29286 3048
29287 2792
29288 550 3543
29289 1908
29290 2900
29291 1223
29292 4193
29293 4425
29294 3272
29295 3237
29296 875
29297 2076
29298 3217
29299 3210
29300 2077
29301 2900 2901 4179
29302 429
29303 3960
29304 3916
29305 2081
29306 106
29307 898
29308 4367
29309 2873
29310 1036
29311 1469
29312 991
29313 2399
29314 3647
29315 4116
29316 3933
29317 400
29318 4327
29319 2323
29320 3651
29321 3881
29322 1321
29323 3788
29324 2950
29325 3062
29326 4412
29327 2649
29328 4150
29329 989
29330 1637
29331 3265
29332 1209
29333 4093
29334 1856
29335 1036
29336 297 1966 2896 2928
29337 1966
29338 3332
29339 3202
29340 58
29341 1469
29342 1143
29343 3106
29344 3753
29345 3200
29346 137
29347 1983
29348 607
29349 1293 1410
29350 2325
29351 3105
29352 1611
29353 911
29354 3343
29355 1110
29356 3203
29357 4297
29358 2910 3848
29359 2268
29360 1194
29361 427
29362 2969
29363 19
29364 2969
29365 3446
29366 915
29367 4151
29368 2291
29369 525
29370 4031
29371 530
29372 1048
29373 1731
29374 1318
29375 3302
29376 1950
29377 1950
29378 1412 3506
29379 1414
29380 2813
29381 1501
29382 793
29383 3476
29384 2457
29385 4218
29386 2959
29387 927
29388 753
29389 3251
29390 3627
29391 735
29392 4436
29393 2001
29394 3777
29395 4061
29396 4118
29397 3360
29398 3679
29399 1787 3209
29400 1539 3062
29401 3567
29402 1603
29403 2465
29404 526
29405 3486
29406 4283
29407 174
29408 4172
29409 131
29410 3597
29411 336 1044
29412 3894
29413 3121
29414 3715
29415 2652
29416 3145
29417 266
29418 4440
29419 2033
29420 2464
29421 3247
29422 3968
29423 3313
29424 1537
29425 660
29426 3667
29427 18
29428 1626
29429 1349
29430 3217
29431 3017
29432 985
29433 808
29434 3483
29435 2860
29436 1000
29437 1474
29438 353
29439 1913 3165
29440 399
29441 2955
29442 4180
29443 524
29444 4486
29445 3798
29446 3285
29447 3188
29448 3780
29449 4303
29450 1364
29451 4236
29452 2057
29453 1046
29454 4201
29455 733
29456 885
29457 778
29458 1661
29459 2700
29460 3703
29461 4316
29462 543 1418
29463 2545
29464 3210
29465 3796
29466 3477
29467 55
29468 2573
29469 406
29470 2801
29471 2897
29472 3460
29473 2144
29474 140
29475 4116
29476 4098
29477 1689 2610 3008 3035
29478 1455
29479 1029
29480 1951
29481 1240
29482 3729
29483 3060
29484 2813
29485 132 137
29486 2157
29487 3223
29488 2950 3108
29489 4442
29490 3827
29491 866
29492 2797
29493 1660
29494 2671
29495 2707
29496 1290
29497 3747
29498 2012
29499 2553
29500 2572
29501 2538 2558
29502 1257
29503 207
29504 3555
29505 3272
29506 3629
29507 1293
29508 463
29509 3926
29510 3301
29511 1692
29512 281
29513 4306
29514 4251
29515 1787 1973
29516 1158
29517 2064
29518 387
29519 1813
29520 3750
29521 3427
29522 2963
29523 2718
29524 3430
29525 528 2432 2732 3072 3385
29526 4027
29527 621
29528 1469
29529 4194
29530 712
29531 3666
29532 642
29533 217
29534 2967
29535 2032
29536 3190
29537 215
29538 1427
29539 902
29540 1042
29541 1527
29542 5
29543 161
29544 691
29545 1609
29546 3383
29547 26
29548 1060 2358
29549 2821
29550 1256 1411
29551 11
29552 3512
29553 3485
29554 4490
29555 2399 2839
29556 986
29557 3059
29558 2845
29559 176
29560 3400
29561 3778
29562 2809
29563 3805
29564 1469
29565 221
29566 657
29567 4145
29568 937
29569 2660
29570 1236
29571 3596
29572 3062
29573 3441
29574 3961
29575 225
29576 1225
29577 229
29578 2700
29579 109
29580 531
29581 3937
29582 1504
29583 1781
29584 3207
29585 2562 2984
29586 339 546 905 926
29587 1040
29588 3758
29589 2136
29590 4380
29591 154
29592 131
29593 824
29594 915
29595 507
29596 2901
29597 3165
29598 4313
29599 3868
29600 3150
29601 543
29602 3704
29603 61
29604 381
29605 2467
29606 3572
29607 3718
29608 4001
29609 3452
29610 446 1370
29611 3888
29612 351 655
29613 4094
29614 631 1661
29615 3000
29616 5
29617 3688
29618 3357
29619 3781
29620 2055
29621 1109
29622 4298
29623 3521
29624 2873
29625 4000
29626 669
29627 3391
29628 3072
29629 4470
29630 1862
29631 1285
29632 3348
29633 3208
29634 2423 2631
29635 2707
29636 2472
29637 2531
29638 3383
29639 510
29640 1306 1306
29641 419
29642 2247
29643 3514
29644 4377
29645 2926
29646 2483
29647 338 342 2699 3388
29648 3958
29649 4036
29650 343
29651 94
29652 417
29653 2416
29654 2349
29655 1006
29656 1636
29657 4279
29658 3201
29659 3553
29660 1359 3527
29661 3209
29662 1631
29663 211 2824
29664 1277 4003
29665 295 2905 3379
29666 3471
29667 1111
29668 1206
29669 734
29670 470
29671 2889
29672 4253
29673 972
29674 1472 2901 3913
29675 3901
29676 1902
29677 3327
29678 3880
29679 4114
29680 4384
29681 3195
29682 929
29683 1342
29684 561
29685 2678 3102 3251
29686 341
29687 2353
29688 4385
29689 394
29690 2438
29691 965
29692 1847
29693 510
29694 1379 2967
29695 2727
29696 1941
29697 3359
29698 339
29699 575
29700 3663
29701 3205
29702 2724
29703 1487
29704 1415 3384 3664 4123 4298
29705 1844
29706 1683
29707 2951
29708 4043
29709 915
29710 4292
29711 1459
29712 2404
29713 2969
29714 979
29715 2782
29716 2127
29717 351
29718 3985
29719 3422
29720 4185
29721 1963 1963
29722 204
29723 123
29724 1694
29725 4011
29726 819
29727 2790
29728 2811
29729 228 2242 2453 4182
29730 2864
29731 3523
29732 1254
29733 309
29734 2135
29735 1399
29736 552
29737 3379
29738 2951
29739 1902
29740 285
29741 3572
29742 3000
29743 1180 2574
29744 655
29745 2687
29746 2687
29747 4074
29748 887
29749 3941
29750 2858
29751 509
29752 559 3663
29753 2904
29754 2621 2692
29755 2221
29756 1905
29757 553
29758 877 2935
29759 2612
29760 119
29761 1858
29762 2734
29763 2189
29764 3208
29765 32
29766 321
29767 1442
29768 3099
29769 190
29770 4114
29771 2691
29772 3510 3657
29773 1086
29774 419 1434 2686 3157 3379
29775 542 1250
29776 286
29777 16
29778 2761
29779 2577
29780 101
29781 3214
29782 3444
29783 4166
29784 1335
29785 4470
29786 4151
29787 1179
29788 3661
29789 1115
29790 4364
29791 3657
29792 585
29793 1933
29794 992
29795 2905
29796 2323
29797 2172 2380
29798 1344
29799 1527
29800 892
29801 3324
29802 799
29803 1669
29804 3677
29805 2901
29806 2703
29807 1310
29808 3191
29809 1233
29810 2858
29811 2560
29812 2989
29813 2983
29814 1335
29815 349
29816 2279
29817 1539
29818 3822
29819 3567
29820 2962
29821 2421
29822 2959
29823 4348
29824 3015
29825 1336
29826 3325
29827 2098
29828 4221
29829 1811
29830 252 297 1892 2603 2661
29831 1941
29832 3885
29833 2135
29834 110
29835 1922
29836 3888
29837 3188
29838 3097
29839 653
29840 3694
29841 83
29842 353
29843 1566
29844 3838
29845 4354
29846 75
29847 402
29848 2542
29849 2023
29850 2602
29851 4056
29852 3217
29853 2462
29854 2260
29855 4401
29856 3450
29857 3987
29858 1372
29859 2504
29860 3372
29861 1282
29862 542
29863 3449
29864 3188
29865 2875
29866 1471
29867 3577
29868 2796
29869 4306
29870 3655
29871 954
29872 2556
29873 4379
29874 1077
29875 734
29876 2060
29877 435
29878 734
29879 4350
29880 2469
29881 336
29882 1320
29883 3709
29884 669
29885 3201
29886 967
29887 3677
29888 715
29889 4054
29890 1130
29891 3902
29892 1976
29893 2889
29894 3206
29895 1870
29896 3583
29897 1213
29898 4345
29899 4309
29900 3706
29901 754
29902 1841
29903 3509
29904 696
29905 3308
29906 4288
29907 1135
29908 737 1955
29909 3211
29910 3200
29911 2433
29912 1925
29913 2920
29914 210
29915 1840
29916 2309
29917 2640
29918 2611
29919 1666
29920 4350
29921 1037
29922 3319
29923 547
29924 894
29925 3717
29926 615
29927 1520
29928 1869 4148
29929 1373 2705
29930 1861
29931 3668
29932 1311
29933 3224
29934 4074
29935 3894
29936 990
29937 1149
29938 1492
29939 2075
29940 2084
29941 4108
29942 342 1545 4211
29943 2077
29944 2628
29945 1204
29946 259
29947 1233
29948 3372
29949 701
29950 1432 3361
29951 2987
29952 3498
29953 2756
29954 3532
29955 1557
29956 3209
29957 2502
29958 21
29959 923 1303 1447 2992 3661
29960 1029
29961 2179
29962 1883
29963 734
29964 964
29965 923
29966 2609
29967 2231
29968 1999
29969 3344
29970 3357
29971 1450
29972 327
29973 3184
29974 1694 2612 2954
29975 2837
29976 692
29977 3511
29978 3551
29979 2641
29980 4083
29981 905
29982 1066
29983 2207
29984 1902
29985 4411
29986 4464
29987 2037
29988 4329
29989 2762
29990 1729
29991 3217
29992 3184
29993 3980
29994 2428
29995 1691
29996 3959
29997 4033
29998 2747
29999 3207
30000 4340
30001 3454
30002 2960
30003 3200 3209
30004 4234
30005 3791
30006 893
30007 3728
30008 1376
30009 3493
30010 1499
30011 3351
30012 3216
30013 931
30014 1113
30015 2578
30016 1530 1635 1963
30017 923
30018 4285
30019 1417
30020 489
30021 1235
30022 3631
30023 2537
30024 2377
30025 3107
30026 3019
30027 820
30028 574
30029 1347
30030 473
30031 3132
30032 3570
30033 3477 3488 4047
30034 1661
30035 4074
30036 2588
30037 565
30038 3892
30039 4466
30040 1522
30041 1306
30042 4475
30043 3362
30044 1873
30045 1278
30046 124
30047 4258
30048 2520 3494
30049 22
30050 511
30051 3498
30052 717
30053 3131
30054 48
30055 1028
30056 2675
30057 2724
30058 4233
30059 1545 3511
30060 2088
30061 1316
30062 3916
30063 774
30064 929
30065 3058
30066 853
30067 1533
30068 3327
30069 882
30070 3025
30071 2348
30072 2292
30073 3506
30074 589 1501
30075 4204
30076 3974
30077 2001
30078 3021
30079 1530
30080 3048
30081 4204
30082 140
30083 2950
30084 3107
30085 3770
30086 3902
30087 4428
30088 3210
30089 4165
30090 1267
30091 372
30092 854
30093 3754
30094 1467
30095 4446
30096 723
30097 3215
30098 2767
30099 3571
30100 3927
30101 225
30102 4444
30103 1187
30104 2704
30105 965
30106 662
30107 2526 3935
30108 3297
30109 4426
30110 4140
30111 3632
30112 3622
30113 1639
30114 2773
30115 3471
30116 3327
30117 1622
30118 2320
30119 3200
30120 3811
30121 2144
30122 2553
30123 2396
30124 816
30125 2613
30126 2387
30127 1839
30128 3790
30129 4359
30130 2576
30131 1842
30132 1236
30133 4186
30134 1443
30135 978
30136 190
30137 1635
30138 1469
30139 1290
30140 3577
30141 2734
30142 529
30143 728
30144 2062
30145 3316
30146 1234
30147 734
30148 1783
30149 2952 3019
30150 861
30151 915
30152 3391
30153 76
30154 4457
30155 3200
30156 3029
30157 2848
30158 3163
30159 1837
30160 1008
30161 3651
30162 3793
30163 1475
30164 3348
30165 2816
30166 721
30167 1726
30168 4086
30169 349 695
30170 1254 3318
30171 502
30172 4235
30173 1664
30174 1622
30175 1809
30176 1809 4138
30177 1046
30178 2260
30179 312
30180 2348
30181 2200
30182 1029
30183 566
30184 4216
30185 2131
30186 3477 4306
30187 1163
30188 3137
30189 800
30190 483
30191 44
30192 94
30193 2602 3194
30194 3213
30195 2729
30196 4203
30197 2086
30198 1469
30199 689
30200 1316
30201 2730
30202 444
30203 3378
30204 4074
30205 3207
30206 2327
30207 2945
30208 110
30209 2703
30210 1335
30211 502
30212 740
30213 4302
30214 3447
30215 1386
30216 54
30217 3208
30218 2602
30219 3218
30220 2769
30221 1033
30222 4216
30223 2834
30224 3697
30225 3064
30226 600
30227 3448
30228 945
30229 3380
30230 2969 3247
30231 3249
30232 3494
30233 1236
30234 3292 4221
30235 1463
30236 1892
30237 2662
30238 619
30239 2571
30240 754
30241 1780
30242 846
30243 1237
30244 1981
30245 118
30246 2217
30247 150
30248 3278
30249 3426 3476
30250 2137
30251 4006
30252 2062
30253 2417
30254 3180
30255 3504
30256 219
30257 3706
30258 4183
30259 1206
30260 67 2466
30261 1525
30262 3210
30263 2539
30264 3516
30265 860
30266 2671
30267 396
30268 3418
30269 1802
30270 366
30271 3882
30272 2404
30273 4494
30274 3014
30275 2092 3003
30276 2848
30277 2027
30278 3586
30279 295 2483 2603 3381
30280 1497
30281 3097
30282 1097
30283 928
30284 1114
30285 3136
30286 404
30287 976
30288 820
30289 4123
30290 3987
30291 1111
30292 1295
30293 2483
30294 3534
30295 3665
30296 818
30297 4177
30298 142
30299 1885
30300 99
30301 4016
30302 3153
30303 4491
30304 1847
30305 1680 3920 4269
30306 334
30307 4116
30308 4233
30309 1915
30310 2460
30311 760
30312 1291 4062
30313 1131
30314 2138
30315 3316
30316 1047
30317 23
30318 1113
30319 4161
30320 4123
30321 4258
30322 2486
30323 40
30324 670
30325 2387
30326 3993
30327 3204
30328 1386
30329 397
30330 3768
30331 1600
30332 785
30333 4328
30334 2977
30335 1907
30336 1258
30337 479
30338 939
30339 1739
30340 1086
30341 842
30342 2850
30343 1204
30344 2159
30345 3473
30346 922
30347 2212
30348 3217
30349 582
30350 2515
30351 1796
30352 1366
30353 3517
30354 150
30355 2742
30356 2534
30357 4254
30358 2966
30359 3597
30360 4155
30361 4313
30362 2751
30363 1196
30364 4177
30365 3902
30366 581
30367 3991
30368 75
30369 878
30370 1881
30371 473
30372 1721
30373 2281
30374 3914
30375 175
30376 1373
30377 4243
30378 2139
30379 602
30380 2429
30381 2797
30382 712
30383 706
30384 1528
30385 3611
30386 1856
30387 2081
30388 1351
30389 4091
30390 2315 2543 2667
30391 321
30392 2698
30393 2475
30394 1191
30395 4199
30396 200
30397 1628
30398 1548
30399 1254
30400 912
30401 995
30402 1638 3251
30403 3348
30404 2927
30405 4442
30406 2910
30407 1750
30408 1701
30409 3077
30410 751
30411 800
30412 505 880 4192 4302
30413 2814
30414 537
30415 417
30416 2066
30417 1393
30418 3325
30419 2830
30420 4446
30421 1447
30422 3876
30423 2967
30424 3719
30425 1043
30426 3231
30427 1302
30428 1795
30429 2093
30430 797
30431 4382
30432 965
30433 3595
30434 4494
30435 3514
30436 1429
30437 2190
30438 999
30439 978
30440 2451
30441 4436
30442 1235
30443 915
30444 3587
30445 1815
30446 865
30447 965
30448 785
30449 1571
30450 558
30451 814
30452 2916
30453 1060
30454 3831
30455 3703
30456 1214
30457 4336
30458 3685
30459 2687
30460 4089
30461 1606
30462 3381
30463 3372
30464 1204
30465 3136
30466 4089
30467 3416
30468 1407 2525 4186
30469 3198
30470 1675
30471 160
30472 667
30473 2267
30474 2987
30475 2836
30476 2963
30477 3471
30478 2403
30479 2206
30480 2172
30481 2141
30482 4384
30483 2264
30484 2768
30485 4129
30486 2015
30487 2869
30488 931
30489 1318
30490 3477
30491 2361
30492 3204
30493 647
30494 1542 2727
30495 123
30496 854
30497 2275
30498 3967
30499 3188
30500 3524
30501 1615
30502 3219
30503 406
30504 3670
30505 3629
30506 1303 3410
30507 2711
30508 1206
30509 2452
30510 3260
30511 49
30512 4254
30513 1346
30514 890
30515 2970
30516 2073
30517 3473
30518 4183
30519 3205
30520 174
30521 3770
30522 4437
30523 203
30524 3810
30525 2831
30526 719
30527 2054
30528 1430
30529 2015
30530 3198
30531 2095
30532 2874
30533 1455
30534 2955
30535 2613
30536 3525
30537 1286
30538 3710
30539 4033
30540 3474
30541 4446
30542 415
30543 2848
30544 2848
30545 3292
30546 2489
30547 1875
30548 411
30549 1296
30550 1710
30551 3691
30552 537
30553 1958
30554 800
30555 3894
30556 880
30557 1541
30558 296
30559 1600
30560 2502
30561 915
30562 2085
30563 911
30564 697
30565 2618
30566 541
30567 1309
30568 2235
30569 2988
30570 921
30571 3615
30572 538
30573 996
30574 723
30575 2529
30576 360 2009 2737
30577 4221
30578 2499
30579 3873
30580 3283
30581 3806
30582 2084
30583 1133
30584 2810
30585 3569
30586 375
30587 3216
30588 326 551 554 3497 3666
30589 3688
30590 3165
30591 3125
30592 353
30593 2874
30594 2147
30595 2237 2599
30596 1613
30597 3436
30598 2773
30599 3960
30600 3094
30601 3208
30602 4450
30603 737
30604 1797
30605 4335
30606 4101
30607 1052
30608 290 983 1797 2070 2887 3231
30609 807
30610 2469
30611 1328
30612 1194
30613 1276
30614 1114
30615 3622
30616 326
30617 1071
30618 3324
30619 3690
30620 3921
30621 3493
30622 3476
30623 3280
30624 4434
30625 855
30626 387 388
30627 3105
30628 2061
30629 1442
30630 561
30631 2683
30632 4344
30633 4173
30634 2847
30635 4138
30636 516
30637 1337
30638 1987
30639 1803
30640 1840 2559
30641 1606
30642 1110
30643 158
30644 2585
30645 739
30646 2195
30647 3851
30648 3403
30649 3210
30650 137
30651 4011
30652 1674
30653 359
30654 2201
30655 2119
30656 281
30657 3215
30658 9
30659 4140
30660 2519
30661 4243
30662 2595
30663 3468
30664 3777
30665 1150
30666 2081
30667 1975
30668 3838
30669 2669
30670 2203
30671 3250
30672 1529
30673 375
30674 4387
30675 3618
30676 115
30677 1241
30678 2296
30679 1310 3499
30680 2994
30681 683
30682 1347
30683 987
30684 673
30685 3526
30686 3841
30687 3528
30688 3216
30689 867
30690 1680 2887 4263
30691 1346
30692 351
30693 3150
30694 2851
30695 3661
30696 3169
30697 734
30698 3811
30699 681
30700 315
30701 2127
30702 2272
30703 83
30704 783
30705 146
30706 734 2615
30707 3685
30708 1306
30709 1430
30710 2717
30711 3150
30712 3205
30713 3284
30714 4042
30715 954 2546
30716 1070 2687 2743
30717 672
30718 562 2211
30719 2539
30720 3965
30721 3252
30722 2698
30723 1899
30724 3430
30725 617
30726 797
30727 2428 2434 2578 2698
30728 4067
30729 1797
30730 1479
30731 4012
30732 3097 4047
30733 4298
30734 2978
30735 2964 2980
30736 4116
30737 2259
30738 3121
30739 1254
30740 289
30741 2963
30742 4312
30743 3897
30744 3856
30745 1121
30746 2434
30747 4481
30748 1014
30749 4227
30750 2891
30751 3718
30752 3201
30753 1110
30754 312
30755 734 3477
30756 638
30757 3203
30758 2329
30759 226
30760 3565
30761 1909
30762 450
30763 3270
30764 2820
30765 2978
30766 1656
30767 3188
30768 2465
30769 3807
30770 491
30771 3944
30772 3190
30773 1910 3382
30774 923
30775 3620
30776 3721
30777 919
30778 1674
30779 649
30780 419
30781 3394
30782 3383
30783 4085
30784 1360
30785 2086
30786 4204
30787 3203
30788 2991
30789 4180
30790 1934 1940
30791 3323
30792 1584
30793 735
30794 1254 3505
30795 1016
30796 3340
30797 70
30798 876
30799 351
30800 1672
30801 3864
30802 445
30803 1262 1264
30804 493
30805 1254
30806 2077 2470
30807 3635
30808 693
30809 327
30810 1236
30811 2979
30812 652
30813 1966 2553
30814 3895
30815 1496
30816 2764
30817 3419
30818 4368
30819 439
30820 3672
30821 2163
30822 1336
30823 3218
30824 3424
30825 4173
30826 2841
30827 2660
30828 1785
30829 1936
30830 3711
30831 566
30832 271 290 1257 3169
30833 2718
30834 3252
30835 573
30836 2601
30837 737
30838 1629
30839 2477
30840 3210
30841 2057
30842 699 3571 3643
30843 2910
30844 317
30845 1778
30846 985
30847 3938
30848 955
30849 3495
30850 586
30851 1181
30852 1162
30853 2115
30854 3969
30855 2423
30856 4085
30857 3922
30858 1411
30859 1839
30860 1801
30861 4094
30862 2983
30863 2969
30864 4204
30865 3002
30866 711
30867 2968
30868 2745
30869 4312
30870 2636
30871 3204
30872 733
30873 4308
30874 2494
30875 1405
30876 2501
30877 2531
30878 453
30879 150
30880 1683
30881 2950 3108
30882 1062
30883 3200
30884 1087
30885 940
30886 3683
30887 2604
30888 1662
30889 57
30890 2657
30891 2900
30892 4143
30893 877
30894 3151
30895 2425
30896 2347
30897 1457
30898 2256
30899 1437
30900 2001
30901 2859
30902 628
30903 3217
30904 445 3039
30905 754
30906 1880
30907 257
30908 3597
30909 1572
30910 3595
30911 3139
30912 745
30913 3532
30914 2837
30915 905
30916 3474
30917 521
30918 1025
30919 2651
30920 3225
30921 3048 3672
30922 923
30923 2186
30924 2811
30925 1784 2963 3097 4043
30926 2481
30927 42
30928 334 1025
30929 985
30930 2964
30931 3204
30932 263
30933 1321
30934 3418
30935 1064
30936 1693
30937 1424
30938 1048
30939 4076
30940 1632
30941 3322
30942 1360
30943 2267
30944 3121
30945 733 2680
30946 64
30947 1729
30948 3849
30949 2862
30950 1188
30951 3774
30952 4204
30953 3858
30954 476
30955 3903
30956 3048
30957 1750
30958 1447
30959 756
30960 3099
30961 58
30962 2955
30963 4035
30964 52
30965 46
30966 902
30967 751
30968 1260 1664
30969 4225
30970 1335
30971 662
30972 4225
30973 2044
30974 3949
30975 2158
30976 2062
30977 923
30978 2415
30979 4016
30980 3487
30981 230 3052
30982 3481
30983 1414
30984 2571
30985 2177
30986 1869
30987 679
30988 820
30989 3334
30990 1336
30991 1006
30992 93
30993 2670
30994 507
30995 3484
30996 3180
30997 3209
30998 398
30999 3414
31000 1317
31001 3931
31002 814
31003 4303
31004 3213
31005 440
31006 3103
31007 3012
31008 2531
31009 937
31010 2660
31011 3840
31012 2298
31013 3200 3208
31014 2707
31015 3214
31016 2062
31017 4340
31018 3216
31019 3165
31020 2808
31021 3108
31022 2390
31023 2558
31024 4157
31025 2383
31026 671
31027 1509
31028 903
31029 2960
31030 3625
31031 3273
31032 2160
31033 3176
31034 2434
31035 1086
31036 1196
31037 1098
31038 3427
31039 2964 3154
31040 937 1595
31041 369 1411
31042 266 1261 3280
31043 1114
31044 1712
31045 2904
31046 1052 1498
31047 2519
31048 1241
31049 611
31050 3934
31051 3515
31052 2184
31053 653
31054 1033
31055 3417
31056 3100
31057 877
31058 1493
31059 4471
31060 3310
31061 3000 4147
31062 3500
31063 4389
31064 2699
31065 1621
31066 2084
31067 3987
31068 2828
31069 1658
31070 1719
31071 3986
31072 3189
31073 1486
31074 3472
31075 2796
31076 3826
31077 3381
31078 3114
31079 2213
31080 2578 2818
31081 4321
31082 905
31083 3469
31084 1281
31085 2406
31086 754 3427
31087 821
31088 695
31089 3202
31090 4311
31091 2794
31092 2084
31093 16
31094 1933
31095 4345
31096 3163
31097 3961
31098 943 1199 2683 2951 2952 2973 3521 4284
31099 159
31100 3044
31101 77
31102 3935
31103 1830 2774
31104 272
31105 274 1932
31106 4363
31107 1046
31108 351
31109 2110
31110 2720
31111 311 327
31112 1880
31113 4292
31114 2099
31115 1392
31116 363
31117 1355
31118 3675
31119 325
31120 1819
31121 1257
31122 3672
31123 2564
31124 680 1060 1855 3686
31125 535
31126 2251
31127 3413
31128 1709
31129 2465
31130 479
31131 3951
31132 470
31133 629
31134 3805
31135 2825
31136 473
31137 2703 2812
31138 473 2702 2916
31139 3368
31140 687
31141 470 1335
31142 719
31143 2539 3499
31144 865
31145 3824
31146 1763
31147 1654
31148 3204
31149 2190
31150 2817
31151 884
31152 1328
31153 733 925 3250
31154 4105
31155 2621
31156 4034
31157 2053
31158 979 1178
31159 3974
31160 1103
31161 2749
31162 3672
31163 1479
31164 541
31165 2684
31166 934
31167 2674
31168 2239
31169 2751
31170 3002
31171 2769
31172 935
31173 1331
31174 737
31175 1669
31176 751
31177 2844
31178 3580
31179 867
31180 1291
31181 2908
31182 1175
31183 1196
31184 372
31185 2062
31186 67 2839
31187 1701
31188 3881
31189 2835
31190 2155
31191 2539
31192 228
31193 4192
31194 1787
31195 3355
31196 4194
31197 747
31198 122
31199 3391
31200 1195 1197 1502 1869 2771 2862 3499
31201 1142
31202 754
31203 283
31204 924 2458
31205 615 2054 2579
31206 4200
31207 1798
31208 3204
31209 3843
31210 1594
31211 4018
31212 921
31213 2264
31214 1560
31215 3302
31216 4357
31217 3426
31218 2819
31219 1119
31220 923
31221 3954
31222 3963
31223 2531
31224 3960
31225 749
31226 4021
31227 4133
31228 4281
31229 1756
31230 2351
31231 3666
31232 2165
31233 1182
31234 1316
31235 2809
31236 8
31237 736
31238 1155
31239 1661
31240 3576
31241 1469 2594
31242 1715
31243 3994
31244 3681
31245 800
31246 349
31247 3585
31248 3412
31249 596
31250 1559
31251 1349
31252 1421
31253 2099
31254 735
31255 3785
31256 4153
31257 175
31258 283
31259 3632
31260 3984
31261 750
31262 203
31263 1503 3885
31264 1339
31265 2316
31266 1062
31267 2796
31268 2094
31269 747
31270 2847
31271 1958
31272 2395
31273 3128
31274 3472
31275 2088
31276 2023
31277 2248
31278 2476
31279 749
31280 1177
31281 1550
31282 1326
31283 2183
31284 1512
31285 2732 3384
31286 1617
31287 690
31288 2901
31289 3458
31290 2666
31291 952
31292 3526
31293 3180
31294 4443
31295 3190
31296 1608
31297 2820
31298 894
31299 2246
31300 2713
31301 3052
31302 2864
31303 4046
31304 142
31305 3935
31306 3217
31307 311
31308 229 2332
31309 3597
31310 3661
31311 3212
31312 4364
31313 3829
31314 2063
31315 317
31316 865
31317 4017
31318 737
31319 2229
31320 1821
31321 1637
31322 2589
31323 4221
31324 2907
31325 1011
31326 1014
31327 3812
31328 3922
31329 4164
31330 844
31331 551
31332 3144
31333 2624
31334 3020
31335 3894
31336 3728
31337 700
31338 1123
31339 333 3874
31340 2544
31341 2069
31342 437
31343 3009
31344 4024
31345 521
31346 3288
31347 531
31348 3928
31349 37
31350 666
31351 1883
31352 2558
31353 2526
31354 910
31355 1149
31356 3188
31357 1
31358 1082
31359 3759
31360 1503 1714 3052
31361 948
31362 1713
31363 675
31364 3424
31365 461
31366 1835
31367 3662
31368 443
31369 1845
31370 3458
31371 1877 4279
31372 4192
31373 3766
31374 764
31375 296
31376 2775
31377 3204
31378 2044
31379 765
31380 879
31381 4104
31382 3048
31383 146 544 3471
31384 2147
31385 2290
31386 2417
31387 2323
31388 1236
31389 2843
31390 3975
31391 2847
31392 1150
31393 2960
31394 3100
31395 676
31396 4293
31397 1300
31398 4216
31399 3218
31400 4284
31401 1335
31402 106
31403 1904
31404 3666
31405 3002
31406 1728
31407 3018
31408 3289
31409 2321
31410 976
31411 2731
31412 81
31413 2965
31414 1007
31415 1960
31416 1209
31417 3251
31418 4086
31419 3216
31420 2050
31421 746
31422 987 1284 4306 4306
31423 630 2678
31424 1141
31425 4247
31426 97
31427 1938
31428 2496
31429 429
31430 1654
31431 1025
31432 1705
31433 810
31434 1202
31435 706
31436 3728
31437 465
31438 3228
31439 439
31440 1793
31441 3428
31442 1965
31443 1872
31444 2086
31445 939
31446 3177
31447 840
31448 133
31449 1642
31450 1341
31451 4327
31452 2100
31453 3871
31454 745
31455 4224
31456 1251
31457 311
31458 162
31459 934
31460 3759
31461 2234
31462 3427
31463 2938
31464 3064
31465 3020
31466 3408
31467 1159
31468 3454
31469 2808
31470 1075
31471 3225
31472 734
31473 1117
31474 4221
31475 327
31476 407
31477 3371
31478 3754
31479 537 3073 3572
31480 3717
31481 3394
31482 1772
31483 3425
31484 488
31485 862
31486 4221
31487 911
31488 1825
31489 1447
31490 4306
31491 1269
31492 1434
31493 2699 3231
31494 473
31495 3422
31496 1032
31497 3655
31498 4149
31499 3987
31500 2339
31501 3418
31502 1740
31503 667
31504 2533
31505 3769
31506 993
31507 3217
31508 668
31509 1074
31510 3220
31511 1511
31512 2931
31513 638
31514 517
31515 1404
31516 3727
31517 3901
31518 4261
31519 1627
31520 3404
31521 719
31522 4382
31523 699 2237 4465
31524 3719
31525 3991
31526 3154
31527 276
31528 3915
31529 3938
31530 2678
31531 2957
31532 1179
31533 351
31534 4122
31535 844 3312
31536 1044
31537 338
31538 4476
31539 2448
31540 3758
31541 44
31542 2572
31543 1206
31544 2737
31545 1337
31546 1039
31547 3952
31548 473 733 2371
31549 3587
31550 3173 3261 3732
31551 1861
31552 1037
31553 2242
31554 3831
31555 1907
31556 3342
31557 621
31558 2057
31559 150 2353 2499 2921
31560 4220
31561 3788
31562 386
31563 3654
31564 1689
31565 441
31566 3319
31567 3915
31568 3932
31569 1673 3160
31570 2144
31571 3108
31572 3596
31573 1897
31574 433
31575 911
31576 3128
31577 943
31578 2173
31579 389
31580 2027
31581 1120
31582 1143
31583 3154
31584 311
31585 4463
31586 2001
31587 2714
31588 3140
31589 3294
31590 3209
31591 1047
31592 4061
31593 1902
31594 378
31595 3870 4002
31596 3174
31597 3245
31598 3706
31599 1469
31600 1493
31601 924
31602 1990
31603 3643
31604 1144
31605 1676
31606 3427
31607 2564
31608 403
31609 2162 2562 3796
31610 2307
31611 3322
31612 3871
31613 2551
31614 3426
31615 1957
31616 2775 2808 3527
31617 1469
31618 767
31619 857
31620 2715
31621 2531 2660
31622 1658
31623 4297
31624 259
31625 656
31626 300 339
31627 2451
31628 4363
31629 2929
31630 2927
31631 2718
31632 4045
31633 143 3215
31634 432
31635 4148
31636 2176
31637 1954
31638 357
31639 764
31640 2175
31641 1595 1596
31642 991
31643 2514
31644 3672 4161
31645 925
31646 2387
31647 894
31648 3628
31649 625
31650 2027
31651 321 4145
31652 1091
31653 4355
31654 1320
31655 2316
31656 2764
31657 2740
31658 3757
31659 2901
31660 1461
31661 2675
31662 3464
31663 3250
31664 2303
31665 4468
31666 2646
31667 3367
31668 3012
31669 697
31670 7
31671 473
31672 4292
31673 3665
31674 1353
31675 1680
31676 3221
31677 2828
31678 3442
31679 624
31680 2118
31681 4468
31682 735
31683 2770 3310
31684 1190
31685 148
31686 1913
31687 3935
31688 3757
31689 605
31690 3527
31691 2249
31692 530 1910 4074
31693 733 2296
31694 1349
31695 2808
31696 1591 3471
31697 738
31698 1469 3073
31699 562
31700 1162
31701 2939
31702 140
31703 3014
31704 3154
31705 4204
31706 756
31707 1828
31708 2756
31709 577
31710 4355
31711 1380 2984
31712 1776
31713 2987 2987
31714 1832
31715 996
31716 1372
31717 265
31718 1728
31719 201
31720 2595
31721 3314
31722 3988
31723 3534
31724 2722
31725 1863
31726 162
31727 868
31728 3445
31729 4222
31730 3955
31731 1048
31732 2539
31733 4439
31734 2077
31735 132
31736 1694
31737 4123
31738 327
31739 3980
31740 721
31741 2787
31742 524
31743 4221
31744 227
31745 1892
31746 63
31747 717
31748 3081
31749 872
31750 3210
31751 3826
31752 1116
31753 209
31754 2209
31755 2864
31756 2063
31757 2666
31758 4475
31759 2632
31760 785
31761 1132
31762 871
31763 3200
31764 921
31765 1992
31766 1060
31767 1659 2799
31768 16
31769 1654
31770 1093
31771 3217
31772 3172
31773 2081
31774 248
31775 2465
31776 47
31777 1848
31778 2603
31779 2001
31780 445
31781 1155
31782 4342
31783 3185
31784 2094
31785 4287
31786 3685
31787 3693
31788 1934 1934
31789 2653
31790 1771
31791 1545 1870
31792 1543
31793 733
31794 1862
31795 3131
31796 3245
31797 142
31798 3196
31799 663
31800 2905
31801 2405
31802 3971
31803 719
31804 104
31805 2683
31806 2325
31807 4216
31808 209
31809 3213
31810 3515
31811 3442
31812 3416
31813 483
31814 526
31815 3045
31816 2283
31817 2736
31818 3018
31819 4059
31820 2614
31821 3969
31822 3212
31823 2951
31824 846
31825 3239
31826 470 3607
31827 2603
31828 2512
31829 1217
31830 338
31831 1847
31832 3066
31833 4335
31834 3213
31835 2344
31836 107
31837 3551
31838 914
31839 1953
31840 2483
31841 2340
31842 1662
31843 565
31844 3459
31845 3032
31846 948
31847 1778
31848 3394
31849 1387
31850 3427
31851 3495
31852 2653
31853 1008
31854 1038
31855 317 1278 2950 2969
31856 18
31857 2217
31858 2916
31859 3116
31860 2094
31861 2491
31862 3211
31863 2233
31864 3073
31865 533
31866 4405
31867 905
31868 2541
31869 4243
31870 2332
31871 1123
31872 1136
31873 3858
31874 3655
31875 3665
31876 3200
31877 4278
31878 4436
31879 3190
31880 2496 2539
31881 2732
31882 4158
31883 2301
31884 1478
31885 2888
31886 223
31887 2874
31888 4406
31889 3446
31890 832
31891 2001
31892 2692
31893 2708
31894 3634
31895 1385
31896 3616
31897 2722
31898 3517
31899 169
31900 2006
31901 2907
31902 4286
31903 1636
31904 37
31905 3488
31906 3217
31907 3190
31908 740
31909 2639
31910 3488
31911 372 1254
31912 834
31913 473
31914 3275
31915 3718
31916 1413
31917 2672
31918 2053
31919 2834
31920 1658
31921 3215
31922 3953
31923 3351
31924 275
31925 3110
31926 1110
31927 2955
31928 4124
31929 3294
31930 3158
31931 1875
31932 4080
31933 2916
31934 1445
31935 712
31936 3212
31937 2490 2521
31938 3091
31939 733 3858
31940 402
31941 2476
31942 3659
31943 4221
31944 1029
31945 3344
31946 3334
31947 473 1469 2919
31948 591
31949 2986
31950 2936 2948 3285
31951 733
31952 2508
31953 1201
31954 4476
31955 4364
31956 3132
31957 3931
31958 2564
31959 1581
31960 456
31961 1601
31962 4143
31963 1815
31964 2063
31965 684
31966 3548
31967 1068
31968 794
31969 689
31970 977
31971 1700
31972 1522
31973 4023
31974 4088
31975 1075
31976 3650
31977 2771
31978 1465
31979 378
31980 2001
31981 766
31982 3331
31983 1560
31984 4291
31985 1445
31986 242 2081 4354
31987 2406
31988 4109 4298
31989 3656
31990 4036
31991 3754
31992 2851
31993 2984
31994 1795 1795
31995 1988
31996 3041
31997 620 1931
31998 1358
31999 2496
32000 4378
32001 353
32002 2018
32003 3425
32004 2992
32005 2280
32006 4327
32007 1325
32008 444 3445
32009 302
32010 2404
32011 446
32012 662
32013 197
32014 1526
32015 1223
32016 2517
32017 1418
32018 3491
32019 4283
32020 2917
32021 4473
32022 3945
32023 560
32024 3986
32025 3190
32026 1997
32027 1409
32028 4289
32029 4441
32030 1646
32031 3602
32032 171 186 2386
32033 3487
32034 1927
32035 216 639
32036 3025
32037 4126
32038 3471
32039 3023
32040 429
32041 1202
32042 1359
32043 4415
32044 3893
32045 536 1432
32046 633
32047 2095
32048 733
32049 905
32050 557
32051 334
32052 1631
32053 1544 1545
32054 3793
32055 3935
32056 2914
32057 3994
32058 265
32059 1660
32060 3527
32061 3488
32062 1202
32063 740
32064 955
32065 1080
32066 4138
32067 488
32068 1021
32069 4185
32070 2001
32071 2540
32072 4315
32073 1025
32074 61
32075 811
32076 49
32077 2785
32078 3531
32079 349
32080 2965
32081 1982
32082 1758
32083 2146
32084 1902
32085 3770
32086 1471 2944
32087 2626
32088 3497
32089 1256 1257
32090 2241
32091 4206
32092 3557
32093 299
32094 1075
32095 1469
32096 3938
32097 2712
32098 444
32099 1955
32100 2018
32101 1996
32102 672
32103 2713 2770
32104 2922 3838
32105 2801 3665
32106 1981
32107 1539 1539
32108 2702
32109 2803
32110 1199
32111 1194
32112 4428
32113 3694
32114 1777
32115 3546
32116 2898
32117 2171
32118 1137
32119 485
32120 4330
32121 3576
32122 3538
32123 2057
32124 1651
32125 2849
32126 3666
32127 3915
32128 4436
32129 474
32130 3488
32131 2720
32132 1744
32133 3417
32134 208 2489
32135 1014
32136 3155
32137 454 1311
32138 1359
32139 3162
32140 3876
32141 250
32142 3207
32143 83
32144 2554 3052 3597
32145 3726
32146 374
32147 3330
32148 1317
32149 418 1472 3384
32150 701
32151 736 737
32152 3527
32153 2284
32154 1940
32155 1553 2654
32156 2256
32157 3080
32158 4193
32159 2158
32160 3253
32161 3472
32162 1849
32163 4447
32164 383
32165 2873
32166 131 3521
32167 2653
32168 2703
32169 129
32170 3108
32171 2927
32172 1115
32173 852
32174 2287
32175 2189
32176 2059
32177 1238
32178 1498
32179 1446
32180 1735
32181 1558
32182 1108
32183 1489
32184 4409
32185 3576
32186 2885
32187 562
32188 4385
32189 4204
32190 3077
32191 950
32192 2904
32193 846 1326
32194 4339
32195 1285
32196 321 2942
32197 2642
32198 2144
32199 1593
32200 1718
32201 2294
32202 1679 2699
32203 79
32204 2502
32205 4087
32206 2994
32207 4064
32208 4203
32209 2727
32210 495
32211 2057
32212 2951
32213 181
32214 3995
32215 2186
32216 2495
32217 2428
32218 2083
32219 967
32220 1036
32221 4000
32222 1446
32223 1499
32224 1344
32225 2549
32226 1342
32227 2715
32228 1201
32229 3474
32230 292
32231 3441
32232 4420
32233 3892
32234 1540
32235 991
32236 3674
32237 3713
32238 3774
32239 3425
32240 1595
32241 1092
32242 2390
32243 1034
32244 2437
32245 3739
32246 1252
32247 479
32248 3418
32249 3554
32250 3589
32251 3325
32252 558
32253 2061
32254 1059
32255 2478
32256 4123
32257 550
32258 95
32259 264
32260 1706 2081
32261 2109
32262 3173
32263 1246 1326
32264 1954 4447
32265 3200
32266 1236
32267 1498 2969
32268 2963 2992
32269 4173
32270 751
32271 3986
32272 1929
32273 2727
32274 4065
32275 312
32276 134 405 444 2565 2886 2972 4284
32277 2929
32278 1883
32279 837
32280 366
32281 1469
32282 3021
32283 3219
32284 2416
32285 4107
32286 520
32287 1814
32288 235
32289 337
32290 986
32291 1702 2540
32292 2755
32293 523
32294 3277
32295 2017
32296 3824
32297 1052
32298 3898
32299 712 3690 4329
32300 1933 1934
32301 3425
32302 2086
32303 3194
32304 4053
32305 3937
32306 1969
32307 2922
32308 4167
32309 1450
32310 738
32311 905
32312 3987
32313 923
32314 339 705
32315 33
32316 2710
32317 2557
32318 3981
32319 4251
32320 1848
32321 3217
32322 2281
32323 3212
32324 3532
32325 3471
32326 1461 1469 2910 2918
32327 1316
32328 937 1975
32329 4375
32330 1933 3566
32331 3768
32332 1067
32333 215 227
32334 3768
32335 2001
32336 193
32337 3986
32338 1546
32339 3896
32340 4263
32341 2572
32342 1182
32343 2631
32344 1074
32345 1766
32346 2528
32347 2046
32348 366
32349 2565
32350 4234
32351 3855
32352 1257
32353 49
32354 1821
32355 2057
32356 1426
32357 2791
32358 3948
32359 4247
32360 3217
32361 37
32362 4137
32363 297 2770
32364 521
32365 3754
32366 2718
32367 544
32368 3347
32369 3204
32370 2712
32371 1371
32372 1428
32373 3296
32374 3675
32375 1540 4109
32376 3675
32377 4130
32378 2206
32379 1883
32380 2715
32381 562
32382 3441
32383 898
32384 1175
32385 2520
32386 1475
32387 336
32388 175
32389 3015
32390 200
32391 4230
32392 1253
32393 1418
32394 2222
32395 2256
32396 4178
32397 3598
32398 1029
32399 3208
32400 1540 2474
32401 1751
32402 2487
32403 2630
32404 798
32405 1997
32406 4437
32407 3690
32408 4457
32409 1303
32410 3012
32411 4411
32412 1415
32413 4116
32414 3771
32415 1239
32416 3960
32417 1111
32418 137 3498
32419 4233
32420 3288
32421 2819
32422 4106
32423 3095
32424 767
32425 1751
32426 1073
32427 3632
32428 3511
32429 3312
32430 225
32431 4399
32432 2910
32433 3754
32434 862
32435 3609
32436 930
32437 592
32438 2955 3631
32439 1517
32440 637
32441 3553
32442 394 733
32443 1507
32444 2574
32445 1204
32446 414
32447 2686
32448 3892
32449 2468
32450 3686
32451 2248
32452 1247 3288
32453 4345
32454 3927
32455 1108
32456 4328
32457 3000
32458 2694
32459 976
32460 3705
32461 2644
32462 1170
32463 3717
32464 3486
32465 1931
32466 474
32467 310
32468 2057
32469 1249
32470 1341
32471 2384
32472 4095
32473 1294
32474 2794
32475 1133
32476 696
32477 3790
32478 3207
32479 2960 3217
32480 2459
32481 3677
32482 737
32483 1600
32484 1037
32485 611 2679 3578 3803
32486 1768
32487 4391
32488 2782
32489 414
32490 3247
32491 420 2950
32492 142
32493 748
32494 568
32495 1156
32496 4094
32497 3417
32498 3272
32499 1187
32500 2657
32501 2709
32502 2133
32503 3273
32504 303
32505 2445
32506 3892
32507 74
32508 3942
32509 3572
32510 1833
32511 1264
32512 390
32513 2860 2868 3384 3688 4304
32514 3549
32515 180
32516 589 2907
32517 248
32518 16
32519 1385
32520 3165
32521 1600
32522 1445
32523 1906
32524 2094
32525 947 2435
32526 2659
32527 3602
32528 4221
32529 4121
32530 3090
32531 2321 2603 2725
32532 327 2369
32533 3200
32534 2288
32535 1134
32536 178
32537 3895
32538 1418
32539 2335
32540 2188
32541 2820
32542 3376
32543 3775
32544 2587
32545 2250
32546 3977
32547 383
32548 416
32549 966
32550 2163
32551 2820
32552 430
32553 2587
32554 2223
32555 327
32556 2250
32557 2250
32558 4145
32559 2278
32560 2715
32561 2335
32562 1699
32563 4315
32564 4355
32565 2143
32566 746
32567 103
32568 2127
32569 1694
32570 1166
32571 867
32572 369
32573 1305
32574 2984
32575 2098
32576 3831
32577 3712
32578 2392
32579 2723
32580 3208
32581 3659
32582 1594
32583 2818
32584 4063
32585 134
32586 3644
32587 4161
32588 3048
32589 3792
32590 3536
32591 2849
32592 4323
32593 3931
32594 2957
32595 1881
32596 3218
32597 2627
32598 1894
32599 1421
32600 1049
32601 657
32602 572
32603 3492
32604 2989
32605 1848
32606 3827
32607 2186
32608 2338
32609 726
32610 4422
32611 1636
32612 4221
32613 773
32614 258 824 1291 1411
32615 964
32616 186
32617 3748
32618 4033
32619 2310
32620 3906
32621 2684
32622 2012
32623 1036
32624 3188
32625 755
32626 1680
32627 3959
32628 693
32629 4043
32630 3894
32631 1149
32632 1539 1894
32633 1498
32634 3666
32635 1689
32636 3701
32637 3720
32638 3811
32639 1536
32640 2780
32641 3871 4311
32642 2023
32643 3368
32644 110
32645 2001
32646 3542
32647 7
32648 3858
32649 3133
32650 3218
32651 1281
32652 4494
32653 2613
32654 2987
32655 2496
32656 3066
32657 2785
32658 3697
32659 3652
32660 3411
32661 2137
32662 3617
32663 3849
32664 3514
32665 2644
32666 3498
32667 4011
32668 1152
32669 1377
32670 2980
32671 410
32672 4123
32673 2963
32674 1500 1520
32675 2915
32676 65
32677 2875
32678 3186
32679 3668
32680 2654
32681 3444
32682 2467 2742 2775
32683 673
32684 2291 3653
32685 1177
32686 3926
32687 2521
32688 2715
32689 545
32690 622
32691 3986
32692 2027
32693 3546
32694 3200
32695 669 733
32696 4258
32697 1600
32698 3311
32699 3135
32700 3210
32701 2186
32702 530
32703 915
32704 3667
32705 4325
32706 800
32707 2001
32708 2598
32709 2833
32710 1645
32711 784
32712 2332 2997
32713 3200
32714 4332
32715 737
32716 3427 4411
32717 1341
32718 734
32719 915
32720 3204
32721 3712
32722 2092
32723 290
32724 1933
32725 2808
32726 915
32727 2800
32728 574
32729 2834
32730 3618
32731 2314
32732 3216
32733 3927
32734 3545
32735 1784
32736 2550
32737 4123
32738 1162
32739 874
32740 820
32741 1639 1786
32742 1325
32743 3121
32744 2632
32745 402
32746 3618
32747 1033
32748 2785
32749 3255
32750 2426
32751 339 1175
32752 1542
32753 4174
32754 868
32755 766
32756 787
32757 237
32758 2615 3286
32759 1179
32760 1932 2199 3251 3318 3505
32761 1669
32762 4082
32763 2001
32764 3225
32765 3288
32766 3935
32767 3420
32768 3207
32769 305
32770 1982
32771 2503
32772 4123
32773 495 784 3250
32774 1293 1313 1643 2466
32775 1595
32776 832
32777 2725 2727
32778 823
32779 2692
32780 3507
32781 3742
32782 4469
32783 3225
32784 407
32785 481
32786 3316
32787 3147
32788 3756
32789 4490
32790 2007
32791 814
32792 1786
32793 2624
32794 473
32795 1098
32796 3190 3771
32797 754
32798 2721
32799 4449
32800 489 734
32801 2438
32802 570
32803 923
32804 2213
32805 1436
32806 632 1624 3747
32807 3176
32808 3680
32809 800
32810 1074
32811 1843
32812 3861
32813 3701
32814 1237
32815 3790
32816 3873
32817 202
32818 4295
32819 2320
32820 1257
32821 3531
32822 150 1025 1637
32823 1941
32824 4221
32825 2206
32826 810
32827 397
32828 2573 4174
32829 2452
32830 2031
32831 959
32832 3427
32833 3545
32834 734 1115
32835 2685
32836 4023
32837 3292
32838 513
32839 2148
32840 391
32841 1797
32842 2815
32843 2597 2626 3105
32844 1675
32845 735 936 1035 1178
32846 4074
32847 372 1264
32848 315
32849 669
32850 4476
32851 2331
32852 831
32853 1256
32854 3805
32855 1277
32856 2271
32857 3347
32858 4435
32859 4173
32860 2384 3418
32861 2189
32862 654
32863 4021
32864 3171
32865 4364
32866 390
32867 733
32868 369 470
32869 2496
32870 2671
32871 2870
32872 2742
32873 2017
32874 1447
32875 1029
32876 3053
32877 4148
32878 186 1456 1471 2517 2518 4407
32879 4173
32880 2027
32881 3378
32882 405 3289
32883 3154 3578 4062
32884 274 1253 3379 3383 4292
32885 2239
32886 586
32887 162
32888 350
32889 469 624 939
32890 3992
32891 1372
32892 3761
32893 2802
32894 3137
32895 4131
32896 827 1623 1975 3204 3404
32897 2550 2557 2975
32898 3993
32899 2343
32900 2983
32901 4058
32902 2850
32903 473
32904 2053
32905 877 2442
32906 1443
32907 3917
32908 3836
32909 1682
32910 3340
32911 1870
32912 3789
32913 4213
32914 939
32915 2381
32916 3269
32917 114
32918 3520
32919 3152
32920 3746
32921 3873
32922 1508
32923 470 841 3305
32924 1110
32925 3658
32926 465 3452
32927 3329
32928 2044
32929 3312
32930 1973
32931 2057
32932 1633
32933 151
32934 658
32935 1838
32936 1576
32937 4311
32938 1659
32939 2826
32940 719
32941 2410
32942 3421
32943 2452
32944 985
32945 1992
32946 3303
32947 3329
32948 2055
32949 1236
32950 375
32951 3298
32952 1074
32953 3682
32954 1175
32955 3747
32956 4221
32957 746
32958 2250
32959 4195
32960 3217
32961 2465
32962 1163
32963 1764
32964 3440
32965 1045
32966 3669
32967 669
32968 1467 3477 4475
32969 3986
32970 3293
32971 2601
32972 594
32973 4247
32974 3666
32975 1107
32976 3016
32977 2284
32978 2840
32979 1801
32980 3350
32981 1714
32982 4123
32983 2717
32984 4288
32985 1418
32986 1872
32987 2142
32988 950 1455 3351
32989 2085
32990 2532
32991 1024
32992 325
32993 3399
32994 2911
32995 3755
32996 1776
32997 2690
32998 1735
32999 2131
33000 1400
33001 3285
33002 2621
33003 2864
33004 1603
33005 1870
33006 4441
33007 1111
33008 1468
33009 87
33010 3000
33011 4411
33012 1411
33013 2095
33014 4025
33015 531
33016 2457
33017 446
33018 1833
33019 1034
33020 3763
33021 899
33022 2602
33023 2431
33024 1484
33025 3851
33026 2075
33027 4482
33028 3557
33029 2950 3128
33030 3763
33031 1550
33032 1442
33033 1372
33034 2973
33035 3530
33036 1316
33037 2064 3199
33038 4343
33039 3712
33040 3120
33041 1670
33042 2810 2860
33043 2057
33044 1111
33045 216
33046 1098
33047 954
33048 1193
33049 2871
33050 2537
33051 286 1105 1490 1504 4315
33052 1954
33053 3959
33054 50
33055 1496 3216 3217
33056 1772
33057 2835
33058 3711
33059 4123
33060 3937
33061 1671
33062 683
33063 4328
33064 3763
33065 4337
33066 3048
33067 2042
33068 2262
33069 63 2165 2331
33070 2075 2423
33071 3847
33072 3892
33073 3966
33074 3343
33075 16
33076 3984
33077 3240
33078 2162
33079 2106
33080 793 3425
33081 394
33082 3278
33083 342
33084 1548
33085 2767
33086 3325
33087 2808
33088 966
33089 320
33090 1254
33091 1408
33092 2496
33093 686
33094 490 3305
33095 2475
33096 273
33097 2216
33098 1889
33099 4490
33100 4448
33101 836
33102 108
33103 3710
33104 2368
33105 1099
33106 3210
33107 2951
33108 3960
33109 2573
33110 3794
33111 512
33112 3441
33113 2840
33114 1354
33115 3786
33116 2685
33117 3099
33118 349
33119 2041
33120 1450 3960
33121 3927
33122 2727
33123 1356
33124 3322
33125 1242
33126 2510
33127 789
33128 2994
33129 1644
33130 2223
33131 827 1623
33132 2447
33133 2672
33134 3959
33135 4328
33136 4431
33137 2084
33138 3342
33139 3200
33140 737
33141 3434
33142 1370
33143 3205
33144 2560
33145 1218
33146 294
33147 3379
33148 2227
33149 1661
33150 737
33151 374
33152 3707
33153 170
33154 1230
33155 4148
33156 2682
33157 2951
33158 4165
33159 4476
33160 3237
33161 850 933 2000 3505
33162 3207
33163 196
33164 3958
33165 824
33166 3385
33167 2282
33168 1797
33169 725
33170 4468
33171 2975
33172 151
33173 3099
33174 1042
33175 4437
33176 2729
33177 391
33178 1251
33179 116 555 2303 3412
33180 3958
33181 1669 1972
33182 254
33183 1480
33184 1326 1403 2330 2415 2640
33185 1798
33186 784
33187 2908
33188 1819
33189 3819
33190 948
33191 2531
33192 3576
33193 351
33194 430
33195 461
33196 4074
33197 1923
33198 2371
33199 3520
33200 543
33201 4164
33202 2041
33203 793
33204 316
33205 1862
33206 1636 1862
33207 393
33208 896
33209 3094
33210 1666
33211 2522
33212 2860
33213 3059
33214 279
33215 112
33216 3632
33217 89
33218 1613
33219 57
33220 4079
33221 3427
33222 2770
33223 4398
33224 2653
33225 2653
33226 3205
33227 2770
33228 2308
33229 2520
33230 2873
33231 2520
33232 2571
33233 2628
33234 2376
33235 4100
33236 2686
33237 4088
33238 3427
33239 1511
33240 1151
33241 4217
33242 2075
33243 4120
33244 3150
33245 1299
33246 1035
33247 3934
33248 2994
33249 3425
33250 2061
33251 986
33252 1042
33253 2610
33254 234
33255 3210
33256 531
33257 4096
33258 1205
33259 3487
33260 3165
33261 576
33262 734
33263 4025
33264 3504
33265 294 2086
33266 1746
33267 1020
33268 874
33269 3754
33270 811
33271 1865
33272 2631
33273 737
33274 2598
33275 3617
33276 3080
33277 4372
33278 1757
33279 2828
33280 69
33281 4295
33282 3160
33283 4229
33284 4224
33285 2639 2851
33286 212
33287 664
33288 2521
33289 1180
33290 3625
33291 2668
33292 2780
33293 892
33294 56
33295 3200
33296 2960
33297 2569
33298 1238
33299 3215
33300 2275
33301 911
33302 2982
33303 3114
33304 3717
33305 3215
33306 1522
33307 1376
33308 286
33309 338
33310 921
33311 1903
33312 1316 1418
33313 1734
33314 1029
33315 2452
33316 935
33317 260
33318 1748
33319 4391
33320 899
33321 26
33322 3411
33323 687
33324 4148
33325 2642
33326 1196
33327 2781
33328 961
33329 2075
33330 1285
33331 1511
33332 4315
33333 2804
33334 3543
33335 1839 3627 4314
33336 1323
33337 2303
33338 2773
33339 3010
33340 2695
33341 1339
33342 1707
33343 1031
33344 570
33345 2361
33346 3467
33347 2222
33348 2987
33349 2182
33350 1823
33351 3239
33352 3136
33353 248
33354 4447
33355 2992
33356 2521
33357 3056
33358 3064
33359 1606
33360 1444
33361 2896 3102
33362 3209
33363 2714
33364 4138
33365 1694
33366 3931
33367 1434
33368 2748
33369 1335
33370 709
33371 427
33372 1466
33373 118
33374 3207
33375 3194
33376 1341
33377 2113
33378 4240
33379 1523 3171
33380 832
33381 2771
33382 92
33383 3523
33384 3217
33385 2729
33386 3957
33387 1039
33388 4079
33389 3752
33390 1531
33391 630
33392 446
33393 729
33394 2346
33395 235
33396 4384
33397 1995
33398 97
33399 2431
33400 1111
33401 2654 2679
33402 372
33403 4082
33404 1097
33405 1701
33406 1967
33407 3208
33408 4219
33409 3283
33410 2770
33411 3578
33412 707
33413 726
33414 3242
33415 1693
33416 3200
33417 1875
33418 2680
33419 1482
33420 3128
33421 633 1678 2317
33422 3400
33423 934
33424 2671
33425 3793
33426 2246
33427 1863
33428 711
33429 2904
33430 4110
33431 3217
33432 1862
33433 4321
33434 428
33435 3480
33436 1337
33437 1754
33438 726
33439 4065
33440 3614
33441 2519
33442 2494
33443 2295
33444 2532
33445 2860 3175
33446 2653
33447 1869
33448 3217
33449 2503
33450 3817
33451 1587
33452 1430
33453 4475
33454 953
33455 3205
33456 896
33457 4256
33458 1209
33459 3277
33460 1446
33461 301
33462 4079
33463 2763
33464 2715
33465 1110
33466 2222
33467 252
33468 1430
33469 669
33470 1329
33471 40
33472 1161 1358 3933
33473 1762
33474 3383
33475 2775
33476 2788
33477 4190
33478 3195
33479 401
33480 326
33481 2073
33482 198
33483 3188
33484 1924
33485 1137
33486 275
33487 905
33488 3454
33489 4245
33490 1204
33491 2484
33492 3580
33493 477
33494 3213
33495 1523
33496 3954
33497 2901
33498 3208
33499 2642
33500 146
33501 490
33502 3487 3589
33503 2983 3078
33504 2092
33505 59
33506 1445
33507 737
33508 339 784 1976 2550 2951 2969
33509 2404
33510 892
33511 892
33512 1406
33513 734 3293
33514 4370
33515 647
33516 3021
33517 2434
33518 470
33519 2484
33520 633 1593 3404
33521 1593
33522 3394
33523 626
33524 3319
33525 1043
33526 4489
33527 3310
33528 745 1669
33529 2776
33530 384 634 3697
33531 1913
33532 3209
33533 1185
33534 2952
33535 754
33536 3497
33537 129
33538 667
33539 850
33540 3210
33541 3924
33542 3305
33543 151 733
33544 1586
33545 2969
33546 3208
33547 797
33548 407
33549 3228
33550 1117
33551 820
33552 1596 1599
33553 3097
33554 3463
33555 1551 2649
33556 3304
33557 3154
33558 890
33559 3282
33560 4424
33561 480
33562 720
33563 3432
33564 2762
33565 45
33566 480
33567 615
33568 2816 3641
33569 920
33570 4369
33571 126
33572 1803
33573 2927
33574 3020
33575 940
33576 539
33577 737
33578 1419
33579 1579
33580 78
33581 449 4086
33582 382
33583 3066
33584 2718
33585 2381
33586 1111
33587 3248
33588 3592
33589 3460
33590 1580
33591 2627
33592 2963
33593 1601
33594 338 733 1572 3250 4087
33595 2599
33596 1154
33597 3870
33598 3383
33599 2659
33600 3642
33601 3914
33602 3188
33603 152
33604 3981
33605 3666
33606 2938
33607 3816
33608 948
33609 1201
33610 295 3382
33611 3230
33612 1691
33613 2701
33614 2808
33615 1925
33616 3730
33617 2802
33618 2057
33619 1059
33620 2654
33621 3217
33622 1787
33623 2586
33624 1515
33625 4166
33626 14
33627 275
33628 1747
33629 3201
33630 867
33631 863
33632 4349
33633 4454
33634 2325
33635 1431
33636 2950
33637 165
33638 1085
33639 2718
33640 2189
33641 4160
33642 888
33643 3915
33644 2961
33645 3165
33646 118 2699
33647 1562
33648 3379
33649 2845
33650 2785
33651 1096
33652 3819
33653 152
33654 1695
33655 3571
33656 1132
33657 4287
33658 3996
33659 62
33660 2346
33661 4180
33662 3935
33663 2734
33664 2827
33665 280
33666 1023
33667 2488
33668 2752
33669 294
33670 2631
33671 543
33672 3610
33673 2471
33674 4259
33675 2653
33676 2316
33677 3677
33678 4016
33679 2199
33680 2575
33681 3937
33682 530
33683 912
33684 867
33685 595
33686 139
33687 3949
33688 3836
33689 1463
33690 52
33691 4199
33692 1236
33693 2969
33694 916
33695 4060
33696 1220
33697 2250
33698 1607
33699 3630
33700 56
33701 954
33702 1400
33703 1349
33704 228
33705 3781
33706 1949
33707 206
33708 585
33709 1750
33710 3823
33711 2960
33712 2240
33713 1600
33714 2834
33715 3190
33716 2459
33717 4436
33718 965
33719 4173
33720 2061
33721 3157
33722 1699
33723 351
33724 977
33725 2710
33726 4082
33727 3754
33728 47
33729 1102
33730 2336
33731 2914
33732 1859 2909 3501
33733 2040
33734 2808
33735 189
33736 2472 3105
33737 911
33738 1720
33739 2625
33740 2834
33741 1274
33742 2837
33743 2409
33744 3002
33745 701
33746 2808
33747 4292
33748 2881
33749 733
33750 3867
33751 1470
33752 117
33753 1753
33754 1786
33755 717
33756 2660 2839
33757 1069
33758 3074
33759 657
33760 339 3197
33761 1770
33762 2386
33763 3486
33764 2158
33765 1038
33766 3118
33767 364
33768 353
33769 3661
33770 1152
33771 2748 2960
33772 2559 2564
33773 463
33774 2754
33775 3290
33776 4071
33777 4457
33778 3001
33779 1358 2653
33780 1490
33781 3840
33782 2605 3628
33783 3665
33784 2415
33785 295 734 3756 3927
33786 775
33787 1477
33788 326
33789 3993
33790 140
33791 3599
33792 2421
33793 1999
33794 390
33795 124
33796 1311
33797 949
33798 2049
33799 3324
33800 3454
33801 3660
33802 3348
33803 734
33804 1303
33805 3873
33806 3038
33807 3048
33808 3371
33809 32
33810 1236
33811 1236
33812 4304
33813 215 1797 2250 2468 2627
33814 3828
33815 1749
33816 2525
33817 3879
33818 2569
33819 1611
33820 1202
33821 2486
33822 387
33823 202
33824 4271
33825 2731
33826 4187
33827 2950
33828 2706
33829 1034
33830 444
33831 991
33832 2075 2982 3017 4182
33833 1831
33834 3495
33835 3545
33836 3677
33837 2097
33838 3694
33839 2316
33840 3543
33841 473
33842 3217
33843 393
33844 3704
33845 553
33846 1228
33847 1847
33848 1811
33849 3832
33850 448 737
33851 1263
33852 304
33853 2387
33854 3823
33855 2064
33856 3217
33857 1562
33858 349
33859 246
33860 2116
33861 1399
33862 1113
33863 3381
33864 4107
33865 3219
33866 1206
33867 4173
33868 3450
33869 3094
33870 1496
33871 917
33872 2465
33873 1154
33874 4237
33875 209
33876 4148
33877 441
33878 3212
33879 798
33880 1476
33881 2101
33882 4
33883 1585
33884 4138
33885 4368
33886 656
33887 3648
33888 936
33889 3439
33890 2086
33891 3726
33892 1797 2453 3581 3806 3970
33893 1300
33894 342 1661 1880 3686
33895 2665
33896 597
33897 1094
33898 2001
33899 2707
33900 3666
33901 4120
33902 960
33903 3681
33904 3672
33905 3857
33906 3832
33907 271 1816
33908 622
33909 1005
33910 633
33911 2203
33912 3382
33913 3125
33914 2973 3226
33915 2770
33916 3332
33917 1693
33918 1115
33919 980
33920 1006
33921 1808
33922 1285 2653 2984 3108
33923 3000
33924 3660
33925 1531
33926 2595
33927 2433
33928 2760
33929 3075
33930 2618
33931 2266
33932 526
33933 800
33934 506
33935 3682
33936 3603
33937 3162
33938 197
33939 3770
33940 724
33941 1583
33942 3114
33943 3209
33944 2248
33945 2992
33946 2390
33947 507
33948 964
33949 2644 2858
33950 4341
33951 4350
33952 2785
33953 3161
33954 394
33955 1097
33956 2903 3091
33957 3231
33958 2190
33959 4033
33960 1779
33961 378
33962 2062
33963 455
33964 2713
33965 3960
33966 884
33967 2543
33968 2491 2531 2609 2687 2777 3128 3137
33969 4360
33970 882
33971 787
33972 1395
33973 1903
33974 293
33975 4031 4043
33976 133 950 2559
33977 1455
33978 533
33979 2936 2955 2986
33980 1496
33981 1029
33982 1308
33983 2668
33984 1095
33985 4289
33986 1111
33987 1399
33988 4118
33989 1300
33990 412
33991 2974
33992 3969
33993 4475
33994 1115
33995 867
33996 342 345 470 1311 2967 3825
33997 3325
33998 3311
33999 3199
34000 3149
34001 1206
34002 3892
34003 2017
34004 4387
34005 3717
34006 4161
34007 282
34008 2849
34009 4115
34010 3717
34011 1311
34012 896
34013 2875
34014 2833
34015 3423
34016 605
34017 3647
34018 2653
34019 2925
34020 1399 3047
34021 768
34022 1715
34023 2374
34024 1582
34025 1111
34026 2676
34027 3807
34028 1284 3667
34029 61
34030 2131
34031 3864
34032 1243
34033 2638
34034 1338
34035 4328
34036 2734
34037 3270
34038 2560
34039 1323
34040 3540
34041 3052
34042 1062
34043 304 874
34044 377
34045 1288
34046 2958
34047 2959 4148
34048 1246 2699
34049 1651
34050 1395 3290
34051 3208
34052 1223
34053 204
34054 380
34055 1522
34056 3425
34057 4436
34058 1245
34059 1069 2951 4232
34060 2559
34061 2561
34062 361
34063 4221
34064 806
34065 4225
34066 3319
34067 3878
34068 3174
34069 387 734
34070 3425
34071 3728
34072 641
34073 2021
34074 4316
34075 609
34076 3434
34077 956
34078 3721
34079 1547
34080 2109
34081 757
34082 4091
34083 868
34084 1469
34085 275
34086 2737
34087 868 1680
34088 4083
34089 421
34090 3954
34091 3325
34092 3993
34093 2715
34094 3323
34095 3471
34096 3937
34097 747
34098 1060
34099 507
34100 3328
34101 1483
34102 1002
34103 3132
34104 2077
34105 3107
34106 392
34107 343
34108 2222
34109 3487
34110 2012
34111 1316
34112 326
34113 4440
34114 3204
34115 2991
34116 2324
34117 3057
34118 135
34119 3352
34120 186
34121 3525
34122 782
34123 2555
34124 3002
34125 544
34126 516 3340
34127 2686
34128 1028
34129 4116
34130 2718
34131 4074
34132 3688
34133 509 1314 3674 4082
34134 2398
34135 2074
34136 347
34137 987
34138 3210
34139 2660
34140 1592
34141 2968
34142 3454
34143 3325
34144 3367
34145 1023
34146 738
34147 3218
34148 3638
34149 1784
34150 3166
34151 1510
34152 2769
34153 1490
34154 4217
34155 2411
34156 4202
34157 3572
34158 1456
34159 1363
34160 952
34161 475
34162 797
34163 2849
34164 572
34165 3209
34166 3206
34167 4363
34168 3933
34169 2282
34170 3713
34171 4033
34172 87
34173 747
34174 2919 3185
34175 454
34176 2520
34177 3746
34178 1537
34179 67
34180 3208
34181 2044
34182 1006
34183 2904
34184 3940
34185 1446
34186 3718
34187 3773
34188 761
34189 4421
34190 2327
34191 4343
34192 1636
34193 2941
34194 2842
34195 820
34196 3215
34197 263
34198 4201
34199 2324
34200 228
34201 1033
34202 3855
34203 3580
34204 3192
34205 3316
34206 1058
34207 3204
34208 94
34209 3188
34210 1179
34211 4297 4455
34212 1399
34213 2238
34214 836
34215 1485
34216 4191
34217 3137
34218 2661
34219 1606
34220 3215
34221 1122
34222 1993
34223 399
34224 3439
34225 4202
34226 3955
34227 3757
34228 549
34229 984
34230 2403
34231 3208
34232 894 894
34233 2002
34234 2570
34235 2613
34236 3208
34237 3598
34238 2084
34239 397
34240 3247
34241 2897
34242 3132
34243 2095
34244 4295
34245 1139
34246 175
34247 4350
34248 3543
34249 4139
34250 2043
34251 3379
34252 915
34253 3032
34254 4137
34255 463
34256 3707
34257 2525
34258 3658
34259 930
34260 1179 3379
34261 2691
34262 2482
34263 3158
34264 2762
34265 3213
34266 3040
34267 3827
34268 2057
34269 1381
34270 2360
34271 1491
34272 3543
34273 2572
34274 1783
34275 3476
34276 857
34277 2168
34278 3553
34279 4374
34280 3713
34281 2986
34282 1862
34283 2536 2603 2837
34284 4196
34285 3767
34286 1162
34287 3772
34288 3203
34289 211
34290 2998
34291 2494
34292 3493
34293 1522
34294 4161
34295 2552
34296 1133
34297 923
34298 3930
34299 964
34300 3369
34301 3128
34302 4492
34303 2739
34304 3503
34305 339
34306 21
34307 1393
34308 1318
34309 1074
34310 2647
34311 1658
34312 4074
34313 393
34314 2967
34315 3923
34316 2679
34317 3938
34318 2685
34319 3886
34320 2267 2380 2450 2548 2796 3102
34321 3861
34322 3239
34323 1928
34324 2587
34325 3662 4491
34326 1205
34327 1837
34328 3676
34329 553
34330 1293
34331 2960
34332 2807
34333 2646
34334 3985
34335 3187
34336 3974
34337 3763
34338 675
34339 2436
34340 3923
34341 987
34342 4221
34343 2864 3098
34344 465 2771
34345 4248
34346 1240
34347 3083
34348 1472
34349 3661
34350 2950
34351 1759
34352 577
34353 974
34354 2672
34355 802
34356 3149
34357 1585
34358 2860
34359 2959
34360 3815
34361 1272
34362 1264
34363 2386
34364 2057
34365 3427
34366 1469 1680
34367 2771
34368 1865
34369 1786
34370 923
34371 2798
34372 2648
34373 464
34374 2911
34375 3313
34376 3643
34377 2997
34378 89
34379 470 1973
34380 2554
34381 3753
34382 1903
34383 3660
34384 3408
34385 2708
34386 4469
34387 1324
34388 3106
34389 3397
34390 883
34391 559
34392 2989
34393 2267
34394 3513
34395 2927
34396 587
34397 1136
34398 2900
34399 1493
34400 1683
34401 493
34402 3791
34403 3128
34404 1956
34405 476
34406 1408
34407 1285
34408 4183
34409 2605
34410 220
34411 3997
34412 1841
34413 783 4430
34414 2044
34415 736
34416 1345
34417 1180
34418 3922
34419 1656
34420 2577
34421 3155
34422 3269
34423 4123
34424 3525
34425 1915
34426 1083
34427 196
34428 3861
34429 1721
34430 2863
34431 1360
34432 247
34433 789
34434 4320
34435 1218
34436 3746
34437 3139
34438 1241
34439 2057
34440 1344
34441 2044
34442 784
34443 4313
34444 70
34445 4277
34446 4026
34447 3753
34448 3971
34449 2842
34450 902
34451 1019
34452 3113
34453 2977
34454 4015
34455 3325
34456 3250
34457 3745
34458 473
34459 784
34460 901
34461 4236
34462 2874
34463 487
34464 905
34465 3462
34466 905
34467 2749
34468 3319
34469 460
34470 1196
34471 117
34472 2044
34473 3623
34474 339 1305 3378 3383
34475 1784
34476 3781
34477 387
34478 4416
34479 1848
34480 2679
34481 3472
34482 861
34483 1878
34484 3592
34485 1423
34486 1856
34487 2465
34488 2283
34489 3343
34490 602
34491 3631
34492 60
34493 3281
34494 2574
34495 98
34496 2722
34497 2773
34498 4455
34499 129 129 2320 2587
34500 1155
34501 867
34502 2951
34503 1756
34504 692
34505 3111
34506 2788
34507 3555
34508 1120
34509 3631
34510 344 1485
34511 4311
34512 1279
34513 1281
34514 1943
34515 1149
34516 1557
34517 3468
34518 798
34519 4250
34520 1680 3422
34521 4311
34522 1455
34523 2534
34524 3801
34525 1807
34526 2481
34527 4474
34528 1348
34529 106
34530 1060 1386 3384 3652
34531 3285
34532 456
34533 4116
34534 3754
34535 369
34536 657
34537 152
34538 988
34539 18
34540 3406
34541 297
34542 876
34543 2037
34544 4439
34545 2910
34546 105
34547 3272
34548 2388
34549 2993
34550 64
34551 1480
34552 1276
34553 4428
34554 182
34555 3480
34556 3445
34557 1399
34558 141 3535
34559 185
34560 656
34561 738
34562 16
34563 2573
34564 3487
34565 891
34566 1122
34567 3181
34568 2950
34569 172
34570 3684
34571 2709
34572 1337
34573 936
34574 465
34575 3717
34576 3208
34577 3244
34578 2329
34579 1231
34580 3124
34581 658
34582 4325
34583 4033
34584 3915
34585 1177
34586 2946
34587 1316
34588 4253
34589 2556
34590 1529
34591 1867
34592 2115
34593 4284
34594 2501
34595 3666
34596 528
34597 656
34598 2691
34599 81
34600 1232
34601 4440
34602 2502
34603 4031
34604 3284
34605 3944
34606 3171
34607 1514
34608 3217
34609 3701
34610 3969
34611 935
34612 2699 2699
34613 4169
34614 3499
34615 3437
34616 264
34617 507 1172 2350 3047
34618 3955
34619 4315
34620 1628
34621 3205
34622 1362 3419
34623 1058
34624 1562
34625 339 1355 1642 2797
34626 2404
34627 4001
34628 65
34629 2767
34630 624
34631 4190
34632 91
34633 248
34634 3330
34635 2474 3931
34636 4111
34637 1469
34638 3324
34639 1226
34640 2864
34641 1345
34642 750
34643 3616
34644 3493
34645 770
34646 2936
34647 2597
34648 3105
34649 14
34650 481
34651 1637 3660 4385
34652 3213
34653 3668
34654 3859
34655 92
34656 3251
34657 476
34658 955
34659 3761
34660 4464
34661 1912
34662 2461
34663 2196
34664 349 877 1284 2845
34665 3736
34666 18
34667 4436
34668 2070
34669 2779
34670 1060
34671 2750
34672 3899
34673 1528
34674 1075
34675 67
34676 3196
34677 4269
34678 1069
34679 2259
34680 3422
34681 674
34682 3840
34683 3214
34684 4214
34685 259
34686 4125
34687 2132
34688 2725
34689 3016
34690 1670
34691 1180
34692 3098
34693 1233
34694 3118
34695 2564 2578
34696 2799
34697 2086
34698 3245
34699 2474
34700 3975
34701 3644
34702 2705
34703 280
34704 3186
34705 3944
34706 1316
34707 1254
34708 3674
34709 378
34710 2909
34711 1861
34712 3852
34713 2929
34714 2866
34715 2474
34716 3694
34717 1623
34718 2001
34719 1452
34720 1086
34721 1540 2958
34722 2748
34723 96
34724 1059
34725 3728
34726 479
34727 2359
34728 1052
34729 3971
34730 566 3044
34731 2001
34732 3616
34733 1833
34734 4295
34735 3040
34736 1116
34737 3715
34738 1746
34739 2477
34740 1575
34741 83 2367 2930 2945 3029 4005 4084
34742 78
34743 120
34744 2019
34745 673
34746 1763
34747 522
34748 2836
34749 2571
34750 2741
34751 2415
34752 1730
34753 2999
34754 1431 2975
34755 262
34756 2299
34757 1337
34758 3937
34759 3695
34760 1060
34761 2626
34762 2543 2595
34763 894
34764 3544
34765 3508
34766 2685
34767 3073
34768 4241
34769 138
34770 3477
34771 4437
34772 3698
34773 2447
34774 3394
34775 931
34776 1724
34777 2957
34778 635
34779 2739
34780 1488
34781 446 1522
34782 3475
34783 1574
34784 3048
34785 2815
34786 3194
34787 1991
34788 3471
34789 4378
34790 2466
34791 3270
34792 3204
34793 2478
34794 717
34795 1111
34796 151
34797 3683
34798 3626
34799 1223
34800 2821
34801 3427
34802 948
34803 434
34804 955
34805 4188
34806 3895
34807 2630
34808 94
34809 331
34810 1920
34811 3933
34812 1916
34813 2215
34814 175
34815 2687
34816 3888
34817 3165
34818 4029
34819 2847
34820 4225
34821 416
34822 3858
34823 1377
34824 174 3513
34825 2727
34826 1559 4033
34827 4081
34828 1060
34829 656
34830 1001
34831 3444
34832 1087
34833 4321
34834 669
34835 1921
34836 658
34837 339 2574
34838 3726
34839 3770
34840 1860 4328
34841 680
34842 4402
34843 2300
34844 3172
34845 1365 4284
34846 1492 2491 3734 4033
34847 2182
34848 2280 2685
34849 1177
34850 1859
34851 3615
34852 3842
34853 1839
34854 3031
34855 1928
34856 2823
34857 3213
34858 1831
34859 4493
34860 1463
34861 1129
34862 713
34863 4008
34864 3293
34865 3209 3218
34866 858
34867 1182
34868 2300
34869 1515
34870 510
34871 2176
34872 3190
34873 3455
34874 3379 4299
34875 2708
34876 2365
34877 4027
34878 3208
34879 3190
34880 3623
34881 1522 2603
34882 3054
34883 2604
34884 4483
34885 2277
34886 4366
34887 672
34888 2253
34889 876
34890 4423
34891 1538
34892 3716
34893 3050
34894 1321
34895 2854
34896 1254 1934 2476 3303
34897 1803
34898 543
34899 3680
34900 1797
34901 2388
34902 3754
34903 3171
34904 2644
34905 1202
34906 802
34907 3103
34908 2552 3016
34909 828 1257 1668 1932
34910 2873
34911 2691
34912 3673
34913 4067
34914 3926
34915 2658
34916 3188
34917 330
34918 4172
34919 4491
34920 4261
34921 1540
34922 2295
34923 736
34924 1557
34925 3803
34926 3289
34927 2162
34928 3793
34929 669
34930 2794
34931 1091
34932 943
34933 3695
34934 1138
34935 1484 2458
34936 2660
34937 2476
34938 4439
34939 109
34940 4255
34941 216
34942 3622
34943 2552
34944 3628
34945 678
34946 1150
34947 197
34948 2769
34949 1825
34950 3496
34951 2769
34952 2577
34953 349
34954 585
34955 701
34956 146
34957 565
34958 3491
34959 238
34960 2564
34961 2347
34962 471
34963 4189
34964 3630
34965 3101
34966 2837
34967 3490
34968 3207
34969 3217
34970 2782
34971 4462
34972 2186
34973 917
34974 2905
34975 301
34976 2847
34977 3891
34978 2245
34979 3642
34980 3769
34981 4198
34982 3294
34983 1753
34984 1513
34985 3664
34986 4226
34987 697
34988 4381
34989 3688
34990 2080
34991 2015
34992 1818
34993 3592
34994 4301
34995 1545
34996 1104
34997 3203
34998 477
34999 3960
35000 3209
35001 3796
35002 1585
35003 3295
35004 1820
35005 1909
35006 2496
35007 129
35008 3829 4233
35009 1603
35010 878
35011 1115
35012 952
35013 3227
35014 3616
35015 4364
35016 915
35017 2161
35018 4033
35019 2057
35020 1434
35021 4264
35022 1538
35023 2017
35024 2441
35025 566
35026 2142
35027 246
35028 2808 3421
35029 3670
35030 3717
35031 4481
35032 4199
35033 874
35034 1359
35035 4123
35036 27
35037 1503
35038 1943
35039 3800
35040 1839
35041 2770
35042 645
35043 1648
35044 182
35045 3491
35046 888
35047 3607
35048 4177
35049 4030
35050 4119
35051 2748
35052 1838
35053 2945
35054 1454
35055 2001
35056 1802
35057 2979
35058 3452
35059 923
35060 1446
35061 4069
35062 1767
35063 2653
35064 3325
35065 1308 1352
35066 3969
35067 3663
35068 4436
35069 4415
35070 4200
35071 129
35072 2001
35073 4238
35074 327
35075 2470
35076 1014
35077 1468
35078 559
35079 1014
35080 1677
35081 3927
35082 1439
35083 1087
35084 2653 2770
35085 3720
35086 1552
35087 877
35088 2290
35089 342
35090 2057
35091 3722
35092 4452
35093 1861
35094 1788
35095 470 489 937
35096 341
35097 4162
35098 4157
35099 3771
35100 1661 3379
35101 3203
35102 1500
35103 396
35104 3278
35105 3494
35106 106 1511
35107 2770
35108 3284
35109 2137
35110 3652
35111 4449
35112 3260
35113 480
35114 3027 3924
35115 329
35116 3769
35117 2905
35118 2968
35119 1036
35120 4200
35121 734
35122 3208
35123 279
35124 1448
35125 987
35126 2433
35127 3180
35128 2960
35129 4159
35130 4130
35131 1374
35132 519
35133 2802
35134 2901
35135 1278
35136 127
35137 1464
35138 138
35139 2187
35140 2925
35141 3975
35142 3939
35143 527 3375
35144 645
35145 918 3631
35146 988
35147 4438
35148 2423
35149 2470 2798
35150 625
35151 905
35152 4429
35153 3180
35154 2083
35155 3425
35156 4230
35157 294
35158 1202 1469 3001
35159 510
35160 252 342
35161 885
35162 1455
35163 2469 2573 2715 2715 3047
35164 4485
35165 3134
35166 1195
35167 771
35168 2905
35169 4300
35170 1841
35171 31
35172 1202
35173 955 2179
35174 351 2901
35175 4491
35176 2007
35177 3190
35178 2963
35179 3616
35180 3425
35181 3865
35182 784
35183 2100
35184 934
35185 2281
35186 2340
35187 2873
35188 2578
35189 1438
35190 4023
35191 2177
35192 1545
35193 153
35194 2091
35195 1453
35196 3317
35197 2462
35198 993
35199 4065
35200 2690
35201 1028
35202 2909
35203 557
35204 1745
35205 1149
35206 2431
35207 1424
35208 2749
35209 2446
35210 3469
35211 4119
35212 3208
35213 4403
35214 1303
35215 1595 1596
35216 2668
35217 3787
35218 1257
35219 592
35220 4067
35221 525
35222 3665
35223 3661
35224 1434
35225 1773
35226 2910 2916 4043
35227 4033
35228 3930
35229 1133
35230 1877
35231 675
35232 1569
35233 2573
35234 1110
35235 630
35236 2851
35237 657
35238 1720
35239 1075
35240 2553
35241 4252
35242 3424
35243 3150
35244 3270
35245 4057
35246 1115
35247 3130
35248 967
35249 634
35250 1133 1797
35251 859
35252 473
35253 1335
35254 115
35255 2012
35256 1956
35257 2058
35258 3954
35259 2980 3300
35260 968
35261 1269
35262 3748
35263 616
35264 3190
35265 1896
35266 391
35267 2258
35268 309
35269 894
35270 1177
35271 3571
35272 2280 2456 2908
35273 2094
35274 2318
35275 1497
35276 1337
35277 755
35278 2099
35279 3742
35280 2100
35281 321 624
35282 2415
35283 3422
35284 440
35285 327
35286 1110
35287 3717
35288 3789
35289 2883
35290 3356
35291 3981
35292 1539 2587
35293 2577
35294 94
35295 561
35296 2081
35297 683
35298 145
35299 2747
35300 777
35301 2840
35302 3524
35303 461
35304 3355
35305 1388
35306 1707
35307 3419
35308 2058
35309 1410
35310 1542
35311 106
35312 2044
35313 335
35314 2157 2278 2452 2535 2538
35315 2849
35316 1341
35317 2339
35318 3827
35319 1954
35320 1149
35321 26
35322 3816
35323 3021
35324 3655
35325 3792
35326 94
35327 50
35328 1608
35329 1476
35330 589
35331 793
35332 684
35333 733 3381
35334 1926 2771
35335 2042
35336 3005 3042
35337 3410
35338 2741 3826 4138
35339 4052
35340 2776
35341 2994
35342 4175
35343 118 3251 3487
35344 4440
35345 3706
35346 3883
35347 4149
35348 3954
35349 280
35350 1539 3108 3950
35351 737
35352 2553
35353 3427
35354 1998
35355 1553 3052
35356 4036
35357 1180 2391
35358 669
35359 3031
35360 3060 3467
35361 1636
35362 2897
35363 16
35364 2612
35365 3925
35366 3209
35367 247 1316
35368 405
35369 1330
35370 1973
35371 1147
35372 3180
35373 961
35374 2093
35375 132
35376 2657
35377 2117
35378 1450
35379 772
35380 771
35381 2592 2910
35382 2408
35383 1649
35384 4094
35385 1118
35386 755 3247
35387 157
35388 649
35389 4419
35390 736
35391 38
35392 3419
35393 1202
35394 1631
35395 2129
35396 2026
35397 3488
35398 3842
35399 106
35400 4231
35401 894
35402 3348
35403 936
35404 2714
35405 3763
35406 3977
35407 2823
35408 15
35409 2227
35410 1070
35411 2871
35412 1342
35413 3204
35414 662
35415 2925
35416 3891
35417 3245
35418 1907
35419 919
35420 2874
35421 2868
35422 3501
35423 933
35424 1414
35425 2383
35426 503
35427 2781
35428 90
35429 3106
35430 1175
35431 3274
35432 783
35433 3655
35434 321
35435 869
35436 125
35437 3359
35438 1112
35439 1964
35440 2963
35441 947
35442 3216
35443 474
35444 1484
35445 2991
35446 1832
35447 3643
35448 4245
35449 1337
35450 816
35451 3216
35452 4474
35453 330
35454 3076
35455 4018
35456 4094
35457 3132
35458 2614 3422
35459 1522
35460 2090
35461 1847
35462 1781
35463 2054
35464 3931
35465 3140
35466 2213
35467 1395
35468 2839
35469 2270
35470 2268
35471 672
35472 4342
35473 1955
35474 1399
35475 2377
35476 34
35477 2229
35478 2727
35479 3410
35480 2957
35481 3180
35482 470
35483 3250
35484 3621
35485 2086
35486 294
35487 203 574 2095
35488 3640
35489 191
35490 270
35491 4045
35492 3055
35493 2660
35494 3865
35495 1163 1998
35496 2908
35497 2830
35498 379
35499 3643
35500 3472
35501 3313
35502 3181
35503 4364
35504 530
35505 3862
35506 525
35507 3891
35508 2515
35509 640 2707
35510 1945
35511 2960
35512 356
35513 327
35514 2705
35515 1848
35516 2732
35517 2057
35518 920
35519 2311
35520 3048
35521 2119
35522 4054
35523 771
35524 892
35525 2194
35526 415
35527 1928
35528 3754
35529 3063
35530 2627
35531 728 1365 1540 4000
35532 3210
35533 3052
35534 4200
35535 4451
35536 877
35537 3002
35538 266
35539 3210
35540 3527
35541 2815
35542 951
35543 1062
35544 4172
35545 634
35546 3996
35547 3664
35548 144
35549 599
35550 484
35551 873
35552 748
35553 3528
35554 1888
35555 1581
35556 1372
35557 3478
35558 2982
35559 2281
35560 577
35561 886
35562 841
35563 3182
35564 647
35565 4455
35566 537
35567 1545 2662
35568 941 3002 4483
35569 2955
35570 1870
35571 3791
35572 3204
35573 2001
35574 2689
35575 238 3014
35576 2610
35577 941 3047 3154
35578 2950
35579 3866
35580 745
35581 330
35582 1034
35583 561
35584 2599
35585 2433
35586 4225
35587 3324
35588 3609
35589 2004
35590 4071
35591 1868
35592 3518
35593 1787
35594 1681
35595 2824
35596 1614
35597 680 1060
35598 1516
35599 3943
35600 2383
35601 3823
35602 3204
35603 3889
35604 3848
35605 341
35606 2982
35607 2715
35608 2113
35609 3667
35610 3084
35611 957
35612 874
35613 3495
35614 1846
35615 3209
35616 1269
35617 4091
35618 2910
35619 517
35620 2585
35621 1395 2192 3076
35622 3253
35623 2945
35624 3241
35625 3218
35626 3556
35627 3184
35628 4186
35629 1940
35630 1002
35631 3586
35632 3669
35633 2648
35634 2983
35635 3828
35636 4134
35637 4435
35638 3200
35639 3208
35640 2040
35641 3207
35642 2686
35643 4315
35644 2969
35645 4293
35646 2705
35647 4445
35648 3260
35649 3594
35650 2692
35651 3528
35652 2128
35653 733 3289 3293 3419 4221
35654 2942
35655 1113
35656 19
35657 1154
35658 3289
35659 2380
35660 3413
35661 2462
35662 1003
35663 3679
35664 499
35665 2622
35666 2864
35667 3718
35668 1705
35669 3718
35670 3647
35671 4181
35672 1960
35673 3208
35674 2801
35675 1190
35676 1808 2916
35677 2834 4161
35678 734 1307
35679 1167
35680 468
35681 2615
35682 2386
35683 3892
35684 3393
35685 3383
35686 1418 1786 3476 3945
35687 890
35688 1611
35689 4350
35690 3348
35691 4000
35692 1536
35693 2092
35694 1306
35695 789
35696 2618
35697 3996
35698 3094
35699 780
35700 1164 3251
35701 2761
35702 1133
35703 2824
35704 1236
35705 1780
35706 3657
35707 3535
35708 3331
35709 929
35710 883
35711 2062
35712 397 734 1661 4284
35713 804
35714 2196
35715 2036
35716 1941
35717 3887
35718 1482
35719 919
35720 2246
35721 2427
35722 1554
35723 890 1502
35724 3969
35725 3074
35726 3861
35727 3143
35728 2601
35729 397
35730 2960
35731 3016
35732 1684
35733 2969
35734 1298
35735 3217
35736 3963
35737 3213
35738 1178
35739 1233
35740 3107
35741 3382
35742 3872
35743 70
35744 3638
35745 2798
35746 2328
35747 3217
35748 2255
35749 2820
35750 4000
35751 2379
35752 2296
35753 2840
35754 651
35755 4313
35756 1084
35757 504
35758 1284
35759 541 2008
35760 3046
35761 2818
35762 3782
35763 1133
35764 2316
35765 1947
35766 4083
35767 3880
35768 4455
35769 366
35770 3991
35771 109
35772 2574
35773 1218
35774 115
35775 3020 4475
35776 3015
35777 3677
35778 2804
35779 2737
35780 3949
35781 1600 2346
35782 2920 3466
35783 344
35784 3874
35785 2643
35786 1184
35787 2661 4123
35788 587
35789 1341
35790 2184
35791 3810
35792 736
35793 387
35794 3455
35795 3696
35796 546 4203
35797 2273
35798 2738
35799 939
35800 3441
35801 2041
35802 1986
35803 1132
35804 1006
35805 3125
35806 3200
35807 4474
35808 2660
35809 168
35810 3327
35811 820
35812 248
35813 473 934
35814 2855
35815 2502
35816 2005
35817 4137
35818 3316
35819 1365
35820 1646
35821 3773
35822 3312
35823 148
35824 473
35825 2494
35826 461
35827 407
35828 1081
35829 1867
35830 901
35831 122
35832 2797
35833 3200
35834 1257 1290 2000
35835 679
35836 2895
35837 342
35838 2518
35839 2131
35840 1227
35841 1138
35842 3665
35843 3564
35844 3163
35845 4221
35846 873
35847 533
35848 4449
35849 1029
35850 738
35851 2548 3301
35852 3905
35853 1589
35854 3321
35855 3336
35856 82
35857 789
35858 1446
35859 1236
35860 4284
35861 3768
35862 2980
35863 3264
35864 404
35865 3758
35866 1651
35867 4440
35868 167
35869 1786
35870 3387
35871 991
35872 824
35873 470
35874 83
35875 394
35876 219
35877 2320
35878 2671
35879 2164
35880 1977
35881 1240
35882 3395
35883 2033
35884 356
35885 3441
35886 3741
35887 2046
35888 1087
35889 2235
35890 1167
35891 734 4184
35892 1471 1634 3089
35893 4
35894 2985
35895 2775
35896 3664
35897 867
35898 64
35899 1267 2676
35900 2442
35901 1751
35902 1134
35903 624
35904 3701
35905 434
35906 2236
35907 2167
35908 3070
35909 1392
35910 3302 3421
35911 401
35912 3571
35913 345
35914 2777
35915 3499
35916 894
35917 2575
35918 1664
35919 3555
35920 3002
35921 430
35922 1675
35923 3575
35924 1551 1857
35925 3278
35926 4265
35927 3296
35928 1150
35929 3200
35930 294
35931 1618
35932 473
35933 636 844
35934 1192
35935 2824
35936 90
35937 3969
35938 2569
35939 515
35940 1042
35941 793
35942 811
35943 592
35944 2740
35945 1805
35946 1593
35947 3765
35948 1257
35949 283
35950 916
35951 1797
35952 4176
35953 1173
35954 874 2183 3426 3885
35955 3991
35956 4129
35957 2057
35958 2248
35959 3427
35960 3188
35961 1231 3252 3252
35962 3664
35963 3705
35964 3481
35965 1322
35966 2005
35967 1383
35968 842
35969 2179
35970 1675
35971 1857
35972 1443
35973 793
35974 550
35975 4437
35976 3336
35977 614
35978 2815
35979 733 2071 3290
35980 3873
35981 747 1659 3653
35982 1141
35983 3471 3703
35984 446 2564
35985 2560
35986 1796
35987 766
35988 1954 3064 3354 4309
35989 3200
35990 1445
35991 3209
35992 1455
35993 4166
35994 1157
35995 3754
35996 2951 2969
35997 2519
35998 821
35999 2497
36000 2222
36001 1308 2668 2798 2807 2813 2848
36002 1351
36003 834
36004 122
36005 2982
36006 4255
36007 3405
36008 3416
36009 3695
36010 4259
36011 3039
36012 1228
36013 3507
36014 674
36015 790 1038
36016 4000
36017 1206
36018 630 1422 1488 3064 3676
36019 1250
36020 1255
36021 1193
36022 3190
36023 3938
36024 3552
36025 2249
36026 2765
36027 986 2748
36028 948
36029 393 2044
36030 75
36031 3346
36032 2552
36033 2200
36034 3798
36035 312
36036 2652
36037 3476
36038 1115
36039 25
36040 2520
36041 3896
36042 3930
36043 687
36044 26
36045 1848
36046 1491
36047 4094
36048 3596
36049 4177
36050 974 1351 1446
36051 3485
36052 387
36053 3864
36054 3547
36055 4420
36056 2312
36057 4458
36058 4203
36059 1347
36060 1196
36061 4113
36062 2023
36063 219 3467
36064 871
36065 3340
36066 1542
36067 2300
36068 1349
36069 2822
36070 201
36071 2366
36072 1129
36073 3280 4293
36074 338
36075 734 738 1977 3289
36076 3299
36077 708 2075
36078 2809
36079 3528
36080 2397
36081 549
36082 1003
36083 549
36084 3284 4172
36085 1636 3754
36086 396
36087 2729
36088 1006
36089 2422
36090 3128
36091 793
36092 2559
36093 1385
36094 656
36095 2634
36096 3971
36097 4386
36098 190
36099 2089
36100 360
36101 3165
36102 3322
36103 50
36104 1202 2250 2474
36105 191
36106 3515
36107 4163
36108 1892
36109 75
36110 4063
36111 3180
36112 3647
36113 3271
36114 2614
36115 1342
36116 2653
36117 905
36118 992
36119 3817
36120 745
36121 4331
36122 3179
36123 365 1455 3217 4355
36124 820 2771
36125 3658
36126 1913
36127 3014
36128 598
36129 1781
36130 449
36131 1437 4135
36132 930
36133 2218
36134 1153
36135 3381
36136 3177
36137 37
36138 615
36139 1360
36140 1361
36141 921
36142 2548
36143 2845
36144 2374
36145 526
36146 317
36147 2845
36148 2573
36149 2248
36150 3597
36151 2850
36152 953 1511
36153 332
36154 3263
36155 2620
36156 3792
36157 2250
36158 2343
36159 3254
36160 3216
36161 473
36162 4040
36163 256
36164 3223
36165 1894
36166 3719
36167 2750
36168 408
36169 4361
36170 734 1418
36171 407
36172 3499 3950
36173 3210
36174 3216
36175 2817
36176 4218
36177 1347
36178 437
36179 470
36180 135
36181 324
36182 227 3158
36183 3992
36184 1563
36185 3754
36186 1231
36187 401
36188 1346
36189 1453
36190 3209
36191 38
36192 3688
36193 1792 3231
36194 403
36195 3247
36196 3429
36197 1630
36198 2823
36199 1940
36200 474
36201 521
36202 3760
36203 3499
36204 3336
36205 705
36206 3219
36207 2750
36208 3441
36209 3614
36210 497 3685
36211 2140
36212 1403
36213 3674
36214 2061
36215 3207
36216 669
36217 461
36218 1967
36219 3157
36220 469
36221 733
36222 3903
36223 3190
36224 2619
36225 3425
36226 1974
36227 4086
36228 3209
36229 2385
36230 2493
36231 3905
36232 1486
36233 1488
36234 2012
36235 3689
36236 46
36237 2669
36238 3415
36239 3270
36240 3252
36241 4030
36242 3754 4005
36243 701
36244 1774
36245 1471
36246 3848
36247 441
36248 4225
36249 1785
36250 3188
36251 3935
36252 797
36253 1566
36254 154
36255 2151
36256 4126
36257 4083
36258 3379
36259 1496
36260 2078
36261 3730
36262 292
36263 2247
36264 3446
36265 2110
36266 3872
36267 4443
36268 1545
36269 534 550 554 835 882 1612 3697
36270 2992
36271 922
36272 2341
36273 1780
36274 1351
36275 1111
36276 1703
36277 3130
36278 3105
36279 94
36280 2020
36281 1910
36282 3927
36283 372 373 1530 1643 1972
36284 534 3486
36285 2955
36286 923
36287 1537
36288 1232
36289 4292
36290 1467
36291 3770
36292 3200
36293 4137
36294 1341
36295 2763
36296 3822
36297 2637
36298 861
36299 91
36300 1814
36301 2955
36302 820 2521
36303 1191
36304 3096
36305 3163
36306 4276
36307 876
36308 2531
36309 1488 2810
36310 2057
36311 339
36312 3128
36313 3927
36314 2396
36315 2657
36316 915
36317 3220
36318 699
36319 4482
36320 2460
36321 123
36322 1883
36323 3203
36324 1485
36325 1558
36326 3780
36327 3022
36328 3607
36329 326
36330 2402
36331 2740
36332 1300
36333 2524
36334 1845 1850
36335 4001
36336 419
36337 3762
36338 2694 3297
36339 574 1126 1251 3305
36340 228 645
36341 3965
36342 3105
36343 2686
36344 455
36345 911
36346 4496
36347 1168
36348 3200
36349 433
36350 3406
36351 1334
36352 3101
36353 2001
36354 3961
36355 3601 4043
36356 2360
36357 672
36358 2545
36359 92
36360 4293
36361 2929
36362 460
36363 3975
36364 3761
36365 1651
36366 1084
36367 3204
36368 2207
36369 3986
36370 1608
36371 3423
36372 470 840 1291 3419 3583
36373 4349
36374 2692
36375 3253
36376 2017
36377 767
36378 1645
36379 2992 3316
36380 623
36381 2508
36382 1841
36383 1231
36384 2584
36385 3957
36386 328
36387 544
36388 1595
36389 3701
36390 493
36391 1614
36392 3380
36393 149
36394 2086
36395 495
36396 915
36397 3533
36398 3251
36399 2084
36400 3210
36401 1826
36402 3879
36403 2434
36404 450
36405 256
36406 1111
36407 1797
36408 1144
36409 3213
36410 1831
36411 3562
36412 3657
36413 1592
36414 552
36415 857
36416 137
36417 1039
36418 396
36419 349
36420 1271
36421 2381
36422 871
36423 1396
36424 17 26 31 3677 4239
36425 4124
36426 2929
36427 1707
36428 3427
36429 3188
36430 1148
36431 326
36432 863
36433 3883
36434 3934
36435 2876
36436 1572
36437 2197
36438 3188
36439 738
36440 4021
36441 1469
36442 3427
36443 2827
36444 1278 1413 3820 3969
36445 658
36446 86
36447 793
36448 4291
36449 2067
36450 3932
36451 2770
36452 1863
36453 2095
36454 3064
36455 701
36456 989
36457 1586
36458 3188
36459 992
36460 4144
36461 90
36462 1108
36463 898
36464 2761
36465 3996
36466 4058
36467 3273
36468 3113
36469 3477
36470 3417
36471 3477
36472 2910
36473 2925
36474 2056
36475 290
36476 3127
36477 1576
36478 2289
36479 3361
36480 1083 1910
36481 2652
36482 3008
36483 369
36484 1496
36485 1785
36486 3441
36487 2117
36488 890
36489 3082
36490 2241
36491 1642
36492 4414
36493 860
36494 3784
36495 985
36496 2316
36497 802
36498 1199 2933
36499 1365
36500 3701
36501 1446
36502 3283
36503 3324
36504 3161
36505 155
36506 2430
36507 4349
36508 1434
36509 1404
36510 3748
36511 3559
36512 1177
36513 3694
36514 3741
36515 806
36516 3922
36517 254
36518 4470
36519 610
36520 893
36521 265
36522 442
36523 4160
36524 2308
36525 2371
36526 1182
36527 3426
36528 746
36529 2267
36530 2849
36531 933 1719
36532 3390
36533 405 1648
36534 3204
36535 480
36536 1635
36537 3827
36538 915
36539 175 2577
36540 3440
36541 2969
36542 2989
36543 162
36544 3748
36545 824
36546 3246
36547 3234
36548 4124
36549 3218
36550 2947
36551 1785
36552 2729
36553 1039
36554 3673
36555 1351
36556 550
36557 366
36558 1595
36559 3703
36560 492
36561 745
36562 3620
36563 4064
36564 4182
36565 580
36566 624 831 937 1188 1619 1934 3747
36567 2777
36568 1535
36569 1983
36570 1529
36571 2699
36572 80
36573 658
36574 237
36575 680
36576 1346
36577 3258
36578 1099 1545 1894 3690
36579 3673
36580 1471 2914
36581 2485
36582 669
36583 1469 2959
36584 3379
36585 2151
36586 1683
36587 3270
36588 4482
36589 2165
36590 1101
36591 3584
36592 3393
36593 2498
36594 1099 1457 2075 2657 3231 4148
36595 2706
36596 745
36597 2962
36598 341
36599 1258
36600 2537
36601 4011
36602 3932
36603 1360
36604 2320
36605 3770
36606 2989
36607 528
36608 3002
36609 1914
36610 1575
36611 3460
36612 2477
36613 2654
36614 1395
36615 3245
36616 473 844 2428
36617 3750
36618 182
36619 3209
36620 870
36621 2751
36622 2404
36623 1556
36624 2044
36625 3218
36626 682
36627 3245
36628 4054
36629 2079
36630 313
36631 4155
36632 4208
36633 2904
36634 1822
36635 1843
36636 3276
36637 941 1931
36638 1682
36639 3697
36640 2613
36641 1636
36642 3827
36643 814
36644 372 1254
36645 2236
36646 249
36647 1037
36648 4226
36649 2218
36650 810
36651 1230
36652 3185
36653 236
36654 676
36655 1517
36656 836
36657 1693 3297 3361 4045 4308
36658 934
36659 1155
36660 2597
36661 3933
36662 526
36663 1335
36664 4490
36665 4124
36666 2126
36667 1178 3545 4284 4297
36668 745
36669 2477
36670 2559
36671 387
36672 963
36673 1264
36674 3349
36675 597
36676 1273
36677 1215
36678 3917
36679 3987
36680 2518
36681 427
36682 951
36683 1304
36684 939
36685 3677
36686 2193
36687 3217
36688 3949
36689 806
36690 407
36691 4000
36692 2992
36693 937 2771
36694 1964
36695 1155
36696 3922
36697 4266
36698 4475
36699 3217
36700 645
36701 4472
36702 737
36703 4244
36704 17
36705 1115
36706 1315
36707 3972
36708 2351
36709 2515
36710 820 2969
36711 32
36712 2062
36713 734 1405 1545 1680 3384 3960
36714 2979
36715 3048
36716 3675
36717 2496
36718 2737
36719 3250
36720 41
36721 2532
36722 3186
36723 2927
36724 1722
36725 3902
36726 1198
36727 3595
36728 1842
36729 4061
36730 1324
36731 1329
36732 1494
36733 4138
36734 1633
36735 489
36736 3157
36737 1221
36738 2991
36739 335
36740 3419
36741 804
36742 1309
36743 1186
36744 1940
36745 266
36746 525
36747 321
36748 2639
36749 939
36750 988
36751 974
36752 2024
36753 1603
36754 2240
36755 624 3332
36756 3218
36757 3664
36758 3814
36759 3330
36760 405
36761 3702
36762 4039
36763 3093
36764 3896
36765 3443
36766 3325
36767 3058
36768 2057
36769 1015
36770 3672
36771 2990
36772 3927
36773 3201
36774 26
36775 3709
36776 1236 2837
36777 913
36778 785
36779 964
36780 814
36781 737
36782 4381
36783 464
36784 2678
36785 3841
36786 1254
36787 4314
36788 394
36789 3617
36790 913
36791 824
36792 3762
36793 3097
36794 657
36795 1405
36796 1202 1469 2969
36797 3162
36798 4462
36799 171
36800 1365
36801 3525
36802 2259
36803 1707
36804 2756
36805 1062
36806 2094
36807 941
36808 477
36809 4216
36810 2590
36811 363
36812 114
36813 3925 4306
36814 2845
36815 225
36816 3305
36817 2603
36818 701
36819 2320
36820 2788
36821 887
36822 3113
36823 2166
36824 4222
36825 1039
36826 109
36827 4458
36828 9
36829 485
36830 4074
36831 1940
36832 142 793
36833 207 2969 3208
36834 3641
36835 3157
36836 3720
36837 2994
36838 4447
36839 3563
36840 1111
36841 3537
36842 3906
36843 1575
36844 4353
36845 997
36846 489
36847 2672
36848 3612
36849 3372
36850 1834
36851 934
36852 3420 3566
36853 2021
36854 784
36855 800
36856 3420
36857 4080
36858 669
36859 3510
36860 3213
36861 669
36862 4466
36863 1097
36864 658
36865 2061
36866 1469
36867 473
36868 4134
36869 327
36870 915
36871 3515
36872 4238
36873 834
36874 2252
36875 3957
36876 4118
36877 3200
36878 1784
36879 4083
36880 844
36881 2579
36882 2126
36883 4194
36884 1915
36885 4332
36886 4163
36887 2191
36888 1487
36889 4
36890 3160
36891 4302 4305
36892 2512
36893 693
36894 3217
36895 2442
36896 465 820 1046 1063 1321 1944 3807
36897 4161
36898 2057
36899 3204
36900 1111
36901 4298
36902 2909
36903 2506
36904 3204
36905 3245
36906 802
36907 4289
36908 1716
36909 2864 3025
36910 1798 3292
36911 3310
36912 3806
36913 576
36914 624
36915 924
36916 3118
36917 2929
36918 814
36919 3415
36920 552
36921 3207
36922 2950
36923 526
36924 1182
36925 1631
36926 3855
36927 3165
36928 2423
36929 915
36930 336
36931 3137
36932 878
36933 351
36934 3932
36935 591
36936 3754
36937 2397
36938 1298
36939 471
36940 3735
36941 1014
36942 934
36943 3183
36944 1029
36945 1970
36946 480
36947 3861
36948 2963
36949 290
36950 3925
36951 1445
36952 483
36953 1663
36954 3733
36955 2052
36956 3264
36957 2046
36958 1642
36959 905
36960 757
36961 1428
36962 1094
36963 2704 3384 3639
36964 1154
36965 399
36966 1299
36967 2160
36968 2992
36969 657
36970 3959
36971 1048
36972 1106
36973 1113
36974 127
36975 254
36976 1382
36977 1345
36978 925
36979 1840
36980 1316
36981 3334
36982 2452 2567
36983 2095
36984 652
36985 4022
36986 557
36987 3158
36988 4161
36989 1796
36990 1060
36991 309
36992 427
36993 733
36994 2001
36995 3319
36996 649
36997 3825
36998 853
36999 1097
37000 2482
37001 936
37002 2064
37003 1679
37004 865
37005 1366
37006 733
37007 1989
37008 3208
37009 3994
37010 3806
37011 842 876
37012 470
37013 4162
37014 2706
37015 1382
37016 381
37017 988
37018 1228
37019 1335
37020 1721
37021 381 3108 3299
37022 4196
37023 1188
37024 406
37025 1797
37026 266
37027 1613
37028 1798
37029 613
37030 3180
37031 4056
37032 894
37033 1577
37034 4057
37035 1074
37036 3420
37037 3865
37038 4418
37039 2511 3108
37040 1831
37041 3200
37042 1797
37043 2692
37044 3942
37045 1241
37046 966
37047 2653
37048 594
37049 1862
37050 3490
37051 1362
37052 737
37053 488
37054 1236
37055 669
37056 2089
37057 3816
37058 3856
37059 3165
37060 865
37061 824
37062 3190
37063 1221
37064 2515
37065 4162
37066 894
37067 1599
37068 1228
37069 1104
37070 1259
37071 2621
37072 4235
37073 3145
37074 836
37075 2489
37076 3977
37077 1520
37078 2214
37079 1522
37080 3203
37081 1028
37082 2344
37083 1477
37084 584
37085 142
37086 937
37087 3558
37088 1308
37089 2971
37090 110
37091 32
37092 3632
37093 25
37094 25
37095 1322
37096 1498 2164
37097 3057
37098 2820
37099 3330
37100 846 1411 1604 1800
37101 1771
37102 1286
37103 2742
37104 100
37105 1152
37106 3621
37107 476
37108 3278
37109 3547
37110 2615
37111 526
37112 3883
37113 510
37114 2276
37115 3838
37116 4173
37117 3763
37118 1277
37119 1337
37120 3217
37121 3558
37122 554
37123 3785
37124 1522
37125 3895
37126 2471
37127 754
37128 3213
37129 2670
37130 586
37131 2541
37132 3752
37133 1566
37134 2353
37135 737
37136 3194 4475
37137 3022
37138 1518
37139 399
37140 1469
37141 349
37142 1796
37143 3048
37144 3208
37145 905
37146 4442
37147 3754
37148 1539 4491
37149 3427
37150 1469
37151 748
37152 2062
37153 1191
37154 1875
37155 355
37156 2198
37157 1506
37158 3019 3298 3885
37159 836
37160 2180
37161 874
37162 1514
37163 3325
37164 1029
37165 4344
37166 1138
37167 1218
37168 3666
37169 1469 2984
37170 176
37171 2428
37172 342 561
37173 1629
37174 801
37175 106 3200 3216 4076
37176 3246
37177 733
37178 995
37179 2473
37180 1346
37181 3922
37182 1391 1392 1417 3631 3665 4250
37183 3489
37184 1736
37185 1110
37186 441
37187 4273
37188 2062
37189 471
37190 3418
37191 338 4033 4161
37192 4173
37193 1026
37194 781
37195 632 850 1624
37196 3425
37197 4267
37198 4259
37199 304
37200 4071
37201 2860
37202 3961
37203 1418
37204 421 1291 3154
37205 1851
37206 3566
37207 3359
37208 513
37209 4382
37210 1037
37211 2968
37212 895
37213 4346
37214 905
37215 3937
37216 3821
37217 3778
37218 3058
37219 1190
37220 3578
37221 2321
37222 4079
37223 644
37224 1443
37225 903
37226 3347
37227 1247
37228 2543
37229 1603
37230 2245
37231 3196
37232 3917
37233 3442
37234 3660
37235 595
37236 3571
37237 1609
37238 1757
37239 3204
37240 1603
37241 608
37242 4073
37243 2429
37244 402
37245 3040 3060
37246 2733
37247 4023
37248 3515
37249 734
37250 1452
37251 1934 1979 2567 2984
37252 97
37253 4490
37254 1060
37255 3489
37256 3213
37257 473 3803
37258 4115
37259 2950 2975
37260 1697
37261 1036
37262 2573
37263 2914
37264 927
37265 4000
37266 798
37267 695
37268 3684
37269 1797
37270 1632
37271 2825
37272 1217
37273 4148
37274 3478
37275 1490
37276 3721
37277 3938
37278 1998
37279 3204
37280 1576
37281 1866 2342
37282 4259
37283 2332
37284 1033
37285 3400
37286 4287
37287 3210
37288 1316 1831 4361
37289 906
37290 1315
37291 1280
37292 3489
37293 2783
37294 2190
37295 4184
37296 151
37297 2867
37298 3305
37299 3401
37300 2538
37301 1344
37302 4451
37303 4378
37304 3190
37305 3116
37306 1236
37307 1405
37308 4210
37309 2686
37310 3467
37311 71
37312 4295
37313 4480
37314 3008
37315 2144 2454 2666 2913 4287
37316 936
37317 1809
37318 2476
37319 3772
37320 1470 3096
37321 4179
37322 1547
37323 4035
37324 251
37325 2260
37326 1683
37327 2057
37328 3138
37329 1277
37330 3759
37331 820
37332 1501
37333 1440
37334 4039
37335 1922
37336 523
37337 217
37338 1558 4462
37339 691
37340 4025
37341 3666
37342 1493
37343 877
37344 3709
37345 3852
37346 394
37347 3892
37348 351
37349 2461
37350 2992
37351 1052
37352 802
37353 1304
37354 3767
37355 1819
37356 1236
37357 1535
37358 3291 3318
37359 4174
37360 734
37361 3820
37362 3422
37363 3514
37364 3190
37365 3995
37366 3960
37367 3339
37368 3029 4348
37369 3331
37370 4329
37371 2874
37372 330 1213
37373 2002
37374 2805
37375 897
37376 2057
37377 624
37378 570
37379 4289
37380 3213
37381 1635 2070 2985
37382 473
37383 3809
37384 3709
37385 4358
37386 1093 1236
37387 27
37388 106 1450 3664 4033 4054
37389 1060
37390 2921
37391 2531
37392 2757
37393 4283
37394 71
37395 2985
37396 4344
37397 297 2564
37398 391
37399 1150
37400 2834
37401 824
37402 232 473 2458 2468 3087 3154
37403 2764
37404 70
37405 711
37406 1115
37407 1453
37408 2699
37409 4233
37410 2913
37411 876
37412 1258
37413 289
37414 2661
37415 7
37416 573
37417 1430
37418 1227
37419 1965
37420 251
37421 1427
37422 2038
37423 763
37424 4015
37425 1479
37426 955 3154
37427 187
37428 4441
37429 1807
37430 1570
37431 996
37432 3330
37433 1223
37434 1474
37435 4088
37436 1963
37437 733
37438 3157
37439 2496
37440 924
37441 2655
37442 556
37443 2332
37444 1945
37445 2070
37446 1169
37447 4148
37448 452
37449 739
37450 3201
37451 733
37452 210
37453 978
37454 3212
37455 162
37456 3763
37457 1139
37458 1365
37459 4122
37460 2983
37461 1211
37462 4083
37463 1221
37464 3933
37465 553
37466 3666
37467 1236 2057
37468 2801
37469 3827
37470 3946
37471 2132
37472 3188
37473 701
37474 2144
37475 1563
37476 1989
37477 3602
37478 4433
37479 344
37480 338
37481 2632
37482 905
37483 1975
37484 3073
37485 1478
37486 3792
37487 3201
37488 934 1972
37489 371
37490 2804
37491 1893
37492 1788
37493 2050
37494 1229
37495 3391
37496 2504
37497 3826
37498 1322
37499 725
37500 1206
37501 337
37502 2770
37503 2950
37504 3128
37505 625
37506 923
37507 1339
37508 4061
37509 769
37510 2167
37511 2237
37512 1075
37513 3502
37514 2476
37515 2955 2960 3105
37516 31
37517 3631
37518 389
37519 2874
37520 4332
37521 3154
37522 3452
37523 733 830 1248 1411 3250
37524 2001
37525 3385
37526 1137
37527 402
37528 3239
37529 4162
37530 3578 4062
37531 225
37532 1044
37533 3330
37534 4449
37535 470
37536 3218
37537 1312
37538 4206
37539 483
37540 835
37541 1596
37542 1058
37543 1980
37544 2114
37545 3545
37546 2992
37547 2352
37548 762
37549 3959 4074
37550 341
37551 1149
37552 3218
37553 783
37554 3029
37555 4074
37556 3764
37557 2320
37558 3417
37559 3095
37560 3325
37561 626
37562 3641
37563 2808
37564 1519
37565 1913 2108
37566 1981
37567 1797
37568 129
37569 1654
37570 998
37571 3045 3086
37572 1785
37573 3797
37574 1997
37575 3915
37576 1206
37577 1855
37578 4378
37579 342
37580 807
37581 4163
37582 1323
37583 994
37584 1087
37585 1774
37586 3497
37587 2165
37588 291
37589 3375
37590 1830
37591 3665
37592 4426
37593 4269
37594 855
37595 144
37596 292
37597 1869
37598 1039
37599 4451
37600 4328
37601 3190
37602 22
37603 472
37604 3792
37605 1510
37606 4013
37607 4208
37608 3685
37609 882
37610 444 3632
37611 1003
37612 577
37613 3999
37614 3686
37615 1208
37616 543
37617 3931
37618 2417
37619 745
37620 2375
37621 470
37622 1046
37623 3609
37624 1709
37625 3707
37626 1200 2180 3045
37627 752
37628 885
37629 1206
37630 842
37631 30
37632 975 1302 1543 1832 1833 2911 2913 2920 2927 2942 3013 3044
37633 580
37634 886
37635 2228
37636 544 762
37637 3858
37638 1536
37639 2253
37640 317 3379 4152
37641 3993
37642 2960
37643 170
37644 4174
37645 2828
37646 4246
37647 605
37648 2052
37649 2519
37650 1950
37651 783
37652 2112
37653 1222
37654 1476
37655 841
37656 2406
37657 4123
37658 2465
37659 2445
37660 2544
37661 2402
37662 1225
37663 209 209
37664 3190
37665 3771
37666 2211
37667 1746
37668 879
37669 3447
37670 2563
37671 1277
37672 4130
37673 2704
37674 4038
37675 3539
37676 4007
37677 705
37678 1418
37679 2226
37680 882
37681 1215
37682 2554
37683 3210
37684 3663
37685 4281
37686 1983
37687 2081 2081
37688 3931
37689 4355
37690 4131
37691 1651
37692 4073
37693 1105
37694 688
37695 3212
37696 2726 2904 4076
37697 4086
37698 565
37699 191
37700 2845
37701 4311
37702 2966
37703 2667
37704 2273
37705 3974
37706 293
37707 4199
37708 3595
37709 2459 2552
37710 3552
37711 2502
37712 495
37713 4474
37714 1029
37715 3052
37716 2957
37717 1737
37718 2986
37719 2748
37720 2683
37721 69
37722 87
37723 4354
37724 3950
37725 521
37726 2001
37727 1293
37728 2451
37729 551
37730 4117
37731 4254
37732 381
37733 3243
37734 3598
37735 1312 2007
37736 3577
37737 802 3157
37738 1295
37739 2385 2597 2649 2654 2910 4342
37740 1932 1974 2572
37741 4081
37742 2557
37743 4000
37744 128
37745 1213
37746 744
37747 2268 2306
37748 1111
37749 664
37750 3325
37751 249
37752 2324
37753 820
37754 669 1249 1455 3308
37755 1797
37756 2321
37757 1162
37758 3289
37759 2186 2268
37760 41
37761 1812
37762 1524
37763 3603
37764 2963
37765 934
37766 2254
37767 3154
37768 2395
37769 1680 3499
37770 3213
37771 2969
37772 3830
37773 800
37774 1634
37775 4209
37776 3931
37777 327
37778 3201
37779 3788
37780 506 657
37781 3568
37782 1579
37783 3188
37784 2614 2621 2715
37785 4138
37786 2738
37787 655
37788 2436
37789 2549
37790 921
37791 3508
37792 5 1398 2474 2483
37793 1111
37794 639
37795 1555
37796 4124
37797 3325
37798 1311 3173
37799 1636
37800 930
37801 2914
37802 919
37803 1628
37804 1218
37805 1636
37806 2225
37807 4084
37808 923
37809 2330
37810 2531 4343
37811 1861
37812 211 215 3597
37813 3981
37814 134
37815 1163
37816 2057
37817 18
37818 2832
37819 937
37820 4132
37821 3040
37822 1655
37823 1002
37824 328
37825 309
37826 3412
37827 1215
37828 2583
37829 1357
37830 3096
37831 1511
37832 3204
37833 2153
37834 3567
37835 2502
37836 419
37837 1806
37838 1812
37839 4241
37840 2092
37841 894
37842 3215
37843 1893
37844 3657
37845 1450
37846 288
37847 1798
37848 1362
37849 213
37850 3512
37851 3099
37852 1302
37853 1636
37854 4094
37855 1406
37856 3833
37857 3838
37858 3095
37859 1060
37860 265 655 1373
37861 1662
37862 723
37863 785
37864 3718
37865 2197
37866 2035
37867 3113
37868 4171
37869 2115
37870 1230 2741
37871 3555
37872 2061
37873 3190 3417
37874 289
37875 4061
37876 2023
37877 3200
37878 2520
37879 3571
37880 2054
37881 3128
37882 3204
37883 297 369 624 1596 1599
37884 3247
37885 3283
37886 869
37887 339 3375
37888 1014
37889 2621
37890 3215
37891 4121
37892 3215
37893 4436
37894 2686
37895 2320
37896 2423
37897 956
37898 1517
37899 2367 2919
37900 623
37901 1645
37902 3211
37903 954
37904 1317
37905 2979
37906 3149
37907 1143
37908 1284 2796
37909 4011
37910 4052
37911 2463
37912 1197 2929
37913 676
37914 2001
37915 2427
37916 140
37917 3580
37918 3248
37919 2984
37920 2621
37921 3115
37922 193
37923 3288
37924 3227
37925 4123
37926 3803
37927 937 1254
37928 436
37929 3986
37930 4070
37931 842
37932 1182
37933 2112
37934 419 1469
37935 1118
37936 2973
37937 595
37938 530
37939 4342
37940 3987
37941 3803
37942 1206
37943 714
37944 3661
37945 4148
37946 2908
37947 3532
37948 1648 2845 2911
37949 799
37950 2426
37951 3754
37952 820
37953 3863
37954 876 1837 1840 3938
37955 415
37956 2916
37957 4098
37958 844
37959 3798
37960 2813
37961 1866
37962 1099
37963 403
37964 1991
37965 1000
37966 2969
37967 2749
37968 2057
37969 3209
37970 2057
37971 354
37972 733
37973 1346
37974 1958 2057
37975 2170
37976 624 842 2226 2786
37977 1111
37978 2679
37979 3441
37980 1757
37981 666
37982 2727
37983 3200
37984 2612
37985 3986
37986 658
37987 3921
37988 2010
37989 484
37990 3396
37991 3971
37992 564
37993 2393
37994 460
37995 2008
37996 2337
37997 2317
37998 2590
37999 2823
38000 2825
38001 179
38002 2477
38003 1274
38004 2822
38005 752 3267
38006 943
38007 1906
38008 2343
38009 2257
38010 2718
38011 2420
38012 2406
38013 3245
38014 1218
38015 2658
38016 120
38017 2667
38018 4273
38019 4148
38020 23
38021 230
38022 2581
38023 3028
38024 2573
38025 1799
38026 205
38027 1986
38028 3216
38029 1389
38030 1049
38031 2603
38032 4427
38033 1657
38034 1143
38035 2285
38036 3324
38037 1711
38038 2807
38039 1763
38040 3753
38041 2568
38042 4254
38043 2898 2945
38044 1346
38045 1346
38046 1522
38047 1255 2569
38048 3324
38049 634
38050 2308
38051 3177
38052 476
38053 2095
38054 4162
38055 4074
38056 2739
38057 2459 2470
38058 1940
38059 1498
38060 3719
38061 2979
38062 156
38063 2771
38064 784
38065 141
38066 62
38067 4375
38068 4162
38069 507
38070 396
38071 2366
38072 653
38073 2319
38074 2674
38075 3873
38076 4073
38077 3435
38078 3102
38079 3618
38080 2060
38081 2796
38082 4062
38083 1606
38084 3392
38085 321
38086 4273
38087 2683
38088 2982
38089 1964
38090 2756
38091 4149
38092 543
38093 1358
38094 524
38095 470 3578
38096 2902
38097 1923
38098 1316
38099 1024
38100 1236
38101 1677
38102 2413
38103 2001
38104 2406
38105 4464
38106 2638
38107 4460
38108 2264
38109 936
38110 3234
38111 463
38112 835 1313
38113 2377
38114 1309
38115 2158
38116 2057
38117 1413
38118 578
38119 1611
38120 3427
38121 2001
38122 1315
38123 2751
38124 1100
38125 2559
38126 2791
38127 3599
38128 2855
38129 630
38130 3535
38131 1960
38132 254
38133 3
38134 4370
38135 541
38136 930
38137 477
38138 389
38139 2483
38140 3473
38141 473 2507
38142 3919
38143 1858
38144 3693
38145 2613
38146 1469 4476
38147 2612
38148 1298
38149 831
38150 1074
38151 472
38152 341
38153 902
38154 3245
38155 915
38156 1356
38157 3047
38158 2060
38159 2001
38160 2618 2795
38161 2303
38162 2095
38163 3818
38164 3216
38165 4011
38166 539
38167 844 3305 3312
38168 1654
38169 3154
38170 1496 3305
38171 601
38172 3670
38173 3769
38174 2077
38175 1260
38176 2084
38177 559
38178 3896
38179 3853
38180 3728
38181 978
38182 216
38183 2992
38184 2068
38185 2086
38186 4203
38187 845 1636
38188 3488
38189 3545
38190 473
38191 2001
38192 3174
38193 820
38194 4408
38195 516 3543
38196 3631
38197 1874
38198 1386
38199 1060
38200 2696
38201 2815
38202 3552
38203 2770
38204 3278
38205 566
38206 489
38207 1380
38208 2294
38209 1539 4464
38210 3595
38211 3916
38212 35
38213 2037
38214 4302
38215 2735
38216 3639
38217 3209
38218 270
38219 3665
38220 478
38221 533
38222 1357
38223 1807
38224 219 1452
38225 2859
38226 464
38227 4276
38228 1556
38229 1049
38230 734
38231 1479
38232 2524
38233 1493
38234 3019
38235 2530
38236 1830
38237 736 3290
38238 754 1583 3937
38239 2095
38240 820
38241 3871
38242 2772
38243 3321
38244 3493
38245 3277
38246 1365
38247 137
38248 483 680 1162 2027 2660 3292 4193
38249 2808
38250 2119
38251 1178
38252 2689
38253 3828
38254 2247
38255 4019
38256 3796
38257 2044
38258 262
38259 1108
38260 962
38261 733
38262 2950
38263 3120
38264 2234
38265 4047
38266 1545 1636 1793 4074 4385 4451
38267 3936
38268 1857
38269 4440
38270 3850
38271 2992
38272 1179
38273 4071
38274 2088
38275 3935
38276 910
38277 1509
38278 625
38279 249
38280 1753
38281 3384
38282 150
38283 488
38284 2770
38285 3790
38286 3169
38287 3915
38288 3326
38289 3025
38290 1961
38291 4348
38292 1774
38293 2380
38294 1675
38295 1599
38296 35
38297 1247
38298 5
38299 4475
38300 1523 4436
38301 1586
38302 824
38303 290 2950 3915
38304 3288
38305 3927
38306 274
38307 408 2070 3105 3313
38308 3284
38309 2950
38310 1140
38311 1552
38312 4086
38313 4031
38314 3944
38315 1037
38316 2980 3030
38317 999
38318 1732
38319 2301
38320 4421
38321 1064
38322 3209
38323 3915
38324 1500
38325 923
38326 645
38327 4205
38328 1964
38329 3319
38330 1030
38331 3645
38332 426
38333 3670
38334 1131
38335 327
38336 1091
38337 3224
38338 591 2550
38339 1139
38340 786
38341 3181
38342 3909
38343 3955
38344 1956
38345 2950
38346 407
38347 4358
38348 1058
38349 3278
38350 327
38351 1471
38352 2969
38353 3714
38354 2502
38355 1493
38356 636 1297
38357 2406
38358 2121
38359 3319
38360 3217
38361 1860
38362 395
38363 638
38364 4116
38365 2083
38366 1593
38367 3618
38368 3735
38369 2117
38370 2027 3250 4123
38371 1714
38372 402
38373 65
38374 3305
38375 3294
38376 898
38377 3159
38378 4409
38379 3204
38380 2364
38381 1661
38382 386 621 632 757 846 1089 1622 1797 2537
38383 2808
38384 320
38385 537
38386 3027
38387 3543
38388 542 1060 3978
38389 1638
38390 3737
38391 4252
38392 3450
38393 3527
38394 2784
38395 1784
38396 3705
38397 1860
38398 3425
38399 2904
38400 3189
38401 3892
38402 1472
38403 3974
38404 60
38405 2573
38406 1036
38407 3660
38408 3218
38409 2847
38410 3975
38411 1048
38412 2754
38413 327
38414 1110
38415 3990
38416 1810
38417 2084
38418 2297
38419 2511
38420 1066
38421 874
38422 2666
38423 3414
38424 2395
38425 3662
38426 2044
38427 9
38428 2703
38429 2521
38430 2383
38431 2881
38432 2136
38433 876 2960 3096
38434 3532
38435 1881
38436 2111
38437 1299
38438 1932
38439 3316
38440 1325 1669
38441 3108
38442 3204
38443 3270
38444 2075
38445 657 3427
38446 1121
38447 3217
38448 2473
38449 267
38450 2820
38451 2950
38452 1323
38453 2391
38454 3790
38455 1680
38456 1573
38457 3217
38458 2100
38459 3903
38460 3496
38461 2975
38462 4430
38463 1607
38464 3325
38465 1254
38466 1492
38467 1702
38468 3425
38469 3213
38470 529
38471 2621
38472 294
38473 2615
38474 2911
38475 737 935
38476 4433
38477 306
38478 3823
38479 3157
38480 3187
38481 3272
38482 3185
38483 4072
38484 3920
38485 4494
38486 2524
38487 1139
38488 3676
38489 362
38490 2669
38491 3579
38492 870
38493 1373
38494 2905
38495 1932
38496 2896 2900
38497 3417 4436
38498 133
38499 3709
38500 824 3250 3924
38501 419 1455
38502 393
38503 692
38504 2070
38505 582
38506 1613
38507 2571
38508 1596
38509 3348
38510 802
38511 1111
38512 3808
38513 2207
38514 1669
38515 2700
38516 3212
38517 3322
38518 506
38519 2631 3014 4491 4492
38520 2602
38521 3284
38522 2117
38523 379
38524 713
38525 3763
38526 1787
38527 1473 2209 2222 2415 2460 2747 2950
38528 733
38529 2662
38530 1654 3632
38531 2320
38532 1793
38533 372 2460 2515 2860 3310
38534 4364
38535 3351
38536 1988
38537 512
38538 630
38539 2202
38540 4076
38541 520
38542 3259
38543 3570
38544 2576
38545 2155
38546 102
38547 3982
38548 123 1306 2075 2638
38549 499
38550 4426
38551 1802
38552 3737
38553 784
38554 867
38555 1880
38556 1176
38557 531
38558 2192
38559 4475
38560 2988
38561 2994
38562 3618
38563 440
38564 541 1396 2227 4491
38565 2144
38566 2221
38567 30
38568 3200
38569 2129
38570 1903
38571 3200
38572 3217
38573 1651
38574 3223
38575 3206
38576 628
38577 2144 2934
38578 1042 4261
38579 1909
38580 3104
38581 3644 3949
38582 4433
38583 2845
38584 1205
38585 1209
38586 4225
38587 1160
38588 360
38589 3132
38590 3137
38591 1918
38592 3894
38593 3743
38594 2197
38595 1861
38596 2886
38597 3894
38598 905
38599 2240
38600 638
38601 941 3217
38602 3671
38603 3767
38604 2881
38605 2904
38606 3217
38607 657
38608 2010
38609 2047
38610 3876
38611 3535
38612 1735
38613 2062
38614 3428
38615 123
38616 2550 2901
38617 3225
38618 2931
38619 3190
38620 935
38621 315 481 1418
38622 129
38623 435
38624 661
38625 800
38626 1845
38627 1154
38628 3216
38629 1060
38630 4295
38631 1550
38632 3959
38633 921
38634 3190
38635 630
38636 530
38637 3210
38638 148
38639 3887
38640 2773
38641 2773
38642 2651
38643 2044
38644 903
38645 791
38646 1798
38647 3417
38648 2005
38649 2396
38650 2585
38651 2874
38652 2960
38653 1664 2257 3306 3318
38654 1342
38655 324
38656 2827
38657 3944
38658 4455
38659 934
38660 3506
38661 3717
38662 754
38663 3492
38664 846 1260
38665 702
38666 3915
38667 3488
38668 2939
38669 3020
38670 470 1689 2654
38671 2653
38672 4358
38673 2634
38674 1063
38675 1138
38676 2341
38677 1143
38678 2913
38679 3676
38680 2522
38681 752
38682 2013
38683 1952
38684 2378
38685 2006
38686 3161
38687 4356
38688 2014
38689 3257
38690 355
38691 2705
38692 4436
38693 3254
38694 882
38695 5
38696 3718
38697 750
38698 3712
38699 4461
38700 3329
38701 1361
38702 747
38703 1784
38704 4268
38705 1143
38706 2532
38707 3846
38708 3989
38709 1605
38710 3441
38711 916 1175 4055
38712 1257
38713 1017
38714 1403 3008
38715 3633
38716 4419
38717 1093
38718 3673
38719 707
38720 1681
38721 997
38722 2359
38723 383
38724 1930
38725 233
38726 2553
38727 137
38728 2692
38729 346 1839 3493
38730 544
38731 2453
38732 18
38733 4297
38734 2016
38735 916
38736 2110
38737 2076
38738 2084
38739 793 926 3894 4465
38740 976 2912 3198 3247
38741 417
38742 3405
38743 327
38744 3872
38745 2656
38746 3209
38747 3380
38748 53
38749 429
38750 2161
38751 3343
38752 1378
38753 1164
38754 2385 2950
38755 814 822 1335
38756 3607
38757 3292
38758 4109
38759 2075
38760 2760
38761 4082
38762 535
38763 2341
38764 4377
38765 3107
38766 3614
38767 1449
38768 4200
38769 2013
38770 4299
38771 4279
38772 2660
38773 397
38774 3488
38775 3419 3427
38776 3208
38777 634
38778 1341
38779 662
38780 4033
38781 3210
38782 4466
38783 3213
38784 3399
38785 1157
38786 3821
38787 1376
38788 1446
38789 2747
38790 3719
38791 2009
38792 4306
38793 910
38794 427
38795 2148
38796 1703
38797 3843
38798 1026
38799 1060
38800 1498
38801 669
38802 3048 3154
38803 884
38804 2414
38805 3001 3217
38806 2833
38807 3164
38808 3217
38809 800
38810 737
38811 3121
38812 1155
38813 1522
38814 863
38815 29
38816 721
38817 1616
38818 4464
38819 4391
38820 1498
38821 66
38822 567
38823 4469
38824 2097
38825 217 344 3977
38826 2001
38827 1318
38828 1446
38829 733
38830 2818
38831 747
38832 733
38833 1146
38834 1601
38835 3424
38836 2075
38837 647
38838 1619
38839 1441
38840 2057
38841 4133
38842 3914
38843 1763
38844 4100
38845 2527
38846 3592
38847 3004
38848 7
38849 3357
38850 4311
38851 2104
38852 321 2077
38853 3264
38854 185
38855 2856
38856 1447 1574
38857 833
38858 4061
38859 1316
38860 4479
38861 3489
38862 572
38863 1842
38864 3960
38865 975
38866 3760
38867 2540
38868 2581
38869 1463
38870 2001
38871 3340
38872 2057
38873 1302
38874 4230
38875 327
38876 3297
38877 3572
38878 2258
38879 3057
38880 1257
38881 2371
38882 2474
38883 1852
38884 3188
38885 294
38886 3952
38887 1767
38888 4366
38889 2220
38890 2397
38891 2955
38892 1373
38893 1212 2081 3013
38894 2967
38895 602
38896 340
38897 3285
38898 4186
38899 3285
38900 2001
38901 677
38902 376
38903 1476
38904 338 342 2700 3396
38905 1935
38906 3938
38907 3217
38908 3685
38909 2904
38910 701
38911 3397
38912 3704
38913 3646
38914 317
38915 304
38916 1861
38917 3924
38918 632 812
38919 3931
38920 1236
38921 1064
38922 563
38923 3851
38924 562
38925 3214
38926 4293
38927 4334
38928 832 2012
38929 2808
38930 2520
38931 2678
38932 404
38933 1017
38934 1475
38935 830
38936 112
38937 1060
38938 859
38939 2612
38940 1863
38941 4293
38942 2736
38943 2098
38944 2652
38945 2568
38946 3334
38947 583
38948 3810
38949 4162
38950 164
38951 835
38952 4390
38953 1471 2775
38954 3652
38955 3675
38956 2390
38957 1888
38958 758
38959 3695
38960 18
38961 2498
38962 1983
38963 905
38964 2565
38965 2609
38966 440
38967 3858
38968 4202
38969 1534
38970 2021
38971 2467
38972 3096
38973 358
38974 3205
38975 3490
38976 5
38977 2929
38978 4052
38979 611
38980 3541
38981 1307
38982 1664 3504
38983 2230
38984 4202
38985 2032
38986 1787
38987 115
38988 2718
38989 1104
38990 1841
38991 4186
38992 3929
38993 800
38994 553
38995 3962
38996 2236
38997 1345
38998 2117
38999 1122
39000 1593
39001 2329
39002 2378
39003 1232
39004 2571 2759
39005 1149
39006 876
39007 737
39008 2441
39009 2511
39010 3780
39011 3583
39012 1455
39013 334
39014 672
39015 3365
39016 1213
39017 1139
39018 1399
39019 3113
39020 2779
39021 501
39022 2802
39023 1206
39024 4111
39025 1595
39026 349
39027 2577
39028 1608
39029 1098
39030 2520
39031 303 3384
39032 4453
39033 1553
39034 3257
39035 1204
39036 311
39037 78
39038 2736
39039 4139
39040 905
39041 2033
39042 477
39043 4022
39044 369 1252
39045 4392
39046 826
39047 1442
39048 2848
39049 2666
39050 109
39051 4049
39052 3484
39053 1158
39054 810
39055 3947
39056 543
39057 2653
39058 1335
39059 799
39060 1549
39061 2257
39062 1683
39063 3247
39064 2549
39065 3515
39066 3489
39067 1875
39068 1680
39069 1386
39070 3667
39071 3806
39072 2737
39073 347
39074 868
39075 1797 2070
39076 2487
39077 1673
39078 895
39079 3933
39080 1609
39081 2808
39082 3406
39083 1010
39084 83
39085 820
39086 3272
39087 516
39088 3211
39089 2358
39090 3505
39091 868
39092 2090
39093 2072
39094 730 1636
39095 2411
39096 2225
39097 1853
39098 2654
39099 2086
39100 1469
39101 3617
39102 4306
39103 2739
39104 2817
39105 2963 2969
39106 3186
39107 1202
39108 338
39109 1595
39110 327 1661 2469
39111 2623
39112 514 1796
39113 3427
39114 3217
39115 3698
39116 1025
39117 842 935 1593
39118 2303
39119 820 1038
39120 470
39121 2649
39122 1630
39123 2394
39124 783
39125 3217
39126 3895
39127 3748
39128 1267
39129 4184
39130 2666
39131 2571
39132 477
39133 630
39134 718
39135 3889
39136 2722
39137 1983
39138 4380
39139 1492
39140 1469
39141 3598
39142 820
39143 2458
39144 1223
39145 2499
39146 2771
39147 1199
39148 943 943 3046
39149 2711
39150 772
39151 3312
39152 3004
39153 3315
39154 2193
39155 4086 4324
39156 733
39157 405 1178 2007 2196 3217
39158 336
39159 4283
39160 752
39161 3924
39162 2795
39163 1199
39164 3793
39165 2516
39166 1632
39167 68
39168 566
39169 211
39170 369
39171 4319
39172 1150
39173 569
39174 1151
39175 317
39176 734 4430
39177 1448
39178 3261
39179 4466
39180 2457
39181 308
39182 266
39183 2741 2963
39184 3895
39185 4436
39186 1114
39187 4442
39188 2653
39189 3334
39190 3017
39191 2806
39192 4255
39193 1568
39194 4292
39195 4298
39196 1464
39197 937
39198 339
39199 3685 3811
39200 2859
39201 1271
39202 2698
39203 1981
39204 1899
39205 1762
39206 2092
39207 850
39208 844
39209 2165
39210 3955
39211 3494
39212 2827
39213 3217
39214 1593
39215 2749
39216 1707
39217 3816
39218 422
39219 2675
39220 470
39221 3104
39222 3687
39223 745
39224 470
39225 3238
39226 4197
39227 3917
39228 611
39229 3598
39230 3377
39231 3016
39232 2963
39233 1060 1115
39234 2620
39235 3310
39236 2875
39237 3209
39238 4065
39239 3000
39240 3218
39241 557
39242 3190
39243 3057
39244 441
39245 1469
39246 2863
39247 2429
39248 1236
39249 2063
39250 732
39251 1418
39252 3416
39253 3914
39254 3059
39255 2363
39256 966
39257 4447
39258 624
39259 3884
39260 2179
39261 470 3250 3872
39262 616 1278 2886 3959
39263 2057
39264 109
39265 3154
39266 3733
39267 3304
39268 746
39269 1040
39270 2488
39271 2776
39272 2952
39273 1942
39274 1019
39275 3218
39276 3542
39277 861
39278 2333
39279 99
39280 3200
39281 3154
39282 2240
39283 1578
39284 2844
39285 2705
39286 2893
39287 2179
39288 3682
39289 3687
39290 2180
39291 3293
39292 2584
39293 2535
39294 690
39295 106 3684 4485
39296 3505
39297 1154
39298 4110
39299 4447
39300 750
39301 3479
39302 3125
39303 4
39304 2295
39305 2858
39306 3369
39307 304
39308 3931
39309 4462
39310 4357
39311 3311
39312 213
39313 1310
39314 1138
39315 2791
39316 1902
39317 3219
39318 1227
39319 2094
39320 2754
39321 4289
39322 1814
39323 1750
39324 3201
39325 4194
39326 987
39327 1815
39328 1580
39329 1551
39330 3683
39331 1427 2281 2804
39332 290 1126 2236
39333 4116
39334 543 2091
39335 3218
39336 1056
39337 3804
39338 1381
39339 2518
39340 2340
39341 297
39342 2733
39343 2614
39344 256
39345 2685
39346 1019
39347 4285
39348 1867
39349 1254
39350 997
39351 1564
39352 59
39353 211
39354 1752
39355 2771
39356 1653
39357 4344
39358 2817
39359 3404
39360 2950 2950
39361 4426
39362 4230
39363 3494
39364 1767 3631
39365 500
39366 41
39367 1236
39368 455
39369 2900 2942
39370 2473
39371 1297
39372 3325
39373 3761
39374 3016
39375 3378 3386
39376 1926
39377 3666
39378 1902
39379 1862
39380 1110
39381 3423
39382 3665
39383 1463
39384 905
39385 4318
39386 2348
39387 921
39388 1153
39389 2182
39390 3325
39391 2098
39392 1056
39393 3207
39394 3845
39395 1814
39396 3818
39397 3664
39398 1516
39399 3895
39400 954
39401 4094
39402 443
39403 1562
39404 1485 1872
39405 1530 1883
39406 3271
39407 975
39408 802
39409 2372
39410 2862 3030
39411 150
39412 2331
39413 708
39414 1163
39415 3480
39416 3687
39417 3082
39418 3214
39419 392
39420 1912
39421 2265
39422 2117
39423 3260
39424 2350 2531 2555 2723 4086
39425 2705 2860
39426 2928 4148
39427 2427
39428 3951
39429 2644
39430 737
39431 2061
39432 903
39433 339 1637
39434 950 1428 1707
39435 2704
39436 2446
39437 3383 3663
39438 3032
39439 3200
39440 2116
39441 2515
39442 2541 3250 4148
39443 522
39444 1364
39445 665
39446 919
39447 67
39448 1544
39449 1042
39450 565
39451 4070
39452 4300
39453 378
39454 3501
39455 1511
39456 1392
39457 1409
39458 4194
39459 782
39460 406
39461 2304
39462 4138
39463 1556
39464 1400
39465 3188 3938
39466 4313
39467 934
39468 2851
39469 2642
39470 107
39471 1257
39472 602
39473 66
39474 3638
39475 1418
39476 1236
39477 100
39478 2996
39479 1559
39480 1792
39481 1455
39482 719
39483 565 617 701 1316 1953 2881 3381 3662 4137
39484 3716
39485 2681
39486 2963
39487 1028
39488 4409
39489 2997
39490 1532
39491 4052
39492 536
39493 1046
39494 2825
39495 2465
39496 3873
39497 3700
39498 3685
39499 915
39500 2473
39501 1012
39502 1586
39503 2601
39504 1349
39505 3705
39506 2564
39507 4125
39508 3441
39509 307 2610 3417
39510 219
39511 3269
39512 3128
39513 2543
39514 2016
39515 912
39516 1463
39517 813
39518 3583
39519 3691
39520 3532
39521 1675
39522 852
39523 2933
39524 276
39525 935
39526 905
39527 4242
39528 3884
39529 2973 4268
39530 169
39531 3418
39532 2596
39533 3318
39534 533
39535 2487
39536 1457
39537 2897
39538 3200
39539 2426
39540 2692
39541 2415
39542 274
39543 2075 2964
39544 1335
39545 2838
39546 2686
39547 915
39548 4342
39549 917
39550 3048 3048
39551 2751
39552 2219
39553 4181
39554 2622
39555 3314
39556 3239
39557 2090
39558 783
39559 350
39560 4455
39561 4224
39562 2450
39563 837
39564 3351
39565 1910
39566 1659
39567 1392
39568 874
39569 1445
39570 1349
39571 2061
39572 2610
39573 1944
39574 3662
39575 1188 2026
39576 470
39577 3209 3218
39578 2992
39579 3120
39580 3150
39581 3929
39582 3932
39583 326
39584 1683
39585 3969
39586 1897
39587 589
39588 733 1115
39589 1323
39590 1859
39591 337 1303 2020 2512
39592 4205
39593 1919
39594 3586
39595 2432
39596 1797
39597 4218
39598 3203
39599 913
39600 2235
39601 799
39602 3217
39603 3584
39604 2435 3011
39605 3221
39606 313
39607 3242
39608 3434
39609 984
39610 3658
39611 1856
39612 994
39613 2506
39614 3204
39615 3301
39616 437
39617 2429
39618 4377
39619 1214 1469 2916
39620 1276 3838
39621 2157
39622 3497
39623 405 3803 4062
39624 975
39625 3946
39626 2006
39627 1060
39628 2628
39629 664
39630 2842
39631 319
39632 2345
39633 3487
39634 3031
39635 1836
39636 561
39637 381
39638 2755
39639 1472
39640 1443
39641 3404
39642 2613
39643 4111
39644 1271
39645 2827
39646 4160
39647 4436
39648 3687
39649 1941
39650 753
39651 1093
39652 3610
39653 562
39654 3535
39655 2554
39656 4098
39657 473
39658 2253
39659 2755
39660 3157
39661 3933
39662 3020
39663 2212 2275
39664 1174
39665 2953 4137
39666 2006
39667 2950 3734
39668 3154
39669 2860
39670 2861
39671 3665
39672 1339
39673 985
39674 2050
39675 2001
39676 2044
39677 6
39678 1097
39679 509
39680 971
39681 3720
39682 3105
39683 630 933
39684 3450
39685 2022
39686 2950 2953 3200
39687 1800 2463
39688 405 1257 3106
39689 1347
39690 1151
39691 509
39692 1274
39693 2564
39694 4476
39695 2969
39696 1227
39697 3935
39698 632
39699 2124
39700 406
39701 591
39702 1424
39703 249
39704 3564
39705 1817
39706 1797
39707 571
39708 2484
39709 4034
39710 793
39711 4287
39712 863
39713 2722
39714 3229
39715 3164
39716 3225
39717 1003
39718 2353
39719 2071
39720 106
39721 655
39722 396
39723 3270
39724 636
39725 2560
39726 3269
39727 3427
39728 2420
39729 2415 2859
39730 3676
39731 3583
39732 1388 1600
39733 3669
39734 3384
39735 2360
39736 735
39737 1647
39738 4110
39739 3879
39740 1719
39741 4377
39742 3548
39743 526
39744 3916
39745 2215
39746 733
39747 734
39748 3318
39749 1845
39750 4390
39751 327
39752 793
39753 2228
39754 2001
39755 4436
39756 933 3506
39757 1844
39758 3188
39759 1846
39760 1093
39761 1275
39762 3768
39763 3385
39764 959
39765 2590
39766 3427
39767 766
39768 2462
39769 2428
39770 2517
39771 3064
39772 327
39773 3099
39774 3504
39775 34
39776 820
39777 4259
39778 754
39779 3888
39780 3805
39781 1438
39782 2734
39783 3756
39784 2001
39785 3418
39786 350
39787 3032
39788 368
39789 1336
39790 3261
39791 736
39792 3183
39793 3396
39794 2560 2691
39795 3452
39796 3216
39797 3730
39798 3200
39799 339 1892
39800 2767
39801 820
39802 3076
39803 705
39804 349
39805 681
39806 955 2924
39807 1870 4385
39808 429
39809 2699
39810 3316
39811 209
39812 1658
39813 1115
39814 4062
39815 3207
39816 1323
39817 1366
39818 3567
39819 4303
39820 3204
39821 3102
39822 537
39823 3201
39824 507
39825 2430
39826 3589
39827 849
39828 2500
39829 1786
39830 156 1231 2194
39831 354
39832 4044
39833 2435
39834 3325
39835 2827
39836 1164
39837 3428
39838 326
39839 3294
39840 1111
39841 3690
39842 497
39843 2574
39844 3893
39845 4415
39846 3892
39847 3674
39848 865
39849 2668 2675
39850 1199
39851 754
39852 2222
39853 3188
39854 480
39855 1487
39856 3443
39857 2062
39858 4270
39859 3322
39860 470
39861 2524
39862 2535
39863 3314
39864 2197
39865 3194
39866 940
39867 3827
39868 2693
39869 2744
39870 623
39871 964
39872 2766
39873 2979
39874 3391
39875 1198
39876 4033
39877 675
39878 2619
39879 2280
39880 684
39881 4068
39882 1899
39883 3427
39884 3982
39885 3501
39886 1655
39887 2500
39888 1972
39889 754
39890 1199
39891 2427
39892 1006
39893 703
39894 2618
39895 1163
39896 819
39897 3421
39898 2348
39899 2952
39900 1335 1680
39901 2361
39902 2108
39903 939
39904 2032
39905 771
39906 4220
39907 4436
39908 2044
39909 734
39910 1179
39911 4453
39912 2715
39913 3200
39914 1883
39915 4025
39916 3141
39917 1149
39918 3188
39919 861
39920 3378
39921 3773
39922 4448
39923 3867
39924 2992
39925 3842
39926 1804
39927 2971
39928 3583
39929 2018
39930 3239
39931 3779
39932 1122
39933 4162
39934 3475
39935 3777
39936 221
39937 2747
39938 3615
39939 86
39940 1303
39941 3736
39942 1988
39943 2473
39944 1803
39945 3187
39946 3200
39947 1548
39948 3190
39949 2834
39950 2960 3415
39951 687
39952 3445
39953 3217
39954 1881
39955 3736
39956 2751
39957 4297
39958 2658
39959 1629
39960 2929
39961 2847
39962 2086
39963 1179 1276
39964 754
39965 2668
39966 2837 3529
39967 3114
39968 2552
39969 976
39970 3312
39971 1156
39972 1392 1545 4161
39973 3692
39974 345 2325
39975 2066
39976 142
39977 3754
39978 4317
39979 1515
39980 1118
39981 2288
39982 3516
39983 3736
39984 1236
39985 3013
39986 4475
39987 2062
39988 3623
39989 2160
39990 2071
39991 3358
39992 339
39993 3848
39994 209
39995 2560
39996 441
39997 2371
39998 2275
39999 3242
40000 2950
40001 1491
40002 3324
40003 3204
40004 2705
40005 3216
40006 3218
40007 2348
40008 1236
40009 3451
40010 2095
40011 336
40012 1316
40013 3207
40014 598
40015 3385
40016 2276
40017 877
40018 1575
40019 1593
40020 3037
40021 2564
40022 297
40023 3266
40024 1999
40025 339
40026 1450
40027 2259
40028 3887
40029 3937
40030 2002
40031 1926
40032 2876
40033 1048
40034 1542 2332
40035 3754
40036 964
40037 3214
40038 1115
40039 4284
40040 2636 4476
40041 3195
40042 3426
40043 1155
40044 3663
40045 1404
40046 3217
40047 3209
40048 624
40049 342
40050 3223
40051 2001
40052 3452
40053 3497
40054 3215
40055 1615
40056 1430 2288 2335
40057 2556
40058 489
40059 2361
40060 2685
40061 409 3537
40062 438
40063 793
40064 897
40065 3289
40066 2519
40067 1680
40068 759
40069 2860
40070 1528
40071 2502
40072 1714
40073 742
40074 3215
40075 271
40076 3213
40077 915
40078 2695
40079 2653
40080 3325
40081 800
40082 3378
40083 536
40084 2077
40085 1973
40086 3931
40087 3584
40088 3345
40089 3218
40090 733
40091 1459
40092 1110
40093 386 3578
40094 1798
40095 802
40096 1111
40097 986 2070 3154
40098 900
40099 4252
40100 2671
40101 4044
40102 1816 2144
40103 863
40104 3337
40105 1208
40106 4073
40107 775
40108 2467
40109 3803
40110 3697 4189
40111 3427
40112 332
40113 1311
40114 1446
40115 1797
40116 3669
40117 639 639 697 701 1029 1308 1354 1539 1541 1543 1552 1836 2756 2910 4003 4287
40118 1656 2095
40119 661
40120 311
40121 3499
40122 401
40123 2645
40124 915
40125 3697
40126 3885
40127 2020
40128 954
40129 1540 1540
40130 1448
40131 3694
40132 3667
40133 338
40134 2172
40135 1471
40136 3103
40137 867
40138 106 2900 2930
40139 4391
40140 657
40141 3586
40142 2273
40143 633 1265 3250
40144 669
40145 1007
40146 1958
40147 1099
40148 3297
40149 3370
40150 936
40151 2001
40152 5
40153 2477 3251 3816
40154 571
40155 3325
40156 1915
40157 2629
40158 3398
40159 898
40160 747
40161 4378
40162 973
40163 2848
40164 1132
40165 4283
40166 1735
40167 3481 3663
40168 1335
40169 842 1264
40170 248
40171 1142
40172 911
40173 4019
40174 4091
40175 429
40176 3567
40177 1861
40178 596
40179 1545
40180 4436
40181 3770
40182 4080
40183 1953
40184 3996
40185 1516
40186 1815
40187 3654
40188 853
40189 3444
40190 3511
40191 4173
40192 3891
40193 2742
40194 2895
40195 1236
40196 2918
40197 2987
40198 2718
40199 2765
40200 4493
40201 3893
40202 471 507 1254 3521
40203 3288
40204 400
40205 4066
40206 735 2395
40207 3800
40208 3437
40209 1509
40210 176
40211 4188
40212 3933
40213 753
40214 407
40215 2714
40216 2939
40217 2171
40218 257
40219 1346
40220 2727
40221 1829
40222 1258
40223 3200
40224 895
40225 800
40226 363
40227 3996
40228 1769
40229 851
40230 334 465 1592
40231 3400
40232 1806
40233 894
40234 1664
40235 991
40236 3774
40237 327
40238 2001
40239 3526
40240 693
40241 3177
40242 1175
40243 3190
40244 3872
40245 824 1636 3167 3418 3915
40246 1468
40247 4275
40248 3325
40249 1967
40250 52
40251 1446
40252 4328
40253 473
40254 3763
40255 2856
40256 4405
40257 4014
40258 383
40259 115
40260 4341
40261 1522
40262 1149
40263 3114
40264 478
40265 3366
40266 2969
40267 996
40268 1526
40269 820
40270 370
40271 3683
40272 358
40273 129
40274 3220
40275 3987
40276 3216
40277 1311
40278 211 1478
40279 2332
40280 1965
40281 755
40282 1837
40283 3188
40284 2076
40285 739
40286 2496
40287 3933
40288 137
40289 3137
40290 457
40291 4240
40292 2064
40293 3903
40294 857
40295 2458
40296 1950
40297 1021
40298 473 1302 1541 3969
40299 4418
40300 2779
40301 1027
40302 2748
40303 3154
40304 3204
40305 1714
40306 1455
40307 683
40308 2856
40309 943 1862 1916 2564 2729
40310 3288
40311 491
40312 3765
40313 1785 4302
40314 2748
40315 3950
40316 3101
40317 1796
40318 955
40319 1014
40320 1554
40321 1407
40322 927
40323 783
40324 1044
40325 4298
40326 2095
40327 1006
40328 4384
40329 2650
40330 2848
40331 3385
40332 369 374
40333 2239
40334 1597
40335 1048
40336 1507
40337 934
40338 733 4077
40339 3996
40340 3100
40341 405 469 2847
40342 820
40343 486
40344 2847
40345 1254
40346 4203
40347 1939
40348 2001
40349 4376
40350 4214
40351 4268
40352 1469
40353 659
40354 2839
40355 1683
40356 3715
40357 2057
40358 3958
40359 3168
40360 2165
40361 3871
40362 905
40363 936
40364 2492
40365 2614
40366 3639
40367 2507
40368 3686
40369 510
40370 79
40371 3933 3935 4433
40372 4221
40373 4462
40374 3049
40375 2041
40376 3190
40377 2815
40378 1930
40379 3209
40380 4013
40381 3706
40382 1122
40383 90
40384 2692
40385 4445
40386 4188
40387 4166
40388 2386
40389 127
40390 175
40391 1227
40392 356 1757 3399 3933
40393 2718
40394 3895
40395 3921
40396 3648
40397 1036
40398 308
40399 2568
40400 3247
40401 3796
40402 4094
40403 1477
40404 470
40405 3931
40406 879
40407 905
40408 1345
40409 48
40410 733
40411 1316
40412 4111
40413 1826
40414 921
40415 347
40416 3727
40417 1844
40418 61
40419 2321 3046
40420 1662
40421 2759
40422 3461
40423 3331
40424 1320
40425 3958
40426 150
40427 2304
40428 3726
40429 3133
40430 3555
40431 1910
40432 2603
40433 2560
40434 3653
40435 1143
40436 852
40437 4382
40438 1097
40439 1768
40440 1205
40441 829
40442 2933
40443 1659
40444 1934
40445 748
40446 2848
40447 1405
40448 923
40449 3666
40450 1870
40451 3898
40452 75
40453 1886 3048
40454 885
40455 216
40456 1047
40457 3792
40458 1040
40459 801
40460 3479
40461 2340
40462 859
40463 1680 3690
40464 2722
40465 1784
40466 2439
40467 3904
40468 532
40469 2576
40470 3312
40471 2640
40472 3841
40473 2653
40474 1017
40475 4252
40476 2086
40477 3857
40478 1161
40479 455
40480 3127
40481 4369
40482 2222
40483 551
40484 2001
40485 1115
40486 524
40487 1289 1473 4284
40488 1455
40489 98
40490 1316 1469
40491 1786
40492 4283
40493 1674
40494 2816
40495 1036
40496 3218
40497 799
40498 2568
40499 1707 2767
40500 2718
40501 1774 1876 3687 3688 3690 3916
40502 3626
40503 2320
40504 3695
40505 2927
40506 3761
40507 867
40508 1550
40509 2997
40510 3245
40511 1043
40512 738
40513 2402
40514 4277
40515 2057
40516 1038
40517 2539 2615
40518 3503
40519 766
40520 3657
40521 1342
40522 2808
40523 2440
40524 165
40525 300
40526 2834
40527 866
40528 3295
40529 564
40530 2349
40531 3165
40532 2289
40533 4220
40534 1046
40535 2065
40536 1323
40537 476
40538 704
40539 1955
40540 3204
40541 3452
40542 957
40543 1204
40544 1335
40545 3013
40546 547
40547 2801
40548 1653
40549 1060
40550 4242
40551 2951
40552 1076
40553 783
40554 1179
40555 2325
40556 3788
40557 2682 3188
40558 715
40559 1247
40560 668
40561 3008
40562 883
40563 798
40564 394
40565 2417
40566 2756
40567 2163
40568 394
40569 519
40570 1586
40571 3424
40572 3189
40573 211
40574 3209 3212
40575 549
40576 3562
40577 962
40578 3514
40579 1078
40580 2845 3630 3846 4054
40581 3492
40582 833
40583 3073
40584 1196
40585 451
40586 3937
40587 555
40588 1718
40589 4306
40590 3990
40591 1777
40592 1246 1966 2404 2776
40593 1311
40594 1539
40595 2331
40596 3087
40597 1311
40598 2671
40599 1178
40600 4114
40601 1060
40602 135
40603 539
40604 1166
40605 3042
40606 1154
40607 4339
40608 3955
40609 3433
40610 3920
40611 327
40612 2434
40613 1067
40614 616
40615 3744
40616 1618
40617 4315
40618 3359
40619 844
40620 1227
40621 1468
40622 445
40623 4059
40624 3425
40625 2849
40626 1104 1624 3421
40627 272
40628 2587
40629 2095
40630 187
40631 421 1291 2954
40632 724
40633 915
40634 489
40635 2529
40636 629
40637 4234
40638 3209
40639 21
40640 2214
40641 379
40642 2643
40643 915
40644 2524
40645 2371
40646 191
40647 591
40648 267
40649 1112
40650 3683
40651 3449
40652 1354
40653 303
40654 2864
40655 2955
40656 1545
40657 3322
40658 4085
40659 1894
40660 571
40661 318
40662 3450
40663 3754
40664 1762
40665 3180
40666 1492
40667 4352
40668 4476
40669 2226
40670 4190
40671 1600
40672 4266
40673 209
40674 3208
40675 860
40676 4239
40677 1334
40678 1862 3052 4355
40679 3204 3294
40680 1394
40681 3554
40682 4043
40683 3474
40684 2644 2698
40685 536
40686 4271
40687 1070
40688 2148
40689 774
40690 2164
40691 444
40692 4096
40693 2808
40694 3347
40695 2195
40696 2356
40697 3918
40698 1227
40699 3812
40700 2669 3624
40701 329
40702 4054
40703 1202
40704 2095
40705 738
40706 935
40707 1230 1847
40708 3690 4125
40709 2849
40710 2595
40711 939 3310
40712 2691
40713 3180
40714 1224
40715 1249
40716 1323 3307
40717 2023
40718 1862
40719 4409
40720 3051
40721 1915
40722 1545
40723 2725
40724 2183
40725 2409
40726 1368
40727 3505
40728 3578
40729 1386
40730 3325
40731 4000
40732 1908
40733 3288
40734 585
40735 3754
40736 863
40737 3754
40738 3796
40739 3666
40740 2566
40741 3250
40742 1202 1214 1461 1478
40743 2425
40744 3017
40745 1217
40746 3976
40747 1351
40748 3269
40749 3857
40750 3991
40751 3986
40752 137
40753 3215
40754 151
40755 3946
40756 1347
40757 1005
40758 2556
40759 2764
40760 252 2791
40761 2698
40762 1346
40763 276
40764 3214
40765 1223
40766 3950
40767 3190
40768 684 784
40769 3223
40770 1338
40771 1706
40772 1236
40773 1227
40774 3150
40775 3900
40776 1338
40777 3188
40778 4254
40779 473 844 1624 1933 3318
40780 3325
40781 1237
40782 3955
40783 1221
40784 2062
40785 1236
40786 3906
40787 3190
40788 3
40789 4173
40790 1161
40791 2552
40792 2536
40793 894
40794 3218
40795 1770
40796 1339
40797 854
40798 1163
40799 389 655 3578
40800 1186
40801 2461
40802 3450
40803 919
40804 2393
40805 3113
40806 3049
40807 931
40808 4261
40809 4045
40810 3787
40811 2323
40812 4401
40813 3735
40814 3920
40815 759
40816 936
40817 1050
40818 802
40819 3688
40820 2095
40821 2900
40822 2095
40823 1036
40824 836
40825 1021
40826 778
40827 3630
40828 3771
40829 3208
40830 1403
40831 2759
40832 488
40833 2537
40834 379
40835 2587
40836 943 1453 2904
40837 869
40838 2950
40839 4196
40840 2820
40841 2095
40842 3532
40843 1340
40844 2229
40845 2550
40846 3747
40847 3932
40848 2054
40849 533
40850 3216
40851 4284
40852 504
40853 940
40854 421 828 907
40855 733
40856 3217
40857 4253
40858 1197
40859 3498
40860 3794
40861 2095
40862 1561
40863 799
40864 2542
40865 2035
40866 3325
40867 75
40868 516
40869 1871
40870 1633
40871 2854
40872 1906
40873 1829
40874 4079
40875 4296
40876 1537
40877 2992
40878 4322
40879 3057
40880 1913
40881 363
40882 3720
40883 2286
40884 3998
40885 2272
40886 3164
40887 4293
40888 4306
40889 3823
40890 4302
40891 2506
40892 1431
40893 721
40894 566
40895 3493
40896 507
40897 489
40898 3210
40899 2900
40900 2991
40901 337
40902 2832
40903 224 1966 2907 2908 2919
40904 126
40905 2381
40906 1250
40907 1742
40908 3762
40909 2653 4148
40910 50
40911 3947
40912 2225
40913 760
40914 608
40915 1293 2984
40916 3761
40917 531
40918 1299
40919 1206
40920 842
40921 1797
40922 290 3041
40923 4149
40924 316
40925 1750
40926 2047 3697
40927 3165
40928 1280
40929 716
40930 931
40931 1595
40932 2036
40933 1062
40934 1798
40935 3417
40936 921
40937 2503
40938 3217
40939 684
40940 648
40941 4392
40942 1418
40943 3325
40944 3195
40945 1386
40946 2502
40947 4494
40948 2059
40949 2296
40950 4021
40951 844 1932
40952 2001
40953 1911
40954 2000
40955 3578
40956 1793
40957 1469
40958 3763
40959 1638
40960 983
40961 981
40962 3928
40963 1207
40964 3291
40965 1110
40966 195
40967 2339
40968 2891
40969 1383
40970 3207 3217
40971 1254
40972 3737
40973 78
40974 2445
40975 1649
40976 1389
40977 2130
40978 3516
40979 2845
40980 4055
40981 3933 4306
40982 343
40983 825
40984 2464
40985 2802
40986 2086
40987 3571
40988 747 2950
40989 3366
40990 1941
40991 1724 2732 2869
40992 2621
40993 433
40994 2455
40995 1074
40996 937
40997 4283
40998 3220
40999 2533
41000 1934
41001 3486
41002 2512
41003 4434
41004 985
41005 470 624
41006 1994
41007 2077
41008 2467
41009 1469
41010 934
41011 671
41012 1111
41013 723
41014 4136
41015 1259
41016 4049
41017 3916
41018 3670
41019 2847
41020 170
41021 1498
41022 2813
41023 1070
41024 2289
41025 737
41026 3727
41027 4493
41028 1707 1887 1934
41029 1114
41030 1236
41031 800
41032 2001
41033 2356
41034 1675
41035 2001
41036 2319
41037 1559
41038 2062
41039 150
41040 1346
41041 612
41042 1005
41043 4354
41044 2062
41045 1470
41046 4194
41047 339
41048 2969
41049 3337
41050 3301
41051 1145
41052 2874
41053 1617
41054 1164
41055 1236
41056 2969
41057 410
41058 980 2007
41059 3418
41060 4369
41061 1626
41062 343
41063 3163
41064 396 417 985
41065 3157
41066 3099
41067 4237
41068 3690
41069 1854
41070 2094
41071 834
41072 1392
41073 586
41074 874 3008 3665
41075 2494
41076 2091
41077 3697
41078 2092 3375
41079 954
41080 3943
41081 2187 2621
41082 3919
41083 3969
41084 1256
41085 1599
41086 597
41087 754
41088 3909
41089 4436
41090 3408
41091 3718
41092 2742
41093 4199
41094 1896
41095 2062
41096 1786
41097 748
41098 504
41099 1827
41100 1302
41101 4450
41102 3733
41103 2991
41104 2661
41105 342
41106 1548
41107 4204
41108 585
41109 240
41110 3686
41111 733
41112 127
41113 324 1756
41114 329
41115 855
41116 744
41117 673
41118 4447
41119 1073
41120 3500
41121 2376
41122 2384
41123 2427
41124 1847
41125 346
41126 2901
41127 4415
41128 550 3251
41129 3688
41130 798
41131 362
41132 2502
41133 2012
41134 4360
41135 3200
41136 399
41137 473 736 2699
41138 1143
41139 3242
41140 2748
41141 3143
41142 1179
41143 469 733 935
41144 1469 3087
41145 3739
41146 465
41147 4329
41148 3578
41149 771
41150 3379
41151 4027
41152 2442
41153 115
41154 4011
41155 1185
41156 262
41157 4355
41158 2911
41159 4075
41160 885
41161 1861
41162 2198
41163 3986
41164 1353
41165 490 541
41166 1797
41167 1661
41168 4385
41169 4490
41170 1221
41171 2881
41172 3921
41173 3573
41174 3418
41175 187 2986 3097 3294
41176 3255
41177 1150
41178 3134
41179 844
41180 2984
41181 4152
41182 857
41183 2616
41184 1167
41185 1137
41186 334
41187 3670
41188 290 500 2929 3412
41189 1104
41190 3418
41191 1198
41192 1250
41193 1097
41194 3578
41195 1798 3416 3418
41196 3274
41197 1143
41198 810
41199 2835
41200 3198
41201 4156
41202 473 4495
41203 363
41204 1784
41205 3321
41206 1403 2899
41207 595 2811
41208 999
41209 4125
41210 3396
41211 2128
41212 3950
41213 287
41214 3831
41215 211
41216 3499
41217 473
41218 3316
41219 727
41220 2483
41221 3128
41222 2689
41223 215
41224 167 1236
41225 2751
41226 1770
41227 2012
41228 1033
41229 1664
41230 1492
41231 785
41232 393 3285
41233 1595
41234 521
41235 3973
41236 1259
41237 3228
41238 473 820
41239 2984 4184
41240 844 2296 2929
41241 3915
41242 4202
41243 1889
41244 3325
41245 733 1876
41246 581
41247 584
41248 1172
41249 854
41250 4261
41251 2696
41252 871
41253 2159
41254 657
41255 986
41256 407
41257 2648
41258 4303
41259 2001
41260 396
41261 3099
41262 62
41263 2196
41264 370
41265 1445
41266 2757
41267 3670
41268 4135
41269 776
41270 2029
41271 775
41272 663
41273 1635
41274 1073
41275 3152
41276 810 2075
41277 468
41278 2049
41279 783
41280 3217
41281 655
41282 2705 2706
41283 793
41284 2133
41285 4019
41286 2809
41287 169
41288 2471
41289 4447
41290 986
41291 3498
41292 1767
41293 3640
41294 1381
41295 815
41296 2573 2854
41297 1074
41298 3170
41299 4408
41300 195 1777
41301 2529
41302 321
41303 1784 3933
41304 460
41305 624
41306 921
41307 1392
41308 2202
41309 3764
41310 50
41311 2148
41312 2581 2939
41313 339 2804
41314 327
41315 2159
41316 3735
41317 1658
41318 3305
41319 1488
41320 863
41321 3959
41322 3892
41323 1469
41324 3208
41325 1093
41326 1907
41327 1265
41328 758
41329 3188
41330 1121
41331 1378
41332 4135
41333 3934 4084
41334 3664
41335 2430
41336 3149
41337 1561
41338 3895
41339 1093
41340 4053
41341 2708
41342 569
41343 1176
41344 3312
41345 3556
41346 3546
41347 1669
41348 228
41349 3208
41350 2478
41351 187
41352 1341
41353 3200
41354 4
41355 2171
41356 3208
41357 3407
41358 1741
41359 2230
41360 1634
41361 2090
41362 1601
41363 476
41364 1933
41365 2474
41366 634
41367 2057
41368 2023
41369 1258
41370 2955
41371 3462
41372 188
41373 338
41374 2044
41375 304 552
41376 4313
41377 813
41378 2193
41379 3665
41380 2300
41381 3423
41382 1149
41383 3245
41384 561
41385 1161
41386 4483
41387 1860
41388 3208
41389 2544
41390 3764
41391 1110
41392 4220
41393 1446
41394 3769
41395 793
41396 3336
41397 2950
41398 3190
41399 2700
41400 1628
41401 3332
41402 3810
41403 4333
41404 3576
41405 2908
41406 3099
41407 4009
41408 3436
41409 2011
41410 3290
41411 4085
41412 1150
41413 3457
41414 4199
41415 2687
41416 432
41417 2386
41418 3213
41419 3210
41420 697
41421 2925
41422 228
41423 1276
41424 3084
41425 688
41426 2950 2992
41427 843
41428 3810
41429 3331
41430 2001
41431 71
41432 3294
41433 4360
41434 504
41435 4329
41436 3025 3454 3836
41437 3443
41438 1335
41439 1346
41440 1095
41441 3500
41442 730
41443 1050
41444 2587
41445 820
41446 1606
41447 745
41448 3144
41449 3236
41450 1340
41451 2212
41452 1731
41453 3848
41454 2987
41455 1791
41456 956
41457 21
41458 758 835
41459 766
41460 2218
41461 4123
41462 3599
41463 3328
41464 1717
41465 3824
41466 3583
41467 2281
41468 1394
41469 2463
41470 3479
41471 3012
41472 1346
41473 64 615 2910
41474 1096
41475 3618
41476 2991
41477 1206
41478 3520
41479 2099
41480 3576
41481 107
41482 3103
41483 3787
41484 2705
41485 1160
41486 1629
41487 3612
41488 3079
41489 3713
41490 2334
41491 464
41492 4116
41493 966
41494 1955
41495 727
41496 3692
41497 3255
41498 4323
41499 2984
41500 4025
41501 1438
41502 2308
41503 1857
41504 148
41505 4107
41506 2012
41507 3340
41508 3209
41509 2524
41510 460
41511 1387
41512 3191
41513 3167
41514 2168
41515 748
41516 614
41517 3235
41518 3114
41519 1236
41520 1346
41521 2397
41522 591 1709
41523 33
41524 2845
41525 1196
41526 4321
41527 477
41528 2062
41529 3578
41530 1117
41531 2057
41532 4469
41533 113
41534 844
41535 468
41536 4056
41537 837 844 1674
41538 2808
41539 466
41540 4283
41541 2001
41542 1344
41543 3204
41544 3044 3383
41545 4383
41546 3320
41547 2950
41548 3441
41549 2996
41550 733 3157
41551 1341
41552 830
41553 3210
41554 395
41555 874
41556 1218
41557 3033
41558 2559 4047
41559 3289
41560 26
41561 3035
41562 737
41563 3208
41564 470
41565 3452
41566 4024
41567 2808
41568 835
41569 1119
41570 2477 3838
41571 422
41572 787
41573 4359
41574 2809
41575 2272
41576 2378
41577 4054
41578 3214
41579 3216
41580 2886
41581 614
41582 1367
41583 3220
41584 1111
41585 3504
41586 4388
41587 3196
41588 3755
41589 619
41590 3626
41591 3005
41592 2759
41593 3421
41594 1818
41595 2689
41596 4194
41597 247 3014
41598 3996
41599 2810
41600 3235
41601 2044
41602 1680 3732
41603 4355
41604 2695
41605 3641
41606 704
41607 701
41608 882
41609 2818
41610 876
41611 2395
41612 2434
41613 2953
41614 3825
41615 783 1348 4221
41616 1693
41617 2840
41618 2802
41619 1873
41620 3073
41621 3157
41622 1773
41623 2847
41624 411
41625 4331
41626 2874
41627 2922
41628 529
41629 594
41630 4036
41631 1100
41632 297
41633 1251
41634 2950
41635 2951 2955 2969
41636 2706
41637 694
41638 200
41639 122
41640 3612
41641 3717
41642 2147
41643 446
41644 1262
41645 4401
41646 4085
41647 883
41648 619
41649 2427 2801
41650 2873
41651 4164
41652 4161
41653 3532
41654 1813
41655 320
41656 1734
41657 2001
41658 1815
41659 116 2556
41660 93
41661 4039
41662 2130
41663 3158
41664 161 2919 2984
41665 3118
41666 1503
41667 3019
41668 1722
41669 2950
41670 595
41671 1428 3384 3631
41672 3533
41673 394
41674 2001
41675 1498
41676 327
41677 2719
41678 2665
41679 290
41680 2029
41681 737
41682 1207
41683 409
41684 657
41685 966
41686 3596
41687 3933
41688 1944
41689 1447
41690 3684
41691 83
41692 3059
41693 2124
41694 1926
41695 3444
41696 874
41697 1977
41698 3558
41699 3238
41700 684 1007 1182
41701 3054
41702 2112
41703 3333
41704 3355
41705 1266
41706 2001
41707 2618
41708 734 3097 3199
41709 1542
41710 4202
41711 4310
41712 3126
41713 1237
41714 3270
41715 2468
41716 2285
41717 4425
41718 1469 2595 3766 3969
41719 50
41720 3832
41721 1206
41722 1543
41723 2612
41724 1207
41725 3857
41726 191
41727 463
41728 85
41729 4469
41730 2849
41731 1137
41732 3943
41733 1789
41734 3647
41735 1654
41736 2382
41737 2386
41738 1553
41739 727
41740 2335
41741 1347
41742 473 1596
41743 2055
41744 1002
41745 1854
41746 4248
41747 1963
41748 1276 1501
41749 326
41750 669 4232
41751 605
41752 1516
41753 2649
41754 183 733
41755 3187
41756 923
41757 4260
41758 4263
41759 2845
41760 2401
41761 2513
41762 3210
41763 509
41764 2173
41765 2330
41766 342
41767 1136
41768 846
41769 3774
41770 3338
41771 555
41772 735
41773 2765
41774 3570
41775 4214
41776 3201
41777 49
41778 4469
41779 4303
41780 2894
41781 2444
41782 1270
41783 2514
41784 4286
41785 712 1471 2952 2982
41786 3688
41787 3003
41788 3020
41789 206
41790 4469
41791 106
41792 130
41793 4263
41794 1235
41795 1786
41796 1174
41797 925
41798 2248
41799 1044
41800 4257
41801 4065
41802 1202 1202 2969 4430
41803 799
41804 4302
41805 3079
41806 805
41807 3950
41808 2933
41809 725
41810 3229
41811 2963
41812 632 757 840 1053 1797
41813 1149
41814 601 1604
41815 4295
41816 1033
41817 3188
41818 1161
41819 3072 4027 4123
41820 4221
41821 2206
41822 505
41823 4148
41824 2627
41825 2572
41826 3880
41827 4343
41828 1488
41829 426
41830 1937
41831 1379
41832 527
41833 1218
41834 1278
41835 2994
41836 2927
41837 3175
41838 261
41839 1007
41840 1636
41841 4454
41842 1787 3633
41843 4298
41844 777
41845 3325
41846 1593 1784
41847 2162
41848 342
41849 1236
41850 4080
41851 4239
41852 1522
41853 4266
41854 3325
41855 4284
41856 761
41857 3227
41858 1979
41859 2259
41860 4020
41861 367
41862 3717
41863 1087
41864 3743
41865 1217
41866 1784
41867 3678
41868 4372
41869 1120
41870 3706
41871 2453
41872 1141
41873 2847
41874 3754
41875 3532
41876 2702
41877 3543
41878 3337
41879 1158
41880 3320
41881 2035
41882 3596
41883 2717
41884 1588
41885 2386
41886 952 2950 2951 2969
41887 1957
41888 4292
41889 3618
41890 3420
41891 1883
41892 3509
41893 2670
41894 4297
41895 3523
41896 2478
41897 4283
41898 473 2845
41899 2465
41900 2750
41901 4443
41902 265
41903 297
41904 2938
41905 99
41906 3071
41907 4124
41908 587
41909 3817
41910 1902
41911 3162
41912 2924
41913 2144
41914 1781
41915 308
41916 2799
41917 2057
41918 649
41919 1881
41920 3412
41921 861
41922 3920
41923 2558
41924 3218
41925 620
41926 3662
41927 1756
41928 802 3137
41929 2917
41930 3293
41931 3325
41932 2001
41933 4099
41934 1324
41935 26
41936 802
41937 2812
41938 3684
41939 477
41940 121 2552
41941 416
41942 2226
41943 4033
41944 2120
41945 4358
41946 784 802 2744 3383
41947 3257
41948 375
41949 229
41950 2143
41951 1199
41952 1335
41953 333
41954 3325
41955 1400
41956 2265
41957 3154
41958 3811
41959 741
41960 905
41961 2366
41962 411
41963 4123
41964 2340
41965 12
41966 784
41967 754
41968 546
41969 3506
41970 2544
41971 1075
41972 353
41973 1184
41974 2771
41975 1694
41976 933
41977 3959
41978 2062
41979 1119
41980 4251
41981 155
41982 2402
41983 1500
41984 134
41985 3593
41986 3165
41987 733 1447
41988 386 1332
41989 4474
41990 73
41991 1942
41992 1092
41993 1602
41994 1265
41995 3746
41996 1707 3216
41997 2028
41998 517
41999 2734
42000 3491
42001 4477
42002 1451
42003 79
42004 399
42005 3217
42006 3368
42007 2686
42008 1349
42009 1711
42010 4355
42011 1560
42012 2149
42013 1201 1278
42014 3489
42015 3631
42016 2639
42017 1311
42018 2611
42019 1610
42020 3121
42021 1236
42022 89
42023 867
42024 1455 1658 2905
42025 2620
42026 1978
42027 2984
42028 3933
42029 1751
42030 952 2453
42031 1106
42032 1155
42033 2053
42034 76
42035 317
42036 2607
42037 3066 3108 4284
42038 116
42039 3933
42040 1149
42041 697
42042 283
42043 1784
42044 2559
42045 1453
42046 3961
42047 50
42048 974
42049 4315
42050 996
42051 11
42052 3289 4221
42053 1006
42054 893
42055 2243
42056 2910
42057 1258
42058 3179
42059 1940
42060 3179
42061 2717
42062 3791
42063 2948
42064 784
42065 1348
42066 2860
42067 4360
42068 3428
42069 3952
42070 3366
42071 189
42072 473
42073 470 934 2698
42074 2099
42075 2518
42076 802
42077 3397
42078 3992
42079 4426
42080 3271
42081 4438
42082 1113
42083 3754
42084 1770
42085 2208
42086 1270
42087 773
42088 2835 3642 4156
42089 3521
42090 3417
42091 2721
42092 2098
42093 1257
42094 2015
42095 1014
42096 3864
42097 3294
42098 3785
42099 2777
42100 28
42101 624 820
42102 1120
42103 4031
42104 3200
42105 2975
42106 1485
42107 4022
42108 1869
42109 391
42110 737
42111 733
42112 933
42113 669
42114 485
42115 2667
42116 3208
42117 3307
42118 3215
42119 2460
42120 2153
42121 2092 3489
42122 1606
42123 2115
42124 2963
42125 151
42126 3293
42127 878
42128 2574
42129 1228
42130 702
42131 397
42132 673
42133 861
42134 2139
42135 2626
42136 1609
42137 2898
42138 3816
42139 3631
42140 92
42141 3183
42142 906
42143 4410
42144 3783
42145 3836
42146 3160
42147 2479
42148 3204
42149 3362
42150 1189
42151 2603
42152 934
42153 1789
42154 4462
42155 914
42156 1730
42157 475
42158 1380
42159 473 630 2860 3301 3309 3336
42160 1769
42161 3625
42162 1049
42163 1476
42164 387 734 802
42165 765
42166 3686
42167 1867
42168 1316
42169 3209
42170 4162
42171 2423 3200
42172 1680
42173 2939
42174 701 1496 2078 3876
42175 369
42176 1998
42177 3715
42178 651
42179 3920
42180 3805
42181 592
42182 3132
42183 3102
42184 788
42185 1120
42186 3190
42187 4378
42188 3939
42189 3419
42190 793
42191 309 3578
42192 1284
42193 2677
42194 381
42195 3137
42196 3216
42197 3291
42198 1355
42199 3441
42200 470
42201 83
42202 2360 4361
42203 1770
42204 387
42205 2200
42206 3102
42207 3325
42208 3717
42209 2808
42210 578
42211 1601
42212 1403
42213 2950
42214 4362
42215 1815
42216 3789
42217 1511
42218 4252
42219 1687
42220 535
42221 3701
42222 1854
42223 1650
42224 1784
42225 1219
42226 3754
42227 2189
42228 327
42229 2573
42230 542
42231 3879
42232 2073
42233 923
42234 3189
42235 3325
42236 3687
42237 2386
42238 3567
42239 1268
42240 3213
42241 1311
42242 2561
42243 2868
42244 3665
42245 2502 2532 2572 2573 2634 2660 2687 2691 2692 2694 2725 2729 2732 2750 2762 2769 2776 2791 2857 2867 2931 2939
42246 262
42247 2726
42248 153
42249 4004
42250 709
42251 1503
42252 179
42253 3647
42254 327
42255 3204
42256 1173
42257 413
42258 1365
42259 339
42260 2592
42261 3795
42262 2814
42263 1067
42264 1284
42265 3048
42266 3850
42267 3200
42268 1102
42269 327
42270 745
42271 429
42272 5
42273 2440
42274 1047
42275 2706
42276 542
42277 2646
42278 3417
42279 1316
42280 3892
42281 972
42282 1236
42283 1411
42284 1396
42285 2990
42286 473 2070
42287 3217
42288 1351
42289 2460
42290 80
42291 902
42292 4193
42293 1532
42294 570
42295 3973
42296 4054
42297 908
42298 3623
42299 2044
42300 3931
42301 3901
42302 1905
42303 2602
42304 1242
42305 935
42306 3831
42307 1229
42308 905
42309 2172 2249
42310 1943
42311 324
42312 3839
42313 2471 3021 4175 4478
42314 2950 2950
42315 1941
42316 2100
42317 548
42318 2621
42319 3497
42320 3917
42321 569
42322 2046
42323 3209
42324 2769
42325 2152
42326 4426
42327 933
42328 2038
42329 994
42330 2306
42331 2108
42332 209
42333 3510
42334 1184
42335 1206
42336 4297
42337 586
42338 894
42339 470
42340 3285
42341 4132
42342 2573
42343 2858
42344 1492
42345 877
42346 3201
42347 1366
42348 2497
42349 400
42350 1227
42351 2063
42352 2580
42353 1347
42354 1445
42355 1104
42356 1952
42357 3843
42358 2960
42359 1316
42360 22
42361 3666
42362 2660
42363 799
42364 1113
42365 13
42366 3884
42367 3754
42368 700
42369 2997 4023
42370 3828
42371 2086
42372 2564
42373 3143
42374 1747
42375 1405
42376 3113
42377 3939
42378 3305
42379 2967
42380 3346
42381 465
42382 1522
42383 2214
42384 1521
42385 3760
42386 3477
42387 1387
42388 2003
42389 606 3583
42390 3946
42391 2598
42392 3640
42393 1540
42394 2950
42395 1498
42396 2518
42397 4284
42398 937
42399 2081
42400 590
42401 3111
42402 468
42403 883 3697
42404 2195
42405 2815
42406 3426
42407 469
42408 3754
42409 155
42410 877
42411 3747
42412 3595
42413 842
42414 159
42415 2960
42416 1728
42417 3740
42418 1789
42419 934
42420 784
42421 1188
42422 3872
42423 45
42424 1254
42425 578
42426 1114
42427 394
42428 2847
42429 3303
42430 699 3504
42431 2798
42432 4431
42433 736
42434 1188
42435 2610
42436 652
42437 3286
42438 3336
42439 961
42440 1846
42441 733
42442 3876
42443 592
42444 3200
42445 2622
42446 3334
42447 785
42448 396 3931
42449 2365
42450 87
42451 2708
42452 2950
42453 2403
42454 999
42455 582
42456 2950 3688
42457 1557
42458 3662
42459 2559
42460 4442
42461 2579
42462 2371
42463 2691
42464 3093
42465 4272
42466 934
42467 4403
42468 2260
42469 1593
42470 4383
42471 3599
42472 2261
42473 965
42474 434
42475 584
42476 2333
42477 4180
42478 1349
42479 1050
42480 2518
42481 1450
42482 905
42483 4091
42484 4272
42485 1581
42486 1956
42487 2225
42488 1180
42489 3204
42490 3489
42491 2668
42492 2831
42493 101
42494 2164
42495 2630
42496 2184
42497 3620
42498 3899
42499 3899
42500 1402
42501 2024
42502 1097 3697
42503 758
42504 964
42505 1236
42506 996
42507 3489
42508 4123
42509 2301
42510 3677
42511 327 1256 2707 3628 4062
42512 4159
42513 3331
42514 440
42515 38
42516 3769
42517 824 1456 2766 3078
42518 247
42519 4219
42520 3201
42521 2914
42522 2420
42523 1493
42524 730 1934
42525 3890
42526 3827
42527 678 1069
42528 4318
42529 4439
42530 3923
42531 4329
42532 2865
42533 2075
42534 3274
42535 3148
42536 902
42537 2756
42538 3792
42539 3858
42540 757 941
42541 2714
42542 131
42543 4221
42544 50
42545 494 1352 2560 2901
42546 1599
42547 1503
42548 540
42549 369
42550 3744
42551 1254
42552 1473
42553 1405
42554 2705 4172
42555 3485
42556 1934
42557 3126
42558 3918
42559 3301
42560 1539
42561 2186
42562 3564
42563 3961
42564 1266
42565 1805
42566 3364
42567 937
42568 4023
42569 4284
42570 2644
42571 3289
42572 613
42573 2503
42574 3231
42575 1682
42576 1115
42577 1348
42578 1528
42579 3185
42580 3410
42581 3171
42582 3758
42583 107
42584 3157 4284
42585 1636 3487
42586 1075
42587 1106
42588 337
42589 3754
42590 3441
42591 2327
42592 4066
42593 396
42594 3321
42595 330 4457
42596 3112
42597 2920
42598 37
42599 3149
42600 1132
42601 1569
42602 1919
42603 1777
42604 896
42605 3754
42606 2524
42607 3048
42608 4368
42609 1213
42610 3479
42611 1520
42612 1888
42613 1811
42614 1964
42615 3748
42616 2531
42617 3251
42618 3218
42619 2509
42620 3792
42621 709
42622 3518
42623 2944
42624 3097
42625 2347
42626 1371
42627 1774
42628 3857
42629 2368
42630 1392
42631 1893
42632 604
42633 4135
42634 4137
42635 4085
42636 2361
42637 3479
42638 1469 3250
42639 3161
42640 2762
42641 752 3734
42642 369 3305
42643 342 2000
42644 1112
42645 1384
42646 1522
42647 2086
42648 2722
42649 436
42650 139
42651 3734
42652 3336
42653 3758
42654 2654 4107
42655 3949
42656 3064
42657 3718
42658 346
42659 2077
42660 3715
42661 734
42662 2551
42663 594
42664 533
42665 4323
42666 3563
42667 3105
42668 1535
42669 3383
42670 3858
42671 2880
42672 2960
42673 3630
42674 446
42675 3006
42676 754 784
42677 1471
42678 2717
42679 313
42680 737
42681 964
42682 1784
42683 2446
42684 2653
42685 2960
42686 675
42687 2909
42688 3834
42689 1006
42690 2640
42691 1098
42692 325
42693 4171
42694 1545 2855
42695 3153
42696 4130
42697 1235
42698 3329
42699 3693 3697
42700 2539
42701 3210
42702 571
42703 3458
42704 669
42705 233
42706 4484
42707 3270
42708 321 3384 3499
42709 3213
42710 1383
42711 2451
42712 3040
42713 3959
42714 2478
42715 3792
42716 1370
42717 2927
42718 2543
42719 2217 2568
42720 2709
42721 3391
42722 1364
42723 1595
42724 127
42725 1036
42726 29
42727 1651
42728 921
42729 2148
42730 3423
42731 3002
42732 1594
42733 4364
42734 1115
42735 1220
42736 1154
42737 1750
42738 3836
42739 3102
42740 1328
42741 2018
42742 2044
42743 3662
42744 1865
42745 1492
42746 473
42747 567
42748 4262
42749 2847 3627
42750 4344
42751 1577
42752 1284
42753 3453
42754 254
42755 443
42756 2916
42757 3869
42758 2870
42759 3584
42760 3958
42761 3815
42762 733
42763 3266
42764 2984
42765 2685
42766 974
42767 3701
42768 1964
42769 998
42770 2095
42771 2659
42772 3715
42773 874
42774 3335
42775 351
42776 2001
42777 3186
42778 2404 2564
42779 3215
42780 806 812 1556
42781 2695
42782 4433
42783 4011
42784 3231
42785 1060
42786 3188
42787 1493
42788 4154
42789 1542
42790 4144
42791 1262
42792 2837
42793 2481
42794 3128
42795 3333
42796 296
42797 943
42798 3823
42799 916
42800 3208
42801 3641
42802 983
42803 3188
42804 3811
42805 2235
42806 2653
42807 1317
42808 1905
42809 75
42810 879
42811 2699
42812 369
42813 1524
42814 767 4148
42815 327
42816 3658
42817 1058
42818 3493
42819 971
42820 3525
42821 292
42822 3795
42823 1447
42824 2801 2818 4076 4176
42825 4340
42826 4106
42827 4058
42828 3556
42829 1031
42830 4135
42831 3826
42832 3746
42833 3845
42834 1798
42835 2653
42836 470
42837 372
42838 1163
42839 789
42840 3680
42841 2130
42842 2963
42843 1951
42844 942
42845 2669
42846 876
42847 3005
42848 1122
42849 61
42850 1218
42851 4123
42852 3758
42853 16
42854 129
42855 1471 2571
42856 3797
42857 733
42858 4213
42859 1199
42860 4151
42861 543
42862 470
42863 3221
42864 398
42865 1115
42866 3796
42867 4042
42868 503 564 3064
42869 3215
42870 2202
42871 3567
42872 1223
42873 2618
42874 3959
42875 4322
42876 883
42877 3487
42878 883
42879 3379
42880 3208
42881 1146
42882 2559
42883 1110
42884 849
42885 2371
42886 1107
42887 637 2012
42888 4198
42889 1314
42890 669
42891 915
42892 2962
42893 1736
42894 1973
42895 3048 3300 3301 3334
42896 552
42897 1593
42898 319
42899 930
42900 1595
42901 2643
42902 2848
42903 2719
42904 3097
42905 2660
42906 4385
42907 1665
42908 1926 2916
42909 738
42910 1784
42911 3754
42912 2331
42913 3758
42914 2236
42915 1202 2007 3002
42916 2718
42917 766
42918 3503
42919 2057
42920 610
42921 406
42922 2627
42923 2816
42924 657
42925 3522
42926 507
42927 3531
42928 433
42929 1353
42930 718
42931 1179 2654 2997
42932 4410
42933 3683
42934 409
42935 4173
42936 2132
42937 4353
42938 1853
42939 874
42940 1555
42941 2401
42942 1480
42943 1239
42944 2706
42945 3854
42946 3419
42947 2862
42948 4233
42949 489
42950 1996
42951 3217
42952 3474
42953 1052
42954 2402
42955 16
42956 2497
42957 502 1794 2520 4160
42958 842 3106
42959 2824
42960 362
42961 3570
42962 2748
42963 16
42964 2627 2910 3031
42965 2038
42966 1464
42967 4096
42968 3131
42969 2348
42970 645
42971 2950
42972 797
42973 3097
42974 1497
42975 2541
42976 3013
42977 1680 2942 3045 3225
42978 1279
42979 2338
42980 2058
42981 814
42982 1896
42983 2901
42984 3584
42985 1419
42986 996
42987 3048
42988 455
42989 681
42990 1926
42991 1636
42992 90 4385
42993 2560
42994 3132
42995 733 1430
42996 2573
42997 2336
42998 2190
42999 1278
43000 1498
43001 959
43002 526
43003 3218
43004 1870
43005 1755
43006 3987
43007 1363
43008 2061
43009 1202
43010 1036 3489
43011 785
43012 3665
43013 303
43014 3754
43015 3650
43016 2970
43017 3245
43018 2716
43019 3570
43020 3669
43021 4293
43022 1661
43023 2727
43024 854
43025 1837
43026 2700
43027 1060 4002
43028 1141
43029 2094
43030 3665
43031 3778
43032 211
43033 3571
43034 219
43035 1551
43036 122
43037 894
43038 1097
43039 3831
43040 2414
43041 793
43042 2992
43043 913
43044 3947
43045 288
43046 1099 3597
43047 2796
43048 129
43049 3543
43050 387
43051 4094
43052 3830
43053 3754
43054 2100
43055 2378
43056 3209
43057 3351
43058 2991
43059 1025
43060 1299
43061 1511
43062 4392
43063 1857 3243
43064 3188
43065 2334
43066 2914
43067 1693
43068 3157
43069 2155
43070 3868
43071 1214 1469
43072 1798
43073 228
43074 1527
43075 324 3662 3950 4087
43076 3768
43077 1305 1351 2692
43078 3190
43079 3183
43080 3499
43081 3190
43082 2043
43083 2037
43084 3215
43085 1736
43086 2375
43087 2084
43088 4257
43089 2011
43090 541
43091 3441
43092 4184
43093 443
43094 1931
43095 1817
43096 1767
43097 510
43098 4082
43099 4120
43100 284
43101 3229
43102 106
43103 2666
43104 2326
43105 3709
43106 10
43107 2062
43108 1640
43109 767 1693 3052 4348
43110 1415
43111 1206
43112 396
43113 2004
43114 1241
43115 3111
43116 1447
43117 447
43118 3810
43119 2095
43120 1987
43121 2519
43122 1359
43123 2170
43124 1097
43125 4200
43126 3804
43127 4283
43128 1777
43129 3574
43130 4209
43131 542
43132 3938
43133 517
43134 3093
43135 3030
43136 905
43137 3204
43138 3968
43139 1597
43140 1029
43141 2878
43142 802 2810 3858
43143 2692
43144 1073
43145 3321
43146 2530
43147 754
43148 1515
43149 4038
43150 737
43151 2315
43152 1279
43153 269
43154 479
43155 2427
43156 3726
43157 1833
43158 424
43159 3568
43160 3754
43161 289
43162 1868 2131
43163 1196 2496 3097
43164 3188
43165 1154
43166 4124
43167 3107
43168 1120
43169 3323
43170 4024
43171 3480
43172 526
43173 429
43174 2618
43175 368
43176 470
43177 3748
43178 1717
43179 844
43180 2950
43181 337
43182 4255
43183 3553
43184 311
43185 3165
43186 3581
43187 3208
43188 820
43189 1235
43190 577
43191 3319
43192 665
43193 625
43194 979
43195 2445
43196 787
43197 2592
43198 2873
43199 4449
43200 2057
43201 2269
43202 3408
43203 2001
43204 630
43205 3805
43206 273 473 1291 3299
43207 1251
43208 762
43209 1323
43210 387
43211 3251
43212 820
43213 464
43214 4272
43215 1593
43216 3917
43217 3186
43218 1595
43219 1227
43220 470
43221 4223
43222 1204
43223 1718
43224 2581
43225 1683
43226 3556
43227 3394
43228 812
43229 735
43230 1188 3312 3935
43231 446
43232 3452
43233 3706
43234 3154
43235 421 1293
43236 492
43237 734
43238 3289
43239 722
43240 3325
43241 775
43242 238
43243 327
43244 4293
43245 784
43246 3300
43247 3005
43248 2012
43249 1774
43250 3471
43251 4108
43252 26
43253 1719
43254 2834
43255 4026
43256 3513
43257 338
43258 657
43259 864
43260 2502
43261 326
43262 3674
43263 562
43264 2257
43265 1488
43266 3284
43267 2435
43268 1786
43269 3378
43270 4329
43271 549
43272 2299
43273 2299
43274 3367
43275 196 632
43276 2012
43277 3841
43278 1469
43279 3826
43280 3915
43281 4198
43282 733
43283 506
43284 1318
43285 735
43286 1111
43287 915
43288 3325
43289 353
43290 3204
43291 542
43292 3576
43293 2777
43294 888
43295 454
43296 1072
43297 3423
43298 4327
43299 3230
43300 3113
43301 1774
43302 4204
43303 506
43304 3674
43305 3618
43306 56
43307 303 1043 1725
43308 932
43309 820
43310 810
43311 2005
43312 2562
43313 3681
43314 3213
43315 4274
43316 1518
43317 635
43318 689
43319 1028
43320 419
43321 4294
43322 3855
43323 399 3208
43324 338
43325 3890
43326 3378
43327 3487
43328 824
43329 294
43330 3660
43331 3601
43332 2601
43333 74
43334 4456
43335 37
43336 1815
43337 4283
43338 3624
43339 3698
43340 3210
43341 2473
43342 2556 2559 2739
43343 2889
43344 1223
43345 562
43346 1288
43347 1691
43348 993
43349 4203
43350 792
43351 3167
43352 1281
43353 1068
43354 4033
43355 753
43356 561 2459
43357 2666
43358 953
43359 3384
43360 2700
43361 759
43362 99
43363 793
43364 3743
43365 2572 2916
43366 3631
43367 1966
43368 1357
43369 2594 2763
43370 3441
43371 2135
43372 1455
43373 1784
43374 2927
43375 550
43376 2644
43377 2651
43378 3163
43379 692
43380 4311
43381 904
43382 530 2639
43383 2811
43384 247 3645
43385 2206
43386 3583
43387 4094
43388 1899
43389 734
43390 1539 2490
43391 1446
43392 3931
43393 140
43394 2571 3108
43395 4356
43396 2306
43397 1680
43398 1597
43399 4231
43400 1730
43401 2756 3091
43402 2671
43403 3125
43404 2078
43405 2808
43406 3832
43407 905
43408 132
43409 3157
43410 3863
43411 3209
43412 871
43413 1954
43414 3190
43415 1341
43416 540
43417 719
43418 2223
43419 1426
43420 339
43421 4161
43422 578
43423 3190
43424 2075
43425 3498
43426 4227
43427 513
43428 3949
43429 2817
43430 3960
43431 2075 3860
43432 2953
43433 1163 3685
43434 3665
43435 3754
43436 1039
43437 3921
43438 761
43439 120
43440 3377
43441 3209
43442 259
43443 1628
43444 2061
43445 3448
43446 3644
43447 3149
43448 2715
43449 258 470 1143 2012
43450 1344
43451 1814
43452 731
43453 3721
43454 3209
43455 1142
43456 3545
43457 1105
43458 3017
43459 3311
43460 330
43461 4203
43462 3903
43463 3742
43464 1860
43465 648
43466 2706
43467 4406
43468 90
43469 4302
43470 221
43471 4438
43472 4298
43473 354
43474 339
43475 4308
43476 314
43477 3500
43478 4088
43479 1003
43480 3666
43481 3619
43482 327
43483 217
43484 4025
43485 3389
43486 4012
43487 562
43488 3526
43489 1982
43490 1182
43491 253
43492 344 4287
43493 2386
43494 510
43495 4364
43496 4311
43497 1555
43498 779
43499 3754
43500 2578
43501 3105
43502 1813
43503 754
43504 2744
43505 4063
43506 840
43507 845
43508 3132
43509 1656
43510 1492
43511 923
43512 4219
43513 657
43514 1561
43515 2255
43516 2574
43517 2786
43518 3179
43519 3787
43520 1104
43521 2483
43522 3996
43523 3217
43524 4434
43525 2834
43526 3392
43527 995
43528 2702
43529 2385
43530 2103
43531 1469
43532 3245
43533 3132
43534 2035
43535 2927
43536 783
43537 633
43538 1202 1399
43539 3321
43540 2026
43541 4272
43542 1797
43543 1856
43544 3564
43545 1087
43546 3280
43547 1637 2964
43548 4257
43549 4161
43550 736
43551 2613
43552 3892
43553 3856
43554 1043
43555 283
43556 3204
43557 3057
43558 1524
43559 4014
43560 2001
43561 1786
43562 3758
43563 4282
43564 2856
43565 577
43566 2658
43567 1236
43568 2992
43569 1383
43570 283
43571 1325
43572 4290
43573 3915
43574 1598
43575 2496
43576 965
43577 1797 2933
43578 1178
43579 3793
43580 3451
43581 3137
43582 1979
43583 1090
43584 3013
43585 336
43586 500
43587 3697
43588 394
43589 4385
43590 3876
43591 797
43592 129
43593 3200
43594 2473
43595 752 3318
43596 1717
43597 1661
43598 2904
43599 2702 3337
43600 3381
43601 3513
43602 2121
43603 3773
43604 3936
43605 1455
43606 1268
43607 2502
43608 3013
43609 114
43610 3160
43611 3083
43612 226
43613 3020
43614 1205
43615 4346
43616 1642
43617 2841
43618 2991
43619 1738
43620 3176
43621 2387
43622 2088
43623 2581
43624 3999
43625 4298
43626 2089
43627 3393
43628 3489
43629 2061
43630 1328
43631 1342 3146
43632 543
43633 815
43634 3105
43635 1858
43636 3029
43637 2199
43638 3956
43639 3203
43640 4144
43641 2288
43642 339
43643 2938 3027 3032
43644 2874
43645 3325
43646 4069
43647 2655
43648 3137 3858 4439
43649 3134
43650 2784
43651 1568
43652 2969
43653 772
43654 4090
43655 2991
43656 777
43657 397
43658 883
43659 3678
43660 4351
43661 3182
43662 1007
43663 990
43664 4126
43665 4232
43666 2808
43667 3674
43668 3960
43669 289
43670 433
43671 1223
43672 674
43673 1799
43674 1926
43675 1857
43676 3887
43677 2732
43678 516
43679 3200
43680 3419
43681 364
43682 4061
43683 2693
43684 3209
43685 3288
43686 3334
43687 1636
43688 2474 3641
43689 3865
43690 1469 1470 1926 3013
43691 4012
43692 2106
43693 250
43694 4177
43695 3469
43696 4211
43697 2991
43698 3215
43699 947
43700 1137
43701 974
43702 3263
43703 733 3383 3417
43704 265 1251 4306
43705 2530
43706 2044
43707 3077
43708 519
43709 3531
43710 394 522 3253
43711 3737
43712 2474
43713 1608
43714 1047
43715 402 577
43716 876
43717 1792
43718 2003
43719 1772
43720 1206
43721 3602
43722 4328
43723 2759
43724 2375
43725 3202
43726 1393
43727 19
43728 2537 3105
43729 3489
43730 1848
43731 2730
43732 3427
43733 2991
43734 947 1693
43735 1609
43736 2779
43737 71
43738 3398
43739 3265
43740 3802
43741 3808
43742 876
43743 1314 4311
43744 941
43745 3021
43746 4270
43747 2654
43748 3568
43749 3990
43750 3215
43751 2653
43752 3108
43753 879
43754 4173
43755 4110
43756 689
43757 544
43758 1785
43759 3200
43760 734
43761 384
43762 4256
43763 655
43764 1003
43765 3492
43766 3786
43767 3330
43768 1809
43769 2875
43770 902
43771 2891
43772 4261
43773 4152
43774 75
43775 276
43776 3964
43777 1823
43778 1795
43779 2959
43780 1906
43781 3381
43782 3849
43783 863
43784 1835 3090 3379
43785 2490
43786 3348
43787 1074
43788 737
43789 3190
43790 3880
43791 4046
43792 1342
43793 2963
43794 3214
43795 934
43796 632 982
43797 3812
43798 1612
43799 3454
43800 894
43801 3481
43802 2020
43803 3681
43804 3188
43805 1956
43806 3816
43807 661
43808 1593
43809 414
43810 1092
43811 807
43812 1471 2882
43813 3114
43814 3701
43815 2960
43816 3724
43817 4297
43818 3776
43819 2128
43820 1040
43821 1180
43822 3987
43823 1314
43824 489
43825 3455
43826 4380
43827 2773
43828 840 1256 1291
43829 4096
43830 4489
43831 1035
43832 2093
43833 3187
43834 3976
43835 941
43836 4197
43837 619
43838 1113
43839 1634
43840 4162
43841 3622
43842 4311
43843 2351
43844 3096
43845 3289
43846 2259
43847 2526
43848 2374
43849 4210
43850 1562
43851 359
43852 351
43853 2352
43854 3954
43855 473 4074
43856 630
43857 3767
43858 2353
43859 1337
43860 1674
43861 294
43862 3247
43863 948
43864 721
43865 2416
43866 391
43867 2030
43868 2397
43869 1633
43870 1868
43871 4148
43872 3722
43873 3618
43874 942
43875 64
43876 1355
43877 2718
43878 2534
43879 1832
43880 2409
43881 1236
43882 2777
43883 2006
43884 4289
43885 4312
43886 1110
43887 3637
43888 3063
43889 994
43890 3180
43891 4053
43892 489
43893 790 4433
43894 2699
43895 2327
43896 3945
43897 3420
43898 2474
43899 1117
43900 1559
43901 3700
43902 1366
43903 3012
43904 2393
43905 4493
43906 4243
43907 3126
43908 2675
43909 3295
43910 2057
43911 3843
43912 2486
43913 148
43914 3821
43915 3705
43916 921
43917 3219
43918 3047
43919 4026
43920 2210
43921 2571
43922 1785
43923 2587
43924 919
43925 2057
43926 3754
43927 2624
43928 1803
43929 2352
43930 2442
43931 1674
43932 3678
43933 1118
43934 3245
43935 3734
43936 2741
43937 2970
43938 3325
43939 3289
43940 1187
43941 4094
43942 2453
43943 3200
43944 3504
43945 837
43946 2471
43947 1236
43948 905
43949 370
43950 1149
43951 3661
43952 2046
43953 446
43954 3992
43955 2753
43956 1073
43957 1346
43958 595 623
43959 3612
43960 3218
43961 3279
43962 3427
43963 844 1933
43964 3478
43965 3976
43966 3201
43967 1800
43968 3258
43969 2610
43970 659
43971 3323
43972 1580
43973 3513
43974 738
43975 1418
43976 2423
43977 473
43978 4021
43979 2496
43980 4035
43981 1575
43982 2147
43983 846
43984 426
43985 1290
43986 2950
43987 3683
43988 4198
43989 390
43990 4023
43991 1166
43992 636 788 3319
43993 3294
43994 2685
43995 1341
43996 407
43997 1570
43998 1735
43999 2001
44000 3217
44001 3967
44002 4477
44003 1869
44004 2512
44005 3294
44006 3809
44007 1163
44008 2445
44009 1763 4385
44010 1060
44011 3200
44012 3514
44013 2007
44014 3334
44015 4311
44016 3930
44017 1992
44018 2910
44019 1148
44020 820 2699
44021 990
44022 2653
44023 1683
44024 1202
44025 481 3768 4044 4385
44026 2098
44027 2095
44028 3351
44029 2969
44030 2083
44031 1376
44032 797
44033 810
44034 1141
44035 3157
44036 1341
44037 2691
44038 685 2771 3017 4491
44039 1163
44040 2505
44041 2086
44042 3046
44043 3143
44044 2781
44045 3216
44046 774
44047 3923
44048 693
44049 2559
44050 2992
44051 2680
44052 2653
44053 767
44054 3754
44055 4378
44056 1362
44057 3492
44058 3511
44059 382
44060 2471
44061 4137
44062 3309
44063 883
44064 262
44065 3833
44066 1522
44067 1300
44068 1349
44069 3547
44070 3135
44071 3340
44072 562
44073 3713
44074 2691
44075 1999
44076 637 3124
44077 1149
44078 4377
44079 1555
44080 2102
44081 3057
44082 3448
44083 3412
44084 1989
44085 695
44086 4065
44087 3944
44088 3991
44089 3819
44090 2070
44091 3698
44092 1973 4436
44093 745
44094 1853
44095 846
44096 3203
44097 4179
44098 2299
44099 2485
44100 3213
44101 2134
44102 1699
44103 531
44104 3846
44105 1876
44106 595
44107 3607
44108 510
44109 990
44110 2648
44111 2967 3098
44112 3419
44113 4438
44114 3201
44115 3250 4430
44116 3068
44117 321
44118 2698
44119 1316
44120 4284
44121 3293
44122 442
44123 1886
44124 2903
44125 670
44126 2950
44127 1283
44128 4203
44129 2128
44130 2162
44131 2878
44132 4238
44133 2123
44134 3500
44135 1775
44136 1049
44137 1109
44138 339
44139 2962
44140 1006
44141 534
44142 2910
44143 2721
44144 3121
44145 1469
44146 4462
44147 2086
44148 1453
44149 2849
44150 2621
44151 2713
44152 2741 2984
44153 3695
44154 875
44155 1044
44156 4185
44157 2106
44158 347
44159 3576
44160 2389 2808
44161 3575 3989
44162 1206
44163 3376
44164 1473
44165 3489
44166 1270
44167 1645
44168 1861
44169 2430
44170 2564
44171 115
44172 3105
44173 2639 3217
44174 649
44175 1507
44176 3355
44177 2751
44178 966
44179 3219
44180 4203
44181 2978
44182 733
44183 594
44184 3347
44185 3389
44186 1450
44187 4403
44188 3357
44189 4267
44190 364
44191 734 1097
44192 3217
44193 717
44194 2612
44195 2954
44196 4028
44197 3101
44198 2386
44199 1060
44200 4088
44201 3690 4000
44202 2916 3059
44203 2213
44204 4156
44205 3679
44206 3046
44207 4332
44208 1025 2786
44209 1540
44210 1454
44211 3366
44212 3131
44213 543 735 2091 2285 3194
44214 2182
44215 3387
44216 1139
44217 3047 3047
44218 211
44219 733 3110
44220 1357
44221 3161
44222 2391
44223 2770
44224 2010
44225 2007
44226 4088
44227 1774
44228 473 624 828 3693
44229 624
44230 4033
44231 2881
44232 283
44233 3589
44234 2916 2951
44235 78
44236 1674
44237 526
44238 3799
44239 1949
44240 2862
44241 3691
44242 1096
44243 3608
44244 1797
44245 4143
44246 1460
44247 3214
44248 1654
44249 3247
44250 4485
44251 1028
44252 78
44253 3316
44254 4420
44255 4378
44256 1326 3306 3566
44257 2038
44258 4072
44259 3672
44260 721
44261 782
44262 2671
44263 1479
44264 1344
44265 4085
44266 1194
44267 1717
44268 2081
44269 974
44270 905
44271 745
44272 4182
44273 3865
44274 263
44275 1432
44276 2001
44277 863
44278 3208
44279 2767
44280 1219
44281 2451
44282 809
44283 1037
44284 4311
44285 1102
44286 2248
44287 2275
44288 359
44289 205
44290 1815
44291 1030
44292 4239
44293 171
44294 2847
44295 1586
44296 2849
44297 1202
44298 4456
44299 3846
44300 2664
44301 602
44302 2158
44303 787
44304 2159
44305 3536
44306 2978
44307 1769
44308 1726
44309 3681
44310 2600
44311 3377
44312 1511
44313 2105
44314 733
44315 784 1809
44316 3384
44317 1028
44318 2533
44319 680
44320 3823
44321 4399
44322 1305
44323 3535
44324 2109
44325 393
44326 1036
44327 2991
44328 297 2904 3039
44329 775
44330 1283
44331 2789
44332 2797
44333 2992
44334 3662
44335 1846
44336 3895 3935 3974
44337 4397
44338 4179
44339 2571
44340 2343
44341 2343
44342 2739
44343 2904
44344 2490
44345 2612
44346 2739
44347 978
44348 1202
44349 2953
44350 3280
44351 4086
44352 1111
44353 2496 2553
44354 4149
44355 860
44356 4027
44357 4413
44358 486
44359 1446
44360 3127
44361 439
44362 2930
44363 551
44364 4071
44365 1220
44366 3607
44367 2507
44368 1463
44369 473
44370 3682
44371 3101
44372 2236
44373 1833
44374 1210
44375 3216
44376 3682
44377 960
44378 667
44379 4430
44380 4011
44381 1464
44382 1000
44383 3190
44384 1418
44385 734 3137
44386 1862
44387 1134
44388 3477
44389 3137
44390 1027
44391 2088
44392 3180
44393 3954
44394 470 1324
44395 3201
44396 4073
44397 3946
44398 728
44399 2571
44400 3163
44401 3845
44402 2176
44403 1593
44404 2571
44405 695
44406 4326
44407 3124
44408 2881
44409 4411
44410 1250
44411 171 1195 2819
44412 1206
44413 2452
44414 1153
44415 2799
44416 1466
44417 1790
44418 3426
44419 3225
44420 1278
44421 3202
44422 1816
44423 371
44424 1335
44425 1337
44426 3986
44427 1346
44428 1344
44429 3124
44430 1341
44431 1335
44432 3124
44433 3997
44434 1343
44435 1349
44436 2104
44437 1029
44438 646
44439 801
44440 123
44441 123
44442 2834
44443 2834
44444 895
44445 2164
44446 1453
44447 181
44448 3628
44449 1290 3154
44450 3426
44451 4420
44452 1012
44453 3048
44454 3880
44455 4181
44456 386
44457 239
44458 3955
44459 2483
44460 3275
44461 4411
44462 2001
44463 2794
44464 1149
44465 1236
44466 2573
44467 3894
44468 874
44469 2908
44470 3895
44471 3322
44472 2837
44473 4276
44474 1809
44475 438
44476 1074
44477 3592
44478 2433 2998 3048
44479 2636
44480 4271
44481 4221
44482 3200
44483 2254
44484 2256
44485 533
44486 338
44487 561
44488 3200
44489 2533 2661 2663 2732 2732
44490 2340
44491 2960
44492 4143
44493 910
44494 894
44495 473
44496 4196
44497 4094
44498 2261
44499 4232
44500 937
44501 1989
44502 2732
44503 73 2950
44504 2176
44505 2483
44506 1407 1469
44507 1111
44508 2471
44509 2813
44510 1441
44511 2802
44512 2689
44513 1227
44514 647
44515 960
44516 3476
44517 1206
44518 562
44519 2909
44520 3900
44521 1122
44522 2819
44523 1177
44524 3827
44525 3251
44526 3100
44527 3330
44528 905
44529 3847
44530 785
44531 1115
44532 3773
44533 4130
44534 3140
44535 2912 3097 3690
44536 3804
44537 2896
44538 2616
44539 2942
44540 941
44541 585
44542 1221
44543 387 1064
44544 468
44545 1196
44546 50
44547 3196
44548 387
44549 2135
44550 996
44551 2835
44552 3611
44553 911
44554 219
44555 1285
44556 1591
44557 1593
44558 2815
44559 1437
44560 2490
44561 1316
44562 324 4475
44563 4443
44564 4297
44565 8
44566 2432
44567 3797
44568 4228
44569 3899
44570 4138
44571 2746
44572 4460
44573 701
44574 1311 1485
44575 2678
44576 1378
44577 4289
44578 4088
44579 966
44580 1316 1543
44581 322
44582 1348
44583 3465
44584 3120
44585 2637
44586 2483
44587 2888
44588 3583
44589 977
44590 4257
44591 1337
44592 570
44593 1336
44594 2120
44595 1093
44596 474 3439
44597 4411
44598 1633
44599 372
44600 2206
44601 3668
44602 208
44603 127
44604 292 2904
44605 4005
44606 1158
44607 1129
44608 841 4138
44609 436
44610 3094
44611 3763
44612 390 2640
44613 2741
44614 3914
44615 3899
44616 840 844 858 1257 1816
44617 243
44618 2553
44619 3128
44620 2685
44621 1910
44622 2857
44623 1248 3581
44624 975
44625 3765
44626 3695
44627 4476
44628 877
44629 4092
44630 182 2389 2710 2761
44631 2478
44632 548
44633 602
44634 1115
44635 3163
44636 2874
44637 3380
44638 4196
44639 1372
44640 3682
44641 3595
44642 2995
44643 765
44644 2158
44645 4074
44646 137
44647 2589
44648 3384
44649 3157
44650 2860
44651 168
44652 4023
44653 3112
44654 401
44655 4199
44656 1755
44657 3239
44658 2762 4184
44659 483
44660 979
44661 752 1292 2325
44662 1710 1787 4080
44663 1348
44664 352
44665 690
44666 1208
44667 124
44668 1446 2867
44669 2356
44670 1262
44671 905
44672 1209
44673 3632 4070
44674 947
44675 1179
44676 905
44677 3916
44678 2637
44679 1382
44680 2720
44681 2679
44682 1118
44683 473
44684 504
44685 3216
44686 142
44687 1105
44688 4138
44689 613
44690 292
44691 1314
44692 3338
44693 4259
44694 2327
44695 2656
44696 2315
44697 3821
44698 446
44699 3346
44700 2904
44701 1595
44702 1703
44703 3089
44704 1784
44705 4469
44706 3521
44707 968
44708 3840
44709 1894
44710 217 3021
44711 3464
44712 3829
44713 3150
44714 192
44715 1186
44716 979
44717 446
44718 842
44719 753
44720 1285
44721 3112
44722 989
44723 3450
44724 530
44725 12
44726 1786
44727 3583 3862
44728 1403 3300
44729 939
44730 3382
44731 2780
44732 349
44733 2931
44734 4179
44735 918 1897
44736 2776
44737 2794
44738 4199
44739 2039
44740 3038
44741 1179
44742 1511 2653
44743 171
44744 3067
44745 577
44746 640
44747 850 1680 3837
44748 980 3217
44749 2736
44750 4016
44751 921
44752 3509
44753 3188
44754 2729
44755 3000
44756 3193
44757 1073
44758 1731
44759 3824
44760 4368
44761 4425
44762 1680
44763 4209
44764 2641
44765 4017
44766 4278
44767 287
44768 2463
44769 447
44770 3116
44771 2467
44772 686
44773 1285
44774 3805
44775 493
44776 2465
44777 2967
44778 3697
44779 1060
44780 3139
44781 151
44782 3101
44783 470
44784 1805
44785 2219
44786 470
44787 1942
44788 1687
44789 2704
44790 4043
44791 1254
44792 4478
44793 327
44794 2623
44795 1377
44796 1460
44797 3722
44798 3047
44799 3493
44800 3796
44801 2344
44802 958
44803 3995
44804 4423
44805 1129
44806 3921
44807 3180
44808 1897
44809 2001
44810 527
44811 1111
44812 188
44813 3251
44814 4429
44815 1418 1656 2563
44816 1558
44817 1341
44818 2968
44819 3121
44820 1739
44821 1949
44822 2661 2771
44823 303 505
44824 3764
44825 113
44826 1379 1408 1456 1576 1887 3017 3018 3225 3660 4478
44827 1910
44828 1944
44829 1227
44830 1225
44831 3498 3976
44832 3116
44833 1542
44834 1869
44835 3275
44836 1966 3036
44837 3274
44838 1627
44839 1482
44840 2838
44841 193
44842 2057
44843 4183
44844 3062
44845 885
44846 1903
44847 3217
44848 530
44849 2075 3230
44850 2818
44851 732 733 1545
44852 2696
44853 1192
44854 1149
44855 1341
44856 4490
44857 1493
44858 1633
44859 3005
44860 1083
44861 3957
44862 3245
44863 1029
44864 67
44865 1943
44866 2747
44867 1024
44868 3200
44869 92
44870 3988
44871 1983
44872 2571
44873 369 2832
44874 1527
44875 3241
44876 4413
44877 2969
44878 1887
44879 4349
44880 4306
44881 3600
44882 3898
44883 2775
44884 330
44885 2305
44886 939 3507 3872
44887 734 2395 2959 2992
44888 589
44889 1926
44890 1978
44891 4277
44892 689
44893 3075
44894 3209
44895 3417
44896 98
44897 2992
44898 905
44899 206
44900 1561
44901 3441
44902 2052
44903 905
44904 2423
44905 387
44906 369
44907 3209
44908 754
44909 4359
44910 2188
44911 3895
44912 2774
44913 3803
44914 905
44915 1316
44916 4052
44917 3187
44918 868
44919 810
44920 2207 2808
44921 3978
44922 1028
44923 3442
44924 261
44925 3284
44926 289
44927 3352
44928 3195 3246
44929 3250
44930 4480
44931 4148
44932 744
44933 580
44934 367
44935 734
44936 2682
44937 971
44938 2950
44939 745
44940 315
44941 3520
44942 1030
44943 4275
44944 1469 2950
44945 2785
44946 262
44947 639
44948 2244
44949 2032
44950 1883 2612 2904 3039
44951 624
44952 552
44953 1202
44954 3705
44955 2448
44956 1341
44957 3901
44958 49
44959 1785
44960 916
44961 910
44962 1966
44963 1084 1916
44964 1893
44965 3180
44966 2992
44967 799
44968 51
44969 1431
44970 4152
44971 4281
44972 3677
44973 516
44974 1227
44975 3685
44976 1511
44977 1407 2467 3069 3666 3667
44978 3732
44979 1346
44980 802 1087 3110
44981 204
44982 861
44983 3572
44984 3219
44985 2727
44986 957
44987 3200
44988 476
44989 2507
44990 2463
44991 219
44992 1201
44993 411
44994 3319
44995 3503
44996 3669
44997 2433
44998 3792
44999 1189
45000 1815
45001 1801
45002 3754
45003 526
45004 3907
45005 4224
45006 423
45007 3216
45008 3697
45009 646
45010 4225
45011 236
45012 2075
45013 639
45014 2994
45015 4373
45016 3209
45017 2161
45018 4060
45019 793
45020 2496
45021 489
45022 2845
45023 3256
45024 2808
45025 3208
45026 1595
45027 379
45028 3336
45029 922
45030 1097
45031 2845
45032 2094
45033 2386
45034 2281
45035 3972
45036 455
45037 2095
45038 658
45039 381 1508
45040 547
45041 665
45042 568
45043 2925
45044 18
45045 921
45046 4475
45047 301
45048 2093
45049 369
45050 1501
45051 625 1944
45052 3567
45053 2017
45054 156
45055 3346
45056 1187
45057 1915
45058 3154
45059 719 802
45060 1956
45061 1766
45062 784
45063 1591
45064 2293 2715
45065 2401
45066 526
45067 1844
45068 2050
45069 3280
45070 3283
45071 2866
45072 4167
45073 2813
45074 1570
45075 1093
45076 2423
45077 754
45078 3938
45079 1971
45080 2377
45081 2995
45082 3254
45083 1672
45084 1453 2950 3057
45085 2722
45086 89
45087 387
45088 1894
45089 630
45090 3781
45091 1082
45092 1021
45093 2032
45094 4300
45095 1998
45096 2057
45097 1251
45098 3345
45099 3241
45100 820 3872
45101 3419
45102 709
45103 1889
45104 1241
45105 4306
45106 948
45107 1154
45108 489
45109 2088
45110 1776
45111 3200
45112 2465
45113 3839
45114 3305
45115 921
45116 1634
45117 3797
45118 405 1932
45119 2253
45120 369 3305
45121 2356
45122 2719
45123 3803
45124 4272
45125 733
45126 799
45127 1038
45128 257
45129 228
45130 2340
45131 2773
45132 3325
45133 2959
45134 937 939
45135 1346
45136 2466 2904
45137 2741
45138 834
45139 4207
45140 2497
45141 3422
45142 3906
45143 3242
45144 3105
45145 4434
45146 1910
45147 2680
45148 733
45149 3775
45150 3747
45151 3406
45152 737
45153 1462 1471 2296 2540 3545
45154 3099
45155 3418
45156 3317
45157 2001
45158 3190
45159 2537
45160 3513
45161 734 2953 3093
45162 326
45163 933
45164 691
45165 190
45166 3521
45167 4223
45168 982
45169 1683
45170 3718
45171 554
45172 3128
45173 2005
45174 2543
45175 3603
45176 1349 1469
45177 690
45178 4283
45179 3583
45180 538
45181 4320
45182 1595
45183 4206
45184 3331
45185 2553
45186 2539
45187 1330
45188 4283
45189 3873
45190 754
45191 4297
45192 3406
45193 1798
45194 1436
45195 2990
45196 348
45197 961
45198 820 2296
45199 1705 3106
45200 3972
45201 1409
45202 2921
45203 655
45204 881
45205 1247
45206 2643
45207 877
45208 640 1179
45209 2828
45210 877
45211 3101
45212 3102
45213 857
45214 737
45215 824
45216 1796
45217 930
45218 3343
45219 657
45220 3768
45221 1147
45222 2862
45223 4044
45224 1932 2921
45225 111
45226 2955
45227 2564
45228 2329
45229 3286 3289
45230 4172
45231 4046
45232 3748
45233 624 2607
45234 824
45235 800
45236 342 811
45237 2520
45238 797
45239 1500
45240 4426
45241 3716
45242 2512 2989
45243 1631
45244 639
45245 1107
45246 3748
45247 860
45248 1601
45249 2627
45250 1900
45251 2731
45252 3294
45253 1856
45254 3873
45255 1182
45256 3955
45257 533
45258 2095
45259 2927
45260 2653
45261 1575
45262 117 2797 3697
45263 729
45264 3769
45265 656
45266 3205
45267 949
45268 3154
45269 1670
45270 1652
45271 3210
45272 1090
45273 4256
45274 2761
45275 2753
45276 255
45277 746
45278 4123
45279 4015
45280 2501
45281 2262
45282 247
45283 964
45284 4284
45285 2311
45286 179
45287 1438
45288 1866
45289 812
45290 990
45291 3284
45292 4017
45293 4142
45294 532
45295 850
45296 161
45297 1847
45298 3441
45299 468
45300 2483
45301 2403
45302 93
45303 3965
45304 1196 2860
45305 679
45306 3824
45307 1196
45308 4146
45309 2038
45310 930
45311 2654
45312 3343
45313 4159
45314 3404
45315 3339
45316 1926 3091
45317 745 820
45318 2946
45319 2612
45320 1306 2534 3690
45321 450
45322 451
45323 1148
45324 3865
45325 419
45326 1028
45327 3152
45328 1029
45329 4441
45330 933
45331 2024
45332 1293
45333 3144
45334 725
45335 2532
45336 3827
45337 1808
45338 1819
45339 1540
45340 1046
45341 3919
45342 454
45343 1900
45344 1191
45345 2868
45346 2090
45347 741
45348 3325
45349 2440
45350 3216
45351 1236
45352 3479
45353 3216
45354 4414
45355 3826
45356 3403
45357 2271
45358 2250
45359 3871
45360 4176
45361 3165
45362 3811
45363 3325
45364 3188
45365 3230
45366 3046
45367 3618
45368 3619
45369 931
45370 4302
45371 3956
45372 2288
45373 3210
45374 1384
45375 3247
45376 1205
45377 1522
45378 3382
45379 1478
45380 2122
45381 4123
45382 613
45383 1092
45384 4193
45385 2487
45386 2818
45387 2873 3963
45388 854
45389 869
45390 1457
45391 1272
45392 783
45393 473
45394 1688
45395 2145
45396 1418
45397 238
45398 890
45399 2245
45400 2950
45401 2127
45402 1128
45403 3533
45404 2678
45405 2950
45406 3417
45407 4252
45408 4260
45409 2426
45410 1653
45411 4473
45412 167
45413 1273
45414 631
45415 2909 3958
45416 4383
45417 2348
45418 2275
45419 1839
45420 3915
45421 1245
45422 1636 2935 3963
45423 2370
45424 791
45425 1870
45426 2649
45427 4044
45428 4167
45429 3278
45430 1538
45431 1603
45432 3360
45433 3506
45434 1793
45435 876
45436 2785
45437 2705
45438 3526
45439 1928
45440 3901
45441 1202
45442 1132
45443 1507
45444 4494
45445 1334
45446 2615
45447 588
45448 2717 3631
45449 611
45450 820
45451 1719
45452 3901
45453 1311 1880 3354 3471 4178 4302
45454 1392
45455 2732
45456 2873
45457 2670
45458 1217
45459 3658
45460 2950 3007 4179
45461 1517 3415
45462 2270
45463 3194
45464 1365
45465 2462
45466 1342
45467 3471
45468 1578
45469 3744
45470 3486
45471 2910
45472 3106
45473 4419
45474 2874
45475 3200
45476 3733
45477 387 3239
45478 444
45479 874
45480 3224
45481 3384
45482 947
45483 655
45484 3945
45485 3200
45486 4028
45487 387
45488 3899
45489 1401
45490 3210
45491 3446
45492 278
45493 2360
45494 4320
45495 1516
45496 283
45497 3471
45498 877
45499 4094
45500 1911
45501 2649
45502 1461
45503 1474
45504 3918
45505 3441
45506 1735
45507 544 3793
45508 934
45509 1891
45510 1900
45511 3348
45512 2977 3734
45513 757
45514 215
45515 3661
45516 1707
45517 2538
45518 2643
45519 413
45520 3940
45521 2781
45522 3666
45523 2670
45524 1514 3250
45525 1387
45526 3201
45527 3098
45528 1592
45529 1706
45530 2339
45531 3113
45532 381 3105
45533 1888
45534 968 3453
45535 546
45536 2422
45537 1947
45538 2627
45539 3429
45540 669
45541 3173
45542 4286
45543 551
45544 3667
45545 3200
45546 3207
45547 3322
45548 3149
45549 3754
45550 784
45551 957
45552 389
45553 3948
45554 2969
45555 3210
45556 1254
45557 1478 2112
45558 3321
45559 821
45560 2529
45561 4263 4478
45562 4094
45563 419
45564 3209
45565 2853
45566 858
45567 3665
45568 49
45569 1097
45570 507
45571 2381
45572 1600
45573 1940
45574 1403
45575 514 1446
45576 428
45577 911
45578 3108
45579 2548
45580 129
45581 292
45582 1941
45583 2169
45584 3470
45585 3062
45586 1511
45587 988
45588 84
45589 428
45590 2854
45591 2853
45592 2763
45593 1247
45594 613
45595 3416
45596 4015
45597 1202
45598 2068
45599 2727
45600 2691
45601 854
45602 2963
45603 1025
45604 2773
45605 4179
45606 3674
45607 3217
45608 1721
45609 767 1246 2977
45610 52
45611 1465
45612 1511
45613 265
45614 3216
45615 3313
45616 1898
45617 1879
45618 3219
45619 3736
45620 3008
45621 3732
45622 2702
45623 3534
45624 1611
45625 996
45626 3574
45627 2421
45628 3208
45629 937
45630 658
45631 1651
45632 1051
45633 4080
45634 3348
45635 3574
45636 1964
45637 4084
45638 3969
45639 598
45640 1930
45641 2705
45642 2951
45643 3446
45644 2675
45645 2821
45646 4027
45647 4433
45648 2095
45649 2389
45650 3201
45651 2327
45652 2856
45653 1214
45654 2861
45655 1636
45656 2083
45657 4074
45658 4256
45659 3633
45660 369 595 735
45661 1378
45662 3096
45663 3072
45664 2360
45665 3201
45666 4368
45667 3497
45668 1342
45669 2730
45670 4305
45671 2486
45672 1038
45673 507
45674 3615
45675 2599
45676 3935
45677 521
45678 2718
45679 3770
45680 2395
45681 3206
45682 3631
45683 1830
45684 1455 2197 2246 2887
45685 882
45686 2001
45687 3881
45688 2713
45689 1132
45690 3810
45691 386 1795 1797 1931 3260
45692 1840
45693 3319
45694 3140
45695 2129
45696 2757
45697 846 1668
45698 2284
45699 3252
45700 2557
45701 2592
45702 2565
45703 3934
45704 2799
45705 2030
45706 783
45707 1316 3626
45708 297
45709 3013
45710 1165
45711 3375
45712 2860
45713 3578
45714 2412
45715 1374
45716 4323
45717 3646
45718 3749
45719 4136
45720 552
45721 3062
45722 4475
45723 2001
45724 3649
45725 705
45726 1539
45727 1611
45728 3339
45729 2495
45730 2236
45731 1567
45732 2661
45733 3237
45734 669
45735 330
45736 3020
45737 1469
45738 539
45739 1158
45740 810
45741 3149
45742 1028
45743 995
45744 159
45745 2677
45746 72
45747 2771
45748 1138
45749 2611
45750 579
45751 522
45752 2095
45753 2825
45754 115
45755 1839
45756 2359
45757 1311
45758 3108
45759 905
45760 4442
45761 479
45762 766
45763 2990
45764 1492
45765 1256
45766 3617
45767 3219
45768 3209
45769 3989
45770 586
45771 2902
45772 407
45773 3181
45774 283
45775 2412
45776 4440
45777 2474 3173
45778 2963
45779 1293
45780 3225
45781 4139
45782 559
45783 1513
45784 745 874
45785 3200
45786 249
45787 3768
45788 4173
45789 550
45790 473
45791 510
45792 1093
45793 3210
45794 863
45795 1960
45796 2807
45797 283
45798 894
45799 3740
45800 622
45801 3108
45802 591
45803 2950
45804 341 387
45805 349
45806 1163 3425 3697
45807 30
45808 3217
45809 4409
45810 623
45811 662
45812 791
45813 534
45814 673
45815 745 799 1254 1261 1799 3117 3160 3251
45816 3200
45817 3417
45818 4464
45819 604
45820 2325
45821 369
45822 3381
45823 2001
45824 1206
45825 3959
45826 2651
45827 802
45828 4181
45829 2520
45830 1783
45831 858 1500 2849
45832 1719
45833 3491
45834 3339
45835 408
45836 532
45837 669
45838 2332 2796
45839 4040
45840 466
45841 342
45842 797
45843 1828
45844 2770 3690
45845 1469 2520 3001 3039 4145
45846 901
45847 1325
45848 4283
45849 2089
45850 473
45851 4438
45852 2992
45853 2197
45854 3285
45855 4151
45856 785
45857 341
45858 2649
45859 1503 2945
45860 1457
45861 3892
45862 1104
45863 1520
45864 4221
45865 2421 2592
45866 942
45867 1180
45868 1217
45869 1758
45870 3733
45871 1506
45872 4111
45873 2873
45874 3892
45875 4192
45876 1449
45877 1160
45878 4052
45879 3771
45880 3050
45881 3417
45882 3793
45883 3404
45884 224 2963 3808 4284
45885 4027
45886 4410
45887 4138
45888 2742
45889 1743 2025
45890 3667
45891 550 3157
45892 446
45893 1147 3008
45894 15
45895 3184
45896 3808
45897 1039
45898 1810
45899 2741
45900 437
45901 3454
45902 2473
45903 3039
45904 3430
45905 1236
45906 2452
45907 3633
45908 1019
45909 4144
45910 4163
45911 1502
45912 4008
45913 3733
45914 823
45915 4070
45916 4382
45917 2633
45918 1674
45919 290
45920 974
45921 4293
45922 1039
45923 2765
45924 93
45925 397
45926 979
45927 1704 2906
45928 3618
45929 4141
45930 4368
45931 1113
45932 3209
45933 2049
45934 3142
45935 2178
45936 2574
45937 3545
45938 3519
45939 3215
45940 3666
45941 2371
45942 1367
45943 1363
45944 2587
45945 783 1039
45946 2057
45947 1880
45948 1341
45949 4221
45950 538
45951 5
45952 4361
45953 473
45954 4433
45955 3644
45956 2733
45957 428
45958 452
45959 402 933
45960 107
45961 3012
45962 2432
45963 2105
45964 2647
45965 2963
45966 878
45967 1348
45968 1555
45969 1028
45970 2008
45971 1279 1418 3592
45972 2008
45973 2654
45974 3647
45975 2004
45976 1174
45977 1994
45978 3941
45979 3358
45980 1430
45981 861
45982 2531
45983 3545
45984 3087
45985 3398
45986 3381
45987 883
45988 4363
45989 1434 2837 3471 3661
45990 4173
45991 1277
45992 2520
45993 3083
45994 2718
45995 1236
45996 3080
45997 2655
45998 3433
45999 894
46000 2244
46001 650
46002 2281 2451
46003 135
46004 3446
46005 1128
46006 1869
46007 2452
46008 2951 2955
46009 3089
46010 2712
46011 246
46012 2839
46013 2215
46014 2471
46015 3188
46016 3128
46017 2214
46018 2995
46019 3249
46020 4298
46021 1766
46022 3006
46023 3428
46024 327
46025 2461
46026 1648
46027 2416
46028 2169
46029 3816
46030 1777
46031 330
46032 2146
46033 1468 1859 3011
46034 416
46035 1902
46036 1200 2165 2890
46037 2355
46038 1883 3685
46039 4311
46040 1883
46041 867
46042 1685
46043 3828
46044 2849
46045 3927
46046 738
46047 82
46048 2195
46049 1715
46050 3445
46051 2743
46052 1827
46053 734
46054 268
46055 3417
46056 4364
46057 219
46058 2737
46059 2777
46060 150
46061 98
46062 2756
46063 2150
46064 2908
46065 1757
46066 2573
46067 3171
46068 4217
46069 2006
46070 577 585
46071 3208
46072 4104
46073 962
46074 351
46075 3201
46076 3587
46077 115
46078 4149
46079 79
46080 1994
46081 1136
46082 535
46083 2949
46084 734
46085 4194
46086 3567
46087 1861
46088 3527
46089 1483
46090 1346
46091 3272
46092 216
46093 4340
46094 2950 2969
46095 4123
46096 3201
46097 76
46098 476
46099 4124
46100 453
46101 1862
46102 1758 1857 3062
46103 572
46104 1314
46105 1346
46106 3822
46107 1833
46108 521
46109 669
46110 2029
46111 2555
46112 2768
46113 247
46114 1926 2430
46115 2825
46116 1236
46117 4146
46118 923
46119 2651
46120 1793
46121 4351
46122 943
46123 1633
46124 3778
46125 1949
46126 3040
46127 3856
46128 358
46129 4168
46130 2718
46131 292
46132 1362
46133 4042
46134 2565
46135 4421
46136 4054
46137 2546
46138 4406
46139 3526
46140 2433
46141 2481
46142 114 3684
46143 1672
46144 3325
46145 3587
46146 2573
46147 1870
46148 3024
46149 2963
46150 3132
46151 3047
46152 906
46153 2565
46154 627
46155 3255
46156 569
46157 3099
46158 1683
46159 3822
46160 735
46161 3018
46162 8
46163 3826
46164 3756
46165 1481
46166 2771
46167 1060
46168 3000
46169 396
46170 2554
46171 4158
46172 1453
46173 133
46174 1511
46175 1511
46176 921
46177 2242
46178 2907
46179 3209
46180 437
46181 3428
46182 1894 1910
46183 1498
46184 2536
46185 1266
46186 2001
46187 261
46188 2776
46189 111
46190 2847
46191 297
46192 171
46193 327
46194 3002
46195 4162
46196 3188
46197 3215
46198 1469
46199 63
46200 2044
46201 2623
46202 3441
46203 1095
46204 4255
46205 1114
46206 3836
46207 4172
46208 2809
46209 1940
46210 2579
46211 3209
46212 134
46213 3425
46214 2994
46215 3381
46216 2467
46217 1060
46218 2389 4150
46219 1196
46220 1455 4491
46221 1475
46222 480
46223 3209
46224 1177
46225 1311
46226 874 2678
46227 793
46228 811
46229 1123
46230 2440
46231 3000
46232 2057
46233 3209
46234 3892
46235 389 473 3334 3857 3897
46236 3564
46237 3655
46238 1235
46239 1006
46240 1801
46241 1163 3723
46242 3677
46243 571
46244 2950
46245 693
46246 2525 2654
46247 2358
46248 1339
46249 956
46250 3672
46251 2000
46252 915
46253 232
46254 4315
46255 3644
46256 3561
46257 2403
46258 3272
46259 1732
46260 3969 3969
46261 431 4156
46262 1416
46263 2804
46264 937
46265 1038
46266 1904
46267 3452
46268 507
46269 684
46270 3972
46271 3393
46272 3211
46273 1499
46274 3750
46275 2768
46276 1762
46277 1156
46278 2175
46279 824
46280 3670
46281 2612
46282 898
46283 2898
46284 596
46285 351
46286 976 1830
46287 1507
46288 1601
46289 2039
46290 1243
46291 3289
46292 1957
46293 142 2796
46294 4394
46295 1641
46296 2796
46297 1764
46298 943 2920
46299 4478
46300 846
46301 3386
46302 2606
46303 2257
46304 1719
46305 737
46306 1000
46307 3293
46308 1346
46309 334
46310 242
46311 1222
46312 3674
46313 3617
46314 3177
46315 2057
46316 3216
46317 1206
46318 1064
46319 3743
46320 784
46321 4313
46322 2096
46323 215
46324 733 1236
46325 1485
46326 3778
46327 3275
46328 2746
46329 2416
46330 3417
46331 1488
46332 949
46333 3215
46334 3208
46335 1007
46336 650 830
46337 1274
46338 2513
46339 2845
46340 1359
46341 2848
46342 1476
46343 2497
46344 2873
46345 2746
46346 734
46347 1779
46348 1909
46349 3567
46350 723
46351 3128
46352 1545
46353 4415
46354 419
46355 3588
46356 915
46357 820
46358 2427
46359 3831
46360 4461
46361 3157
46362 1682
46363 2604
46364 1289
46365 2413
46366 923
46367 3777
46368 1161
46369 2410
46370 3678
46371 1105
46372 2658
46373 4230
46374 840 3158
46375 1534
46376 2001
46377 2095
46378 3214
46379 2057
46380 4042
46381 2326 2534
46382 1471
46383 1058
46384 1316
46385 3465
46386 2980
46387 610
46388 2811
46389 121
46390 1553 3067
46391 1236
46392 741
46393 491
46394 3188
46395 894
46396 1482
46397 3325
46398 1596
46399 933
46400 842
46401 4422
46402 921
46403 2996
46404 2710
46405 3321
46406 343
46407 510
46408 491
46409 3530
46410 4254
46411 4154
46412 835
46413 3803
46414 1955
46415 1322
46416 1784
46417 1644
46418 3210
46419 3417
46420 3836
46421 907
46422 2022
46423 2992
46424 2984
46425 1337
46426 1848
46427 970
46428 3581
46429 4290
46430 1600
46431 1893
46432 3438
46433 3665
46434 1358
46435 2993
46436 937
46437 1114
46438 1237
46439 2860
46440 2832
46441 548
46442 3200
46443 3903
46444 3771
46445 3745
46446 3258
46447 4182
46448 381
46449 3189
46450 2616
46451 3939
46452 3215
46453 2319
46454 3218
46455 1467 1917 2008 3471
46456 2615
46457 4235
46458 3718
46459 3302
46460 3674
46461 1803
46462 3908
46463 3848
46464 2194
46465 3961
46466 1719
46467 1058
46468 3395
46469 1246
46470 1473
46471 1469
46472 2956
46473 2260
46474 2101
46475 1446
46476 2129
46477 196
46478 407
46479 3959
46480 3427
46481 2112
46482 624
46483 3479 4194
46484 1027
46485 2860
46486 803 1178 4291 4297
46487 4402
46488 3102
46489 1782
46490 3215
46491 3930
46492 2834
46493 2207
46494 1599
46495 1230
46496 3340
46497 685
46498 1337
46499 56
46500 228
46501 1758
46502 824
46503 1661
46504 1175
46505 4476
46506 294 2683
46507 408 1293
46508 1430
46509 848 941 2000
46510 3000
46511 16
46512 1029
46513 3190
46514 507 3935
46515 3999
46516 2007
46517 1219
46518 3832
46519 903
46520 1036
46521 397
46522 2125
46523 387 497
46524 3494
46525 396
46526 3098
46527 687
46528 519
46529 3805
46530 1893
46531 933
46532 2001
46533 2465
46534 2691
46535 3212
46536 1405
46537 2559
46538 3775
46539 3208
46540 3948
46541 307
46542 3937
46543 3384
46544 1186
46545 159
46546 2022
46547 473 634 844 1258 1599
46548 1240
46549 2430
46550 2811
46551 3203
46552 507
46553 708
46554 793
46555 2230
46556 2062
46557 2476
46558 2606
46559 1661
46560 863
46561 2144 4284
46562 274 828 844 1265 1551
46563 2615
46564 257
46565 3324
46566 2063
46567 367
46568 726 1266 3096
46569 834
46570 1538
46571 4477
46572 2002
46573 1254 4171
46574 3235
46575 2735
46576 1442
46577 2057
46578 2146
46579 1868
46580 1418
46581 3862
46582 3961
46583 3718
46584 3929
46585 772
46586 2378 4299
46587 3104
46588 4477
46589 3803
46590 2435 4151
46591 309
46592 1455
46593 964
46594 3430
46595 2601
46596 191
46597 3236
46598 1111
46599 3895
46600 2460
46601 1497
46602 209
46603 2848
46604 142 758 1043
46605 3217
46606 538
46607 420
46608 3669
46609 797
46610 3986
46611 2044
46612 2558
46613 2323
46614 1941
46615 905
46616 729
46617 4074
46618 154
46619 3107
46620 2745
46621 1455 1834 3964
46622 2758
46623 2748
46624 820
46625 1998
46626 1469
46627 3454
46628 962
46629 3277
46630 3218
46631 4118
46632 1305 3607 4299
46633 3190
46634 3136
46635 3754
46636 579
46637 1754
46638 3752
46639 1095
46640 655 1426
46641 3513
46642 1679 3180
46643 2585
46644 1901
46645 3704
46646 3701
46647 339
46648 1677
46649 1354
46650 1254
46651 3345
46652 3114
46653 2509
46654 655
46655 804
46656 4477
46657 3115
46658 3190
46659 575
46660 876
46661 1266
46662 4123
46663 1368
46664 2873
46665 4279
46666 1130
46667 3926
46668 3503
46669 2874
46670 1399
46671 3347
46672 1346
46673 2698
46674 3247
46675 3819
46676 3209
46677 1169
46678 3309
46679 3915
46680 766
46681 735
46682 3972
46683 3303
46684 2062
46685 3789
46686 1455
46687 2330
46688 1044
46689 1806
46690 3110
46691 1423
46692 2626
46693 396
46694 3213
46695 3687
46696 1388
46697 1458
46698 172
46699 2847
46700 4054
46701 3647
46702 1833 2687
46703 3195
46704 1202
46705 4388
46706 4161
46707 1768
46708 1855
46709 4284
46710 1151
46711 3032
46712 3690
46713 1829
46714 2330 3167
46715 2416
46716 1683
46717 3209
46718 3532
46719 700
46720 1334
46721 3172
46722 2416
46723 1167 2675 4082
46724 352
46725 3532
46726 3485
46727 667
46728 4421
46729 2144
46730 1935
46731 2471
46732 435
46733 755
46734 1401
46735 2001
46736 3204
46737 2536
46738 3931
46739 1055
46740 3867
46741 862
46742 812
46743 390
46744 3552
46745 1113
46746 3316
46747 2417
46748 3188
46749 3084
46750 417
46751 1731
46752 1344
46753 2191
46754 1311
46755 13
46756 3683
46757 2964
46758 3259
46759 3128
46760 2001
46761 2688
46762 1167
46763 3942
46764 1889
46765 2560
46766 3833
46767 2109
46768 2099
46769 4184
46770 1492
46771 1115
46772 3945
46773 3176
46774 1278 1501 3697
46775 3374
46776 560
46777 2424
46778 2410
46779 1074
46780 596
46781 1777
46782 1836
46783 2960
46784 861
46785 3261
46786 2991
46787 3172
46788 1006
46789 831
46790 407
46791 1512
46792 822
46793 3997
46794 3204
46795 4059
46796 2057
46797 1441 1486
46798 895
46799 339
46800 3165
46801 2140
46802 2062
46803 4261
46804 303 3453
46805 2945
46806 2348
46807 1254
46808 883
46809 3557
46810 164 2847
46811 1776
46812 3584
46813 307
46814 793
46815 905
46816 4208
46817 1504
46818 3665
46819 4333
46820 1772
46821 1332
46822 743
46823 3188
46824 1036
46825 1349
46826 3382
46827 616
46828 850
46829 3829
46830 3427 3584
46831 3200
46832 3884
46833 2308
46834 3058
46835 3325
46836 2403 3857
46837 3293
46838 3209
46839 655
46840 2222
46841 4138
46842 2270
46843 3018
46844 3133
46845 733
46846 529
46847 3898
46848 3190
46849 296
46850 1250
46851 225
46852 3665
46853 3758
46854 292 2560
46855 3607
46856 10
46857 3193
46858 1115
46859 3741
46860 2834
46861 4021
46862 3560
46863 981
46864 1756
46865 1549
46866 321 339 419 2680 2884 3684 4193 4299
46867 1595
46868 2333
46869 327
46870 3806
46871 1783
46872 582
46873 2715
46874 4284
46875 618
46876 1746
46877 2785
46878 127
46879 948
46880 303
46881 2233
46882 829
46883 2984
46884 2639
46885 1812
46886 1601
46887 1983
46888 94
46889 715
46890 919
46891 3184
46892 16
46893 2496
46894 4447
46895 3969
46896 1798
46897 1645
46898 1274
46899 624
46900 2531
46901 1699
46902 4297
46903 2221
46904 3472
46905 582
46906 2671
46907 4073
46908 2979
46909 3397
46910 4474
46911 2689
46912 3665
46913 1089
46914 3212
46915 820
46916 1471
46917 1257
46918 4122
46919 2415
46920 398
46921 4199
46922 1653
46923 2460
46924 4058
46925 2600
46926 1430
46927 3131
46928 4094
46929 4476
46930 2054
46931 3441
46932 3665
46933 2756
46934 3831
46935 456
46936 3033
46937 4058
46938 3018
46939 752 1543
46940 127
46941 704
46942 4208
46943 3143
46944 4315
46945 2837
46946 3154
46947 830 2423
46948 3322
46949 1809
46950 749
46951 2570
46952 894
46953 376
46954 1426
46955 3154
46956 2653
46957 1603
46958 3368
46959 3325
46960 1767
46961 3875
46962 1439
46963 3435
46964 893
46965 2763
46966 2916
46967 2656
46968 2434
46969 876
46970 1982
46971 3825
46972 801
46973 2963
46974 3954
46975 2559
46976 1623
46977 3099
46978 2003
46979 216
46980 2820
46981 1675
46982 4157
46983 3208
46984 1188
46985 3892
46986 537
46987 2967
46988 3660
46989 4239
46990 1087
46991 2419
46992 3934
46993 2428
46994 1136
46995 3895
46996 657 2969
46997 3715
46998 3108
46999 3734
47000 3876
47001 2917 2919
47002 3898
47003 379
47004 1206
47005 1707
47006 742
47007 3146
47008 2652
47009 1441 1793
47010 2472
47011 3267
47012 1065
47013 3469
47014 1230
47015 640
47016 1580
47017 861
47018 850
47019 370
47020 2051
47021 3452
47022 3304 3803
47023 747
47024 1148
47025 1913
47026 1181
47027 381
47028 1060
47029 2525
47030 2230
47031 1429
47032 3391
47033 1511
47034 4428
47035 3200
47036 470
47037 1247
47038 3325
47039 834
47040 2969
47041 2694
47042 1469
47043 3200
47044 4304
47045 1036 3978
47046 4332
47047 114 3630 3662
47048 1218
47049 1326 1542
47050 638
47051 2062
47052 3486
47053 2578
47054 534 3251
47055 2763
47056 649
47057 1935
47058 2515
47059 3181
47060 3631
47061 1306 2081
47062 2001
47063 3795
47064 1632
47065 1194
47066 1575
47067 2749
47068 3821
47069 2501
47070 3668
47071 225
47072 402
47073 3754
47074 2654
47075 3401
47076 4226
47077 3033
47078 3938
47079 1545 2914
47080 3048
47081 3281
47082 87
47083 2845
47084 4335
47085 123
47086 2603
47087 1132
47088 3500
47089 2025
47090 3213
47091 2995
47092 1220
47093 1346
47094 1346
47095 3390
47096 2162
47097 2043
47098 3218
47099 3832
47100 3683
47101 3146
47102 1837
47103 878
47104 3218
47105 4438
47106 3922
47107 2606
47108 2289
47109 2078
47110 3204
47111 173
47112 356
47113 541
47114 3991
47115 2770
47116 376 4162
47117 3569
47118 2011
47119 1523 3690
47120 1349 1500 3221
47121 3471
47122 1294
47123 2395 3066
47124 3018
47125 4053
47126 4465
47127 209
47128 4230
47129 1251
47130 473
47131 2874
47132 2005
47133 3217
47134 965
47135 4071
47136 3345
47137 542
47138 2278
47139 2323
47140 2293
47141 4297
47142 651 3245
47143 1716
47144 1120
47145 262 1700 2081 3016
47146 634
47147 4341
47148 228 3666
47149 1099
47150 2986
47151 379
47152 10
47153 2322
47154 2627
47155 479
47156 303
47157 3284
47158 1424
47159 136
47160 1457 1469
47161 717
47162 1913
47163 2518
47164 3209
47165 745
47166 1111
47167 537
47168 1304
47169 3819
47170 954
47171 914
47172 875
47173 408
47174 733
47175 2988
47176 3525
47177 990
47178 303 338 346
47179 491
47180 2860 4315 4355
47181 3219
47182 4382
47183 3854
47184 1610
47185 4066
47186 3245
47187 4265
47188 4038
47189 3892
47190 2751
47191 674 3246
47192 1371
47193 624
47194 1346
47195 1504
47196 372
47197 2376
47198 1844
47199 1267
47200 1311
47201 2520
47202 713
47203 1221
47204 3188
47205 2392
47206 265
47207 2481
47208 919
47209 1959
47210 3209
47211 3899
47212 409
47213 4086
47214 1907
47215 2520
47216 894
47217 3828
47218 362
47219 1087
47220 3663
47221 30
47222 3791
47223 30
47224 342
47225 500 1060 4221
47226 971
47227 3604
47228 3960
47229 3792
47230 1160
47231 764
47232 3188
47233 2848
47234 4366
47235 2999
47236 1823
47237 995
47238 745 3578
47239 4122
47240 3552
47241 860
47242 2164
47243 403
47244 3207
47245 1754
47246 4025
47247 1787
47248 1346
47249 2847
47250 3215
47251 1058
47252 1236
47253 2950
47254 2653
47255 2957
47256 757 2951
47257 634 1766
47258 915 1455 1471 2074
47259 3917
47260 887
47261 343
47262 3732
47263 3826
47264 3180
47265 1274 2009
47266 3336
47267 3516
47268 2440
47269 1689
47270 3871
47271 3624
47272 2427
47273 3743
47274 2217
47275 473
47276 1718
47277 3671
47278 473
47279 2666
47280 149
47281 864 3190
47282 1347
47283 2461
47284 4298
47285 1108
47286 338 2207
47287 538
47288 441
47289 3312
47290 1862
47291 893
47292 877
47293 466
47294 4436
47295 3441
47296 2000
47297 3917
47298 1934
47299 3312
47300 596
47301 3124
47302 574
47303 3147
47304 3577
47305 1041
47306 1634
47307 372
47308 470 802 827 846 1062 1252
47309 3533
47310 2698
47311 1664
47312 1004
47313 390 793
47314 3317
47315 2243
47316 3407
47317 470
47318 3638
47319 3228
47320 1512
47321 1596
47322 3317
47323 470
47324 1206
47325 2686
47326 2798
47327 271
47328 835
47329 935
47330 3505
47331 420
47332 1253
47333 2826
47334 1258
47335 217
47336 381 408 844 3301
47337 470
47338 574
47339 1236
47340 3096
47341 2010
47342 508
47343 3404
47344 812
47345 381 1934
47346 2995
47347 3833
47348 3316
47349 2002
47350 1122
47351 2452
47352 211
47353 3754
47354 733
47355 1331
47356 1234
47357 1718
47358 470 3770
47359 733
47360 1257 1258
47361 857
47362 1719
47363 1973
47364 1097
47365 3452
47366 1323
47367 3875
47368 3312
47369 3325
47370 595
47371 1206
47372 1718
47373 2838
47374 2636
47375 416
47376 471
47377 473 611 2626
47378 799
47379 3479
47380 473 474
47381 1341
47382 4060
47383 2718
47384 1801
47385 3452
47386 469
47387 814
47388 1831
47389 3299
47390 3312
47391 1250
47392 3325
47393 3218
47394 752
47395 894
47396 3316
47397 595
47398 1719
47399 1860
47400 4216
47401 1323
47402 933
47403 774
47404 2273 2564
47405 624
47406 2057
47407 489
47408 1719
47409 1669
47410 894
47411 1344
47412 3758
47413 2001
47414 1337
47415 3915
47416 3578
47417 3323
47418 3506
47419 941
47420 2591
47421 934
47422 3336
47423 4219
47424 3425
47425 1236
47426 758
47427 3301
47428 3326
47429 1179
47430 751 840 1296 1332 1934
47431 2610
47432 1437
47433 1150
47434 2676
47435 3748
47436 1294
47437 181
47438 3406
47439 2718
47440 822
47441 2367
47442 1254
47443 828
47444 1593
47445 1798
47446 465 470
47447 1819
47448 3505
47449 1979 3165
47450 990
47451 492
47452 846 1932
47453 824
47454 2311
47455 1299
47456 1070
47457 3565
47458 820 2391
47459 369 625
47460 1717
47461 2063
47462 733 1232 3471 4433
47463 836
47464 3227
47465 971
47466 3269
47467 836
47468 1598
47469 471
47470 4268
47471 470
47472 3987
47473 816 1599
47474 820
47475 1461
47476 1257
47477 1795
47478 1254
47479 850
47480 3565
47481 3715
47482 1932
47483 489
47484 486
47485 2760
47486 3739
47487 839
47488 933
47489 3305
47490 2317
47491 1800
47492 1627
47493 258
47494 2666
47495 813
47496 934
47497 3855
47498 842
47499 2267
47500 1063
47501 820 3334
47502 1251 1264
47503 344
47504 3133
47505 738
47506 2953 2992
47507 2439
47508 196
47509 3524
47510 1935
47511 813
47512 636 3693
47513 2331
47514 737
47515 3485
47516 2927
47517 3806
47518 1624
47519 470
47520 3710
47521 1235
47522 3522
47523 2044 4225
47524 1409
47525 3991
47526 3332 3337
47527 1425 3454
47528 1941
47529 820
47530 3187
47531 1188
47532 3706
47533 1257
47534 3560
47535 3325
47536 1105
47537 915
47538 3806
47539 853
47540 3337
47541 369
47542 470
47543 3705
47544 1320
47545 840
47546 2770
47547 387
47548 1053
47549 3996
47550 3916
47551 906
47552 1071
47553 3507
47554 1718
47555 802
47556 470
47557 274 290 846
47558 2426
47559 459
47560 3208
47561 3417
47562 215
47563 127
47564 831
47565 1251
47566 3154
47567 492
47568 1097
47569 353
47570 1335
47571 2000 2953
47572 1819
47573 793
47574 3685
47575 1944
47576 3300
47577 623
47578 933
47579 3385
47580 426
47581 470
47582 866
47583 1322
47584 4396
47585 1260
47586 3317
47587 3705
47588 2843
47589 660
47590 1382
47591 794
47592 420
47593 939
47594 473 934
47595 2854
47596 54
47597 304
47598 672
47599 2771
47600 1682
47601 1055
47602 1471
47603 1914
47604 1341
47605 1677
47606 4057
47607 2916
47608 2061
47609 4475
47610 1120
47611 3190
47612 3250
47613 1195
47614 620 621 1530 1604 2007 2886 2984
47615 2849
47616 2095
47617 4379
47618 2635
47619 272
47620 134
47621 3213
47622 4308
47623 3210
47624 3792
47625 1003
47626 1446
47627 315
47628 3132
47629 1418
47630 905
47631 2451
47632 1862
47633 2050
47634 1061
47635 2652
47636 3820
47637 4011
47638 2026 4447
47639 1120
47640 1498
47641 1319
47642 1773
47643 800
47644 4372
47645 3263
47646 910
47647 1492
47648 2856
47649 1183
47650 1037
47651 3889
47652 1155
47653 3933
47654 4115
47655 3348
47656 4235
47657 3207
47658 80
47659 680
47660 2521 3598
47661 401
47662 369
47663 2013
47664 3465
47665 390
47666 3524
47667 995
47668 2575
47669 228 1469
47670 394
47671 2057 3008
47672 549
47673 4271
47674 1260
47675 1148
47676 1492
47677 295
47678 3210
47679 1978
47680 733 751 3154
47681 1122
47682 1388
47683 4171
47684 3769
47685 22
47686 829
47687 62
47688 820 1933
47689 2371
47690 2371
47691 3525
47692 1520
47693 2371
47694 3492
47695 882
47696 4333
47697 1199
47698 3109
47699 2541
47700 2873
47701 4181
47702 2796
47703 166
47704 3771
47705 1955
47706 478
47707 2518
47708 2648
47709 3666
47710 1236
47711 2371
47712 2541
47713 3190
47714 2863
47715 4204
47716 3305
47717 669 2982
47718 3824 4193 4430
47719 3092
47720 1636
47721 2386
47722 3665
47723 2057
47724 4327
47725 999
47726 4203
47727 242 297 588 1025 1467 1833 2081 2914 3000 3000 3002 3816 4455
47728 632
47729 589 4070
47730 3594
47731 3618
47732 3589
47733 1797 2579
47734 1955
47735 15
47736 3217
47737 215 2950
47738 3182
47739 3228
47740 2654 2654 2654
47741 2992
47742 1958
47743 842
47744 326
47745 1441
47746 3267 3770 4011
47747 294
47748 2029
47749 868
47750 1616
47751 2924 4424
47752 2163 4179
47753 468
47754 1663
47755 2590
47756 1536
47757 1181 2801
47758 4316
47759 3986
47760 3165
47761 1087
47762 1206
47763 694
47764 361
47765 3187
47766 3218
47767 342
47768 2473
47769 2837
47770 1578
47771 3758
47772 2536
47773 217
47774 3982
47775 1693 2910 3037
47776 339 1305
47777 2587
47778 3486
47779 1773
47780 2850
47781 1469 1926 2004 3013 3091 3092
47782 2809
47783 2926
47784 1748
47785 633 1369
47786 507 1448
47787 3215
47788 2001
47789 693 1399
47790 2717
47791 1872
47792 2275
47793 2715
47794 2185
47795 2597
47796 175
47797 2914
47798 1485
47799 1715
47800 1570
47801 2969
47802 787
47803 136
47804 3902
47805 905 3922
47806 1060
47807 4137
47808 1910
47809 3462
47810 3593
47811 3378
47812 4403
47813 225 699
47814 3569
47815 2771
47816 3217
47817 3795
47818 399
47819 23
47820 3809
47821 3097 3194
47822 1195 1306 3383 3526
47823 4044
47824 3793
47825 2001
47826 1446
47827 1047
47828 1418
47829 1640
47830 3506
47831 1886
47832 2531
47833 1751
47834 2641
47835 1975
47836 1455
47837 4149
47838 3058
47839 4094
47840 596 2772
47841 1392
47842 1029
47843 473
47844 3484
47845 745 1593
47846 3200
47847 1527
47848 4447
47849 4382
47850 172 2969 3154
47851 676
47852 732
47853 3809
47854 2581
47855 620 983 1410 1518 1624 1797 3171
47856 2260
47857 1351
47858 435
47859 3635
47860 4221
47861 737
47862 3475
47863 1274
47864 917
47865 3946
47866 2851
47867 209
47868 1923
47869 1004
47870 2928 2945 3014
47871 3601
47872 3718
47873 1406
47874 3218
47875 1116
47876 1646
47877 3692
47878 3083
47879 4055
47880 4446
47881 2769 3427
47882 3645
47883 880
47884 861
47885 3739
47886 1335
47887 652
47888 2717
47889 2001
47890 793
47891 820
47892 1611
47893 1196
47894 1320
47895 2086
47896 2964
47897 2860
47898 3017
47899 660
47900 324
47901 2081 3950
47902 1858
47903 4357
47904 734
47905 683
47906 2700
47907 3316
47908 2785
47909 3776
47910 4475
47911 4389
47912 2539
47913 574 3803
47914 2307 2698 3664
47915 1227
47916 3358
47917 4373
47918 2421
47919 3098
47920 1683
47921 1482
47922 3677
47923 624
47924 1118
47925 539
47926 4197
47927 1667
47928 3330
47929 1149
47930 3498
47931 493
47932 905
47933 2950 2975
47934 1423
47935 2811
47936 1337
47937 322
47938 4247
47939 4096
47940 2056
47941 1539
47942 4147
47943 1802
47944 27
47945 138
47946 3113
47947 228 331 2904
47948 13
47949 4246
47950 32
47951 326 1446 1656
47952 2692
47953 2565
47954 59
47955 84
47956 1539
47957 111
47958 61
47959 2992
47960 1547
47961 4392
47962 1869
47963 733
47964 2864
47965 531
47966 3777
47967 2742
47968 3894
47969 3216
47970 797
47971 3329
47972 745
47973 741
47974 1223
47975 656
47976 4124
47977 1236
47978 1288
47979 2689
47980 1727
47981 1802
47982 1388
47983 2792
47984 3892
47985 736
47986 4179
47987 3093
47988 746
47989 4219
47990 3214
47991 3208
47992 3217
47993 2001
47994 3216
47995 738
47996 3200
47997 4230
47998 3047
47999 3552
48000 1882
48001 527 3417
48002 4009
48003 1046
48004 2212
48005 4074
48006 4251
48007 4315
48008 3210
48009 3215
48010 289
48011 1911
48012 3593
48013 444 2929
48014 4056
48015 3571
48016 3248
48017 1525
48018 2504
48019 3546
48020 1126
48021 530
48022 4004
48023 806
48024 219 497
48025 2951
48026 3953
48027 3200
48028 4358
48029 3179
48030 3190
48031 4124
48032 3296
48033 1781
48034 2154
48035 3209
48036 4211
48037 347
48038 3414
48039 2810
48040 1983
48041 2458
48042 2603
48043 2521
48044 468
48045 921
48046 964
48047 1128
48048 923
48049 3335
48050 4007
48051 1422
48052 4334
48053 1224
48054 396
48055 2795
48056 3731
48057 526
48058 2340
48059 3396
48060 1812
48061 4302
48062 3189
48063 1335
48064 335
48065 3465
48066 3961
48067 71
48068 1131
48069 3250
48070 3441
48071 1316
48072 3285
48073 1311 2046 4212
48074 3294
48075 1418
48076 3718
48077 3208
48078 171
48079 922
48080 923
48081 3906
48082 2684
48083 1236
48084 3806
48085 2544
48086 1235
48087 2837
48088 4073
48089 2900 2901 3013
48090 2563
48091 934
48092 1469 3858 4086 4491
48093 2299
48094 2927
48095 363
48096 3163
48097 2900
48098 2598
48099 2481
48100 278
48101 3769
48102 3504
48103 957
48104 2930
48105 4332
48106 3626
48107 2653
48108 4123
48109 3465
48110 2969
48111 510
48112 1399
48113 281
48114 1771
48115 1033
48116 4324
48117 77
48118 703
48119 1349
48120 666
48121 2234
48122 2095
48123 159
48124 2081 4145
48125 2305
48126 3682
48127 901
48128 4284
48129 3583
48130 3129
48131 462
48132 4415
48133 3016
48134 3572 4255
48135 321 324 3158 3379
48136 2409
48137 339
48138 4037
48139 1929
48140 512
48141 2994
48142 1768
48143 3748
48144 2857
48145 134 1446 1446 1574 2826
48146 1372
48147 3128
48148 45
48149 3012
48150 2633
48151 4194
48152 3934
48153 2062
48154 3480
48155 2811
48156 2992
48157 3594
48158 163 189
48159 182 1892
48160 2927
48161 3132
48162 3217 3597
48163 2459
48164 106
48165 3190
48166 4363
48167 1423
48168 2284
48169 1418
48170 1683
48171 3843
48172 1389
48173 3508
48174 2147
48175 2038
48176 394
48177 2454
48178 87
48179 3996
48180 2858
48181 3973
48182 1774
48183 733
48184 3088
48185 4184
48186 4171
48187 1452 2610
48188 3003
48189 1754
48190 2548 2984
48191 2969
48192 1702
48193 3096
48194 3797
48195 3741
48196 2618
48197 2783
48198 1579
48199 1288
48200 531
48201 3645
48202 3986
48203 2743
48204 2642
48205 341
48206 191
48207 1277
48208 4378
48209 4099
48210 3173
48211 4172
48212 4197
48213 2827
48214 4292
48215 767
48216 3770
48217 2908
48218 1335
48219 874
48220 2950
48221 3078
48222 425
48223 153
48224 3218
48225 4496
48226 1902
48227 4018
48228 1311
48229 1473 1636 2467
48230 895
48231 2718
48232 268
48233 1892 2056
48234 793
48235 3223
48236 2565
48237 2587
48238 3990
48239 2490
48240 396
48241 1875
48242 2808
48243 1505
48244 3489
48245 3824
48246 739
48247 737
48248 1521
48249 1045
48250 568 3513
48251 294
48252 3347
48253 1202
48254 3930
48255 1334
48256 4294
48257 2000
48258 4389
48259 2713
48260 1149
48261 3331
48262 3113
48263 892
48264 3993
48265 2540
48266 3188
48267 2628
48268 1374
48269 3293
48270 510
48271 877
48272 4009
48273 870
48274 3736
48275 1757
48276 2490
48277 1784
48278 96
48279 2722
48280 3790
48281 1880
48282 3608
48283 4317
48284 4168
48285 261
48286 3988
48287 2809 3385
48288 2123
48289 1316
48290 4089
48291 2982
48292 3148
48293 3512
48294 3634
48295 1486
48296 3660
48297 331
48298 1535
48299 2222
48300 4183
48301 1990
48302 2950
48303 3974
48304 350
48305 3349
48306 3382
48307 298
48308 3499
48309 1372
48310 2616
48311 2717
48312 3933
48313 3721
48314 2818
48315 2612 2840
48316 2295
48317 3445
48318 1517
48319 2434
48320 990
48321 4348
48322 2057
48323 115
48324 2565
48325 3204
48326 4045
48327 125
48328 4335
48329 92
48330 2571
48331 2055
48332 4459
48333 2802
48334 3717
48335 567
48336 33
48337 3895
48338 3786
48339 4121
48340 4037
48341 2907
48342 3936
48343 3742
48344 1274
48345 687
48346 1469
48347 2401
48348 1947
48349 2910
48350 372
48351 188
48352 3234
48353 4046
48354 1287
48355 309 332 1661 3690
48356 2960
48357 1227
48358 1028
48359 3662
48360 3137 3165
48361 129
48362 3769
48363 4173
48364 2217
48365 4234
48366 2860
48367 317
48368 85
48369 4071
48370 1782
48371 2771
48372 83
48373 3677
48374 2591
48375 249
48376 1422 4211
48377 778
48378 3011 4462
48379 2805
48380 3201
48381 735
48382 1274
48383 3663
48384 1340
48385 2642
48386 2050
48387 3311
48388 2686
48389 864
48390 3858
48391 1008
48392 3208
48393 933
48394 867
48395 1164
48396 2749
48397 1211
48398 905
48399 960
48400 3873
48401 745 1669
48402 3441
48403 3502
48404 3289
48405 3267
48406 633
48407 3729
48408 1174
48409 596
48410 1318
48411 594
48412 733 1786
48413 3409
48414 3245
48415 386
48416 1048
48417 519
48418 1052
48419 1469
48420 499
48421 274 1932
48422 754
48423 3731
48424 733
48425 3423
48426 3987
48427 841
48428 1062
48429 966
48430 1253
48431 1529
48432 1254
48433 470
48434 3218
48435 1346
48436 3754
48437 1399
48438 1456
48439 367
48440 561
48441 2618
48442 3269
48443 3831
48444 1020
48445 3341
48446 1598
48447 3790
48448 916 3097
48449 2057
48450 735
48451 3312
48452 1118
48453 851
48454 3708
48455 3190
48456 3027
48457 2849
48458 3392
48459 3641
48460 4326
48461 2848
48462 3523
48463 3922
48464 713
48465 2396
48466 1747
48467 3618
48468 3575
48469 2596
48470 469 3806
48471 2160 2982 3693
48472 761
48473 3237
48474 980 1349
48475 3250
48476 1724
48477 2714
48478 3
48479 1450
48480 1197
48481 2856
48482 2404
48483 3396
48484 292
48485 1727
48486 274
48487 369
48488 2540
48489 4254
48490 1390
48491 3793
48492 1117
48493 311
48494 4412
48495 585
48496 2722
48497 2330
48498 2797
48499 3851
48500 445
48501 1116
48502 3217
48503 3726
48504 2714
48505 1075
48506 178
48507 361
48508 346
48509 132
48510 2650
48511 2706
48512 3876
48513 2960
48514 326
48515 1328
48516 3770
48517 2769
48518 2172
48519 955 2950
48520 1454
48521 1206
48522 2910
48523 3420
48524 417
48525 2854
48526 134
48527 3820
48528 679
48529 3132
48530 1276
48531 3765
48532 2107 2652
48533 1150
48534 1043
48535 1649
48536 3829
48537 2864
48538 2678
48539 459
48540 4394
48541 3665
48542 2655
48543 2664
48544 2910
48545 396
48546 337
48547 146
48548 1423
48549 4046
48550 2791
48551 180
48552 1365
48553 3604
48554 2502
48555 2736
48556 2062
48557 1955
48558 1106
48559 1605
48560 1149
48561 2879
48562 3162
48563 4025
48564 793
48565 3487
48566 1006
48567 3633
48568 4429
48569 1883
48570 1958
48571 3855
48572 1011
48573 171 3251 3929 4284
48574 4291
48575 4294
48576 4197
48577 2360
48578 1680 3732
48579 3384 4340
48580 3889
48581 1013
48582 3471
48583 3190
48584 4295
48585 3165
48586 76
48587 2384
48588 3880
48589 3102
48590 1418 1870 2851
48591 3212
48592 3212
48593 3450
48594 1212
48595 294
48596 1177
48597 4333
48598 2643
48599 283
48600 2587
48601 2215
48602 4066
48603 339
48604 3938
48605 192
48606 2057
48607 1589
48608 2497
48609 1469
48610 451
48611 1492
48612 3427
48613 2105
48614 3217
48615 907 1797
48616 2761
48617 3204
48618 3153
48619 137
48620 4492
48621 3369
48622 3818
48623 3154
48624 3391
48625 1524
48626 820
48627 2001
48628 3190
48629 3496
48630 960
48631 732
48632 4190
48633 2267
48634 1562
48635 783
48636 3165
48637 1120
48638 1698 2905
48639 2290
48640 2969
48641 1060 1545 3499
48642 2281
48643 2634
48644 465
48645 2081
48646 2285
48647 745
48648 465
48649 1236
48650 3980
48651 3250
48652 925
48653 1539
48654 3217
48655 2348
48656 908
48657 825
48658 338 397 754 784 1527 3454
48659 2382
48660 2585
48661 4329
48662 923
48663 1058
48664 2562
48665 4126
48666 3204
48667 3973
48668 489
48669 3218
48670 522
48671 2994
48672 1707
48673 4468
48674 4442
48675 3719
48676 470 758
48677 3531
48678 2340
48679 1218
48680 3201
48681 3600
48682 1121
48683 3167
48684 2486
48685 827
48686 3114
48687 624 3052
48688 227 3499
48689 3778
48690 3528
48691 3736
48692 2514
48693 1502
48694 793
48695 3632
48696 2471
48697 719
48698 3187
48699 2752
48700 656
48701 3145
48702 3728
48703 3020
48704 2057
48705 4330
48706 3941
48707 1954
48708 2025
48709 2799
48710 2544
48711 1487
48712 3633
48713 61
48714 1650
48715 2571
48716 2845
48717 976
48718 711
48719 3165
48720 978
48721 392
48722 141
48723 2180
48724 1108
48725 3968
48726 1761
48727 3188
48728 2860
48729 3666
48730 2770
48731 2535
48732 4330
48733 419
48734 3632
48735 1236
48736 1387
48737 880
48738 3005 4157
48739 3941
48740 2163
48741 2431
48742 1211
48743 394
48744 1117
48745 213
48746 626
48747 4244
48748 2808
48749 1115
48750 3713
48751 3927
48752 1325
48753 3810
48754 1615
48755 1940
48756 3920
48757 3957
48758 1468
48759 600 3250
48760 1348
48761 1570
48762 3490
48763 2699
48764 1894
48765 134
48766 3754
48767 2739
48768 669
48769 4074
48770 1315
48771 473 1323
48772 225
48773 1064
48774 470
48775 3356
48776 2118
48777 3754
48778 1327
48779 4068
48780 3340
48781 2008
48782 3219
48783 2324
48784 189 189
48785 930
48786 2073 2238
48787 3000
48788 3137
48789 2739
48790 393 393 526 723 838 2687
48791 934
48792 444 655
48793 3133
48794 4284
48795 447
48796 3160
48797 1494
48798 1284
48799 3215
48800 1875
48801 4427
48802 1894
48803 1881
48804 3685
48805 735
48806 4209
48807 2174
48808 3737
48809 1188
48810 12
48811 2421
48812 3959
48813 543 2754
48814 669
48815 3501
48816 4028
48817 4229
48818 1473 3105 3910
48819 106
48820 3204
48821 1974
48822 2238
48823 3163
48824 2534
48825 2961
48826 1939 4003
48827 1839 2678
48828 756
48829 454
48830 2348
48831 1029
48832 2848
48833 4031
48834 2001
48835 2732
48836 2917
48837 1196
48838 795
48839 1870
48840 3228
48841 4039
48842 3218
48843 2669
48844 4173
48845 800
48846 4364
48847 4397
48848 1793
48849 3157
48850 2222
48851 2615
48852 1875
48853 721 2742
48854 3779
48855 4074
48856 4215
48857 3241
48858 844 3231
48859 3982
48860 2188
48861 2908 3091
48862 565
48863 80
48864 3208
48865 2737
48866 2466
48867 80
48868 669
48869 1547
48870 1196 3832
48871 3156
48872 473
48873 1176
48874 1796
48875 675
48876 497
48877 2945
48878 1451
48879 2097
48880 358
48881 4344
48882 2477
48883 3935
48884 2111
48885 2555
48886 3626
48887 1064
48888 11
48889 1645
48890 2550
48891 561
48892 3798
48893 228
48894 3996
48895 1236
48896 3944
48897 2564
48898 1019
48899 2565
48900 534
48901 1469 1486 3008 3087
48902 681
48903 4190
48904 3189
48905 3668
48906 2053
48907 1310
48908 735
48909 598
48910 4080
48911 369
48912 1595
48913 632 810 3332 4062
48914 1187
48915 3321
48916 1078
48917 3422
48918 3227
48919 637 1009 3925
48920 3157
48921 1741
48922 4123
48923 1979
48924 3868
48925 3866
48926 2032
48927 1833 2573 2929
48928 76
48929 2910
48930 3527
48931 4029
48932 2234
48933 3630
48934 412
48935 4227
48936 1357
48937 458
48938 952
48939 2108
48940 3754
48941 4385
48942 3737
48943 1333
48944 1503
48945 1472
48946 1767
48947 1044
48948 4184
48949 3451
48950 2491
48951 296
48952 3654
48953 1671
48954 3661
48955 2565
48956 1316
48957 1905
48958 736
48959 1694 4075
48960 4080
48961 1342
48962 1748
48963 3768
48964 863
48965 734 1143 2144
48966 3451
48967 561
48968 436
48969 3200
48970 405 1926 3334
48971 4221
48972 510
48973 660
48974 513
48975 2424
48976 1778
48977 1342
48978 5
48979 2615
48980 3044
48981 2400
48982 1469
48983 800
48984 349
48985 2281
48986 4201
48987 1868
48988 2687 3653
48989 2943
48990 18
48991 2414
48992 327
48993 1316
48994 4366
48995 655
48996 1013
48997 1440
48998 3563
48999 3758
49000 3586
49001 329
49002 628
49003 1150
49004 2027 4020
49005 2873
49006 339
49007 2420
49008 473
49009 218
49010 1561
49011 3285
49012 4134
49013 4283
49014 2649
49015 1360
49016 1926
49017 4297
49018 639 3285
49019 4182
49020 2115
49021 294
49022 2074 2466
49023 2846
49024 3471
49025 87
49026 2969
49027 4398
49028 946
49029 630
49030 4343
49031 4257
49032 2390
49033 695
49034 2342
49035 717
49036 4229
49037 4007
49038 465
49039 2647
49040 2471
49041 2107
49042 3441
49043 2691
49044 2555
49045 4378
49046 4396
49047 1666
49048 2953 2992
49049 4466
49050 209
49051 3849
49052 1278
49053 1321
49054 987
49055 2441
49056 4495
49057 749
49058 2973
49059 548
49060 2168
49061 1457
49062 2652
49063 1036 2960
49064 1316
49065 2319
49066 3581
49067 4007
49068 924 2377
49069 3411
49070 3506
49071 1617
49072 1118
49073 1565
49074 2803
49075 3831
49076 799
49077 3717
49078 3960 4085
49079 4458
49080 655 1026
49081 3718
49082 2400
49083 2980
49084 4023
49085 1655
49086 4491
49087 215
49088 2322
49089 1595
49090 2751
49091 3493
49092 366
49093 532
49094 1949
49095 2515
49096 1490
49097 587
49098 2848
49099 3137
49100 2512
49101 2914 2935 3157
49102 3934
49103 1977
49104 2247
49105 705
49106 3029
49107 3029
49108 2260
49109 2824
49110 1113
49111 1341
49112 3042
49113 3047
49114 4142
49115 2811 3682
49116 1316 2964
49117 2700
49118 3685
49119 3858
49120 3213
49121 3590
49122 4148
49123 3422
49124 2848
49125 1764
49126 3208
49127 4340
49128 1
49129 102
49130 3399
49131 1826
49132 4297
49133 1512
49134 429
49135 1058
49136 3462
49137 4118
49138 657
49139 3567
49140 191
49141 2514
49142 3946
49143 10
49144 4364
49145 197
49146 3390
49147 39
49148 2599 3025 4033
49149 3573
49150 3794
49151 66
49152 3449
49153 2821
49154 85
49155 714
49156 18
49157 3648
49158 544 4299
49159 1994
49160 2828
49161 2529
49162 2631
49163 2631
49164 2383
49165 3564
49166 2880
49167 1940
49168 2982
49169 4435
49170 2992
49171 3333
49172 3908
49173 3559
49174 2407
49175 3520
49176 3251
49177 1576
49178 2044
49179 3144
49180 3748
49181 3334
49182 1097
49183 650
49184 2219
49185 836
49186 798 3858
49187 1006
49188 2294
49189 2266
49190 281
49191 3034
49192 2766
49193 3385
49194 460
49195 4280
49196 3151
49197 3744
49198 4446
49199 2748
49200 1058
49201 2666
49202 936
49203 2230
49204 1988
49205 3769
49206 1282
49207 2958
49208 3262
49209 2745
49210 18
49211 4277
49212 4096
49213 3406
49214 1771
49215 3876
49216 2687
49217 2645
49218 883
49219 1540
49220 1041
49221 2125
49222 3888
49223 4101
49224 1867
49225 967
49226 123 684 2531 3539
49227 390
49228 1502
49229 572
49230 3259
49231 3366
49232 2686
49233 1870
49234 1897
49235 139
49236 1556
49237 1138
49238 1412
49239 3614
49240 2456
49241 2860
49242 3553
49243 1264
49244 2653
49245 3726
49246 3684
49247 4327
49248 2559
49249 1593
49250 460
49251 3927
49252 3190
49253 1061
49254 3051
49255 2358
49256 3041
49257 3606
49258 3759
49259 1422
49260 1349
49261 3245
49262 793 3426
49263 1177
49264 2371
49265 1060
49266 1069
49267 3840
49268 4148
49269 1223
49270 1392
49271 140
49272 971
49273 488
49274 1311
49275 3629
49276 3439
49277 3054
49278 2436
49279 1964
49280 1223
49281 2980
49282 632 1411
49283 2737
49284 2874
49285 77
49286 1052
49287 477
49288 1553 2531 2653 2654
49289 3331
49290 390
49291 2231
49292 3397
49293 1669
49294 1492
49295 539
49296 470
49297 3003
49298 419 2698
49299 3796
49300 1117
49301 376
49302 2771
49303 4459
49304 538
49305 308
49306 2556
49307 1797 2960
49308 1549
49309 367
49310 1581
49311 4296
49312 1479
49313 399
49314 4162
49315 289
49316 1951
49317 1223
49318 1993
49319 2041
49320 3471
49321 1876
49322 719
49323 844 1199 1463
49324 4129
49325 2845
49326 339 507
49327 154
49328 184
49329 157
49330 1405
49331 3737
49332 3224 3408
49333 3643
49334 1509
49335 1115
49336 1168
49337 1564
49338 3208
49339 3787
49340 1734
49341 3758
49342 2304
49343 2529
49344 2072
49345 2044
49346 2534 2837
49347 21
49348 254
49349 3748
49350 2412
49351 187
49352 4382
49353 2686
49354 3280
49355 3170
49356 4112
49357 1738
49358 3422
49359 3423
49360 2973
49361 2994
49362 1392
49363 2632
49364 1542
49365 3105
49366 3386
49367 3833
49368 2825
49369 3250
49370 1266 1784
49371 935
49372 2492
49373 1182
49374 2257
49375 388
49376 3543
49377 3554
49378 1043
49379 2993
49380 3397
49381 1189
49382 1613
49383 2991
49384 1260
49385 3903
49386 490
49387 2057
49388 2712
49389 2548
49390 3890
49391 3579
49392 1163
49393 444 2666
49394 2480
49395 1774
49396 2917 4291
49397 2086
49398 3633
49399 505
49400 1992
49401 4202
49402 4413
49403 1616
49404 2960
49405 1074
49406 380 386 1289 1797 2070
49407 1240
49408 1995
49409 888
49410 2608
49411 3277
49412 743
49413 704
49414 2808
49415 3992
49416 211
49417 525
49418 2130
49419 255
49420 4032
49421 2356
49422 988
49423 3601
49424 689
49425 1206
49426 973
49427 2892
49428 3915
49429 3032
49430 1869
49431 2908
49432 901
49433 4259
49434 2095
49435 4306
49436 3241
49437 4120
49438 876 2403
49439 3700
49440 2641
49441 4399
49442 2981
49443 2520
49444 2394
49445 1812
49446 2696
49447 4051
49448 149
49449 1198
49450 876
49451 2587
49452 902
49453 3534
49454 4429
49455 2480
49456 577 3535
49457 599
49458 2990
49459 2483
49460 4008
49461 684
49462 2643
49463 3563
49464 4053
49465 514 1357 1654 3583 3824
49466 2963
49467 3929
49468 103
49469 2012
49470 754
49471 391
49472 1081
49473 326 327 349 959
49474 3190
49475 3045
49476 1451
49477 1847
49478 3770
49479 1058
49480 1250
49481 479
49482 3766
49483 3929
49484 1004
49485 2881
49486 1744
49487 3880
49488 3560
49489 1086
49490 3308
49491 432
49492 1149
49493 1894
49494 1286
49495 255 2911
49496 3682
49497 248 1794
49498 3218
49499 4365
49500 1994
49501 359
49502 1342
49503 1722
49504 576
49505 3482
49506 2001
49507 524
49508 3285
49509 1589
49510 540
49511 3934
49512 397
49513 137
49514 1798
49515 4126
49516 1062
49517 436
49518 363
49519 1341
49520 2202
49521 1371
49522 2218
49523 1940
49524 2483
49525 901
49526 894
49527 1636
49528 4411
49529 248 526 587 1015 1783
49530 3251
49531 1236
49532 1469 4284
49533 18
49534 3815
49535 762
49536 1725
49537 935
49538 2747
49539 1455 1472 3493 3496 3498 4263
49540 693
49541 3669
49542 4209
49543 1875
49544 604
49545 3245
49546 2186
49547 2996
49548 4194
49549 1861
49550 1169
49551 1040
49552 3379
49553 1840
49554 3826
49555 2167
49556 2886
49557 3209
49558 723
49559 2653 2837
49560 1343
49561 824
49562 1140
49563 1027 1369
49564 784
49565 1621
49566 3219
49567 275
49568 2960
49569 1345
49570 1804
49571 3880
49572 3728
49573 2057
49574 876
49575 902
49576 737
49577 2587
49578 2101
49579 4182
49580 1521
49581 2847
49582 4162
49583 1894
49584 4319
49585 3424
49586 126
49587 764
49588 1790
49589 1087
49590 3187
49591 1654
49592 233
49593 1254
49594 1680 3190
49595 905 2057
49596 2063
49597 3016
49598 2510
49599 1944
49600 3814
49601 876
49602 3412 3412
49603 817
49604 85
49605 797
49606 2715
49607 3318
49608 3383 3638 3664
49609 2904
49610 2616
49611 438
49612 3599
49613 936
49614 2161
49615 184
49616 3207
49617 2185
49618 986
49619 3442
49620 203 856 4058
49621 2767
49622 4162
49623 2622
49624 83
49625 545
49626 895
49627 2979
49628 4011
49629 539
49630 2960
49631 3441
49632 1621 2435 2613 2729 2751 3209 4127
49633 1060
49634 1741
49635 2471
49636 3798
49637 497
49638 470
49639 811
49640 3254
49641 3660
49642 1545
49643 3188
49644 4359
49645 905
49646 1812
49647 3690
49648 1184
49649 3764
49650 1236
49651 1277 2900
49652 1082
49653 599
49654 4245
49655 687
49656 2646
49657 2820
49658 3325
49659 3595
49660 2100
49661 1941
49662 1831
49663 767 943 1797
49664 476
49665 877
49666 3214
49667 807
49668 2083
49669 1465
49670 3626
49671 1242
49672 510
49673 2876
49674 2093
49675 1553
49676 745
49677 3217
49678 4283
49679 1038
49680 3334
49681 2945
49682 3417
49683 1522
49684 2531
49685 1025
49686 3095
49687 3410
49688 3200
49689 3278
49690 3044
49691 3011
49692 4312
49693 2575
49694 3972
49695 2933
49696 883
49697 3383 3759
49698 877
49699 3063
49700 2919
49701 1057
49702 1417 3528
49703 74
49704 820
49705 3542
49706 3591
49707 3915
49708 473
49709 148
49710 1351
49711 1039
49712 2040
49713 3190
49714 530
49715 2960 3096
49716 3569 3972
49717 3317
49718 3936
49719 3262
49720 563
49721 3471
49722 2133
49723 362
49724 1316
49725 705
49726 2369
49727 333
49728 4048
49729 2643
49730 1418
49731 2951
49732 3190
49733 3943
49734 3239
49735 4447
49736 4025
49737 1376
49738 2762
49739 1902
49740 1532
49741 1793
49742 4379
49743 1845
49744 1457
49745 2315
49746 673
49747 2950 3897
49748 2755
49749 3858
49750 3451
49751 820
49752 1453 1869 3000 3002
49753 2825
49754 2881
49755 2831
49756 1972
49757 3215
49758 445 1940
49759 3619
49760 3483
49761 3687
49762 1477
49763 3743
49764 3574
49765 3261
49766 2806
49767 603
49768 184 3945
49769 2220
49770 766
49771 2576
49772 1524
49773 630
49774 2671
49775 3215
49776 4262
49777 3207
49778 3301
49779 4107
49780 1387 2534
49781 1334
49782 1469
49783 2620
49784 988
49785 3123
49786 1466
49787 3684
49788 369
49789 3763
49790 15
49791 2737
49792 3218
49793 1050
49794 818
49795 3190
49796 3840
49797 2781
49798 2057
49799 1566 3665 4455
49800 3422
49801 685
49802 4139
49803 4170
49804 2909
49805 2218
49806 1870
49807 799
49808 469
49809 920
49810 4287
49811 4363
49812 1488
49813 326 705 708
49814 2739
49815 4058
49816 2236
49817 4389
49818 2872
49819 3439
49820 4176
49821 3745
49822 1964
49823 1750
49824 4368
49825 3985
49826 1236
49827 393
49828 342
49829 4112
49830 1081
49831 1039
49832 140
49833 381
49834 2362
49835 2086
49836 3351
49837 2224
49838 4360
49839 3333
49840 2005
49841 1217
49842 4065
49843 2982
49844 3652
49845 1952
49846 771
49847 2442
49848 3217
49849 3612
49850 2910
49851 3954
49852 2057
49853 3754
49854 1886
49855 2581
49856 341
49857 1257
49858 3583
49859 4038
49860 735
49861 397
49862 2567
49863 1278
49864 1550
49865 784
49866 1356 4221
49867 2533
49868 734
49869 2610
49870 2999
49871 2983
49872 3414
49873 2718
49874 4018
49875 4205
49876 2992
49877 917
49878 1539
49879 1181 4033
49880 3250
49881 3935
49882 2315
49883 558
49884 1940
49885 3670 4355
49886 3471
49887 3542
49888 673
49889 2889
49890 1888
49891 739
49892 3757
49893 3687
49894 733
49895 127
49896 2565
49897 804
49898 1014
49899 3247
49900 470 1595
49901 2727
49902 733
49903 275
49904 793
49905 2860
49906 669
49907 2573
49908 449
49909 4276
49910 2280 2743
49911 16
49912 2430
49913 2483
49914 3843
49915 3419
49916 3664
49917 4461
49918 733
49919 4007
49920 239
49921 4055
49922 15
49923 754 3717
49924 2982
49925 3988
49926 1748
49927 639
49928 1004
49929 791
49930 3022
49931 2336
49932 4330
49933 2812
49934 351
49935 1874
49936 1260
49937 3701
49938 3585
49939 3329
49940 535
49941 1047
49942 1153
49943 128
49944 1469 1469 2526
49945 3207
49946 2514
49947 4446
49948 655
49949 2157
49950 3682
49951 4355
49952 3000
49953 1469
49954 2739
49955 3156
49956 3144
49957 1022
49958 3017
49959 413
49960 2645
49961 1048
49962 2512
49963 96
49964 4055
49965 129
49966 2890
49967 2001
49968 3487
49969 4124
49970 4479
49971 313
49972 1896
49973 2965
49974 4124
49975 1254 1975 2809
49976 462
49977 3214
49978 2983
49979 4007
49980 1917
49981 3384
49982 2992 3021
49983 674 1199
49984 579
49985 959
49986 17
49987 1966 2435 2533 2904
49988 4136
49989 2255
49990 3201
49991 2889
49992 1091
49993 1038
49994 4274
49995 3821
49996 124
49997 1039
49998 3000
49999 1727
50000 2883
50001 4460
50002 758
50003 2462
50004 3097
50005 1349
50006 1276
50007 2742
50008 2924 2928 3059
50009 1343
50010 1087
50011 1111 4081
50012 4365
50013 1495
50014 4353
50015 2231
50016 2038
50017 1904
50018 3628 4074
50019 1477
50020 4027
50021 1236
50022 276
50023 1434
50024 1901
50025 3094
50026 1072
50027 2684
50028 3209
50029 2654
50030 3051
50031 2732
50032 2414
50033 3754
50034 3427
50035 2591
50036 907
50037 3794
50038 802
50039 3748
50040 3955
50041 2502
50042 1801
50043 4253
50044 4493
50045 4157
50046 1672
50047 2740
50048 1354
50049 1059
50050 1388 2038 3976
50051 2506
50052 342 542
50053 3209
50054 2917
50055 168
50056 2095
50057 796
50058 4209
50059 2288
50060 2322
50061 2242
50062 106 1418
50063 1297
50064 173
50065 3351
50066 1865
50067 2881
50068 2503
50069 3349
50070 715
50071 1940
50072 1859
50073 1830 3031
50074 3717
50075 757
50076 419
50077 3188
50078 1060
50079 3987
50080 4104
50081 776
50082 4108
50083 1600
50084 4034
50085 1784
50086 4158
50087 3865
50088 3018
50089 822
50090 1794 3008 3091
50091 2095
50092 3820
50093 3512
50094 3815
50095 1115
50096 4322
50097 565
50098 1184
50099 2767
50100 3157
50101 3424
50102 253
50103 1454 2984 4340
50104 2800
50105 405
50106 354
50107 974
50108 3294
50109 2598
50110 2916
50111 2748
50112 3626
50113 1502
50114 248
50115 1078
50116 99
50117 682
50118 1605
50119 3635
50120 3197
50121 496
50122 462
50123 1045
50124 4311
50125 3773
50126 3450
50127 1511
50128 1469
50129 1370
50130 2837 3630
50131 2373
50132 1455
50133 3209
50134 468 624 745
50135 1894
50136 3189
50137 4255
50138 120
50139 3408
50140 799
50141 4087
50142 1522
50143 2825
50144 4094
50145 2868
50146 3796
50147 675
50148 2480
50149 3618
50150 3901
50151 1218
50152 876
50153 1785
50154 3190
50155 823
50156 3043 3044 3046
50157 3231
50158 1854
50159 3381
50160 1425
50161 1346
50162 3215
50163 4056
50164 3580
50165 3584
50166 488
50167 2032
50168 1031
50169 88
50170 542 2554
50171 3200 3690
50172 125
50173 3124
50174 3543
50175 2770 3247
50176 4306
50177 3479
50178 2536
50179 2
50180 1520 3200
50181 316
50182 311
50183 3961
50184 1562
50185 2785
50186 3615
50187 2043
50188 2776
50189 2250
50190 451
50191 1007
50192 1940
50193 911
50194 1094
50195 133
50196 3216
50197 2848
50198 544
50199 63
50200 3438
50201 3789
50202 1376
50203 1674 3481
50204 1178
50205 2877
50206 1108
50207 938
50208 790 3217
50209 3305
50210 1975
50211 837 844
50212 4301
50213 473 844
50214 2967
50215 1199
50216 4074
50217 3067
50218 326
50219 2215
50220 3365
50221 975
50222 886
50223 2158
50224 1823
50225 4183
50226 4065
50227 156
50228 322 3922
50229 195
50230 3662
50231 1513
50232 3442
50233 861
50234 630 2027
50235 701
50236 2463
50237 88
50238 3100
50239 4431
50240 456 1087 3583 4002
50241 3382
50242 3216
50243 3835
50244 1473 2466
50245 2983
50246 3904
50247 2983
50248 3936
50249 2355
50250 158
50251 3250
50252 1132
50253 1422
50254 1211
50255 2618
50256 3690
50257 3665
50258 3484
50259 3521
50260 2701
50261 2554
50262 2086
50263 2248
50264 3431
50265 3856
50266 1498
50267 1963
50268 3701
50269 3543
50270 3863
50271 2075
50272 2057
50273 3686
50274 507
50275 3239
50276 3688
50277 2359 3378
50278 465
50279 1784
50280 22
50281 2389 2901 4340
50282 3527
50283 413
50284 2715
50285 2205
50286 2872 4074
50287 1882
50288 3754
50289 1859
50290 1098
50291 3621
50292 1236
50293 147
50294 4086
50295 582
50296 889
50297 1366
50298 4135
50299 759
50300 4437
50301 1814
50302 3674
50303 2502
50304 915
50305 733
50306 861
50307 1284 4323
50308 2155
50309 876
50310 1987 3285
50311 3773
50312 3420
50313 1762
50314 632
50315 2289
50316 3465
50317 2864 4239
50318 2327
50319 4366
50320 3542
50321 3331
50322 3857
50323 2816
50324 915
50325 3933
50326 2824
50327 737
50328 2696
50329 731
50330 3200
50331 793
50332 3265
50333 4443
50334 3488
50335 3660
50336 656
50337 3931
50338 4307
50339 1021
50340 1462
50341 823
50342 3219
50343 3279
50344 1805 2434 2751 2808 3498
50345 3234
50346 4344
50347 4152
50348 3684
50349 3151
50350 4236
50351 1866
50352 1472
50353 3901
50354 2702
50355 4030
50356 1120
50357 2350 2852
50358 4074
50359 3357
50360 3008 4147
50361 1851
50362 3601
50363 2110
50364 1426
50365 3200
50366 2095
50367 2582
50368 1469
50369 3001 3002
50370 1672
50371 3874
50372 3654
50373 3038
50374 4193
50375 3208
50376 2404 2450
50377 2769
50378 1876
50379 3896
50380 1559
50381 2682
50382 1111
50383 2770
50384 965
50385 4225
50386 4284
50387 1060 1284 2012
50388 630
50389 72
50390 1076
50391 1932
50392 2385
50393 2279
50394 1452
50395 4141
50396 4379
50397 176 838 839 3128
50398 2432 2491
50399 3514
50400 2088
50401 2950
50402 3200
50403 760
50404 1003
50405 2148
50406 3200
50407 2091
50408 3445
50409 3668
50410 1254
50411 2608
50412 3325
50413 492
50414 3687
50415 4476
50416 327
50417 786
50418 3488
50419 328
50420 4476
50421 719
50422 1151
50423 1331
50424 1321
50425 2702
50426 660
50427 647
50428 3595
50429 1455
50430 1500
50431 2780
50432 1855
50433 3325
50434 1925
50435 3665
50436 1084
50437 3718
50438 2988
50439 655
50440 150
50441 2900
50442 1738
50443 2302
50444 4193
50445 3340
50446 742
50447 3189
50448 3307
50449 3149
50450 3676
50451 800
50452 79
50453 2515
50454 1342
50455 349
50456 16
50457 1635
50458 2715
50459 2606
50460 1269
50461 784
50462 652
50463 2146
50464 3209
50465 984
50466 2847
50467 3661
50468 1404
50469 3217
50470 1548
50471 3260
50472 1618
50473 2606 2691
50474 4123
50475 783
50476 4360
50477 3130
50478 2
50479 3720
50480 1797
50481 2653
50482 2020
50483 1689
50484 3641
50485 4081
50486 3662
50487 4194
50488 3200
50489 2410
50490 3732
50491 3008 3045
50492 1264
50493 2383
50494 219
50495 777
50496 3632
50497 387
50498 4172
50499 2702
50500 1816 1932
50501 2382
50502 3363
50503 470 3836
50504 4433
50505 3769
50506 3418
50507 2903
50508 2001
50509 3451
50510 846
50511 721
50512 386 1257 1797
50513 2960
50514 3776
50515 3539
50516 2660
50517 375
50518 3915
50519 3128
50520 3896
50521 78
50522 3610
50523 1154
50524 3929
50525 2873
50526 2490
50527 3676
50528 3301
50529 3427
50530 1483
50531 263
50532 3284
50533 1260
50534 4059
50535 3931
50536 1914
50537 1963
50538 1252
50539 1436
50540 1446
50541 3721
50542 4430
50543 2985
50544 1097
50545 4099
50546 3509
50547 2512
50548 4221
50549 562
50550 351
50551 2703
50552 1236
50553 915
50554 565
50555 867
50556 1471 4342
50557 3927
50558 3112
50559 4279
50560 322
50561 2774
50562 1763
50563 3422
50564 3695
50565 468
50566 3077
50567 3250
50568 4221
50569 2491
50570 1971
50571 3665
50572 783 2315
50573 2037
50574 1304
50575 4344
50576 4468
50577 2963
50578 2574
50579 3986
50580 31
50581 31
50582 911
50583 1151
50584 2571 4184
50585 1455
50586 1854
50587 3818
50588 211 1693
50589 2882
50590 2073
50591 3510
50592 3609
50593 761
50594 3708
50595 2695
50596 4382
50597 3016
50598 2870
50599 1965
50600 1102
50601 1498
50602 2950
50603 2415
50604 895
50605 669
50606 2023
50607 1409
50608 3773
50609 1677
50610 2739
50611 1857
50612 1417
50613 1029
50614 3394
50615 263
50616 877
50617 2613
50618 1455
50619 2163
50620 2150
50621 142
50622 1489
50623 3342
50624 229
50625 3188
50626 1060 1244 3625 3639
50627 2265
50628 2951
50629 543
50630 2989
50631 2702
50632 1568
50633 669
50634 3669
50635 645 4086
50636 4105
50637 1148
50638 1005
50639 66
50640 3832
50641 3210
50642 1440
50643 3334
50644 2982 3014
50645 1456 1469 1966
50646 3194
50647 915
50648 3047
50649 1264
50650 34
50651 3252
50652 269
50653 1857
50654 1785
50655 2604
50656 1219
50657 1046
50658 695
50659 1448
50660 3517
50661 1848
50662 1660
50663 3603
50664 174
50665 3201
50666 3052
50667 2166
50668 4174
50669 1491
50670 3661
50671 658
50672 967
50673 3417
50674 613
50675 571
50676 2642
50677 3988
50678 3241
50679 110
50680 3811
50681 3671
50682 2769
50683 4334
50684 1948
50685 2847
50686 3230
50687 911
50688 3684
50689 3454
50690 3324
50691 839
50692 4011
50693 1987
50694 3735
50695 937
50696 1257
50697 562
50698 4371
50699 3025
50700 1636
50701 1362
50702 2939
50703 3774
50704 3492
50705 1656
50706 2901
50707 2901
50708 737
50709 242 4491
50710 2837
50711 3897
50712 4428
50713 3583
50714 979
50715 3210
50716 3816
50717 2098
50718 2702
50719 3188
50720 3295
50721 488
50722 3108
50723 2955
50724 785
50725 3204
50726 1545
50727 384 386
50728 3323
50729 3230
50730 501
50731 1607
50732 1730
50733 4183
50734 505
50735 4433
50736 2081
50737 1034
50738 2258
50739 2960
50740 2705
50741 1316
50742 2297
50743 1439
50744 3208
50745 165
50746 2235
50747 3450
50748 3672
50749 3999
50750 3347
50751 3348
50752 1809
50753 694
50754 399
50755 3142
50756 1749
50757 3305
50758 3471
50759 338
50760 990
50761 106
50762 236
50763 2640
50764 142
50765 304
50766 3105
50767 3778
50768 2639
50769 703
50770 947
50771 3487
50772 1052
50773 655 3165
50774 2607
50775 3892
50776 3994
50777 330 1498
50778 32
50779 38
50780 2023
50781 3574
50782 2955
50783 4474
50784 46
50785 1139
50786 1629
50787 2155
50788 402
50789 4387
50790 705 3665
50791 735
50792 2781
50793 326
50794 608
50795 2285 2812
50796 1726
50797 463
50798 1528
50799 2040
50800 3145
50801 2980
50802 842
50803 1111
50804 2083
50805 2183 2742
50806 825
50807 3135
50808 4169
50809 1060
50810 1108
50811 795
50812 3201
50813 43
50814 3480
50815 2494
50816 2196
50817 1046
50818 754
50819 751
50820 2514
50821 3617
50822 958
50823 3207
50824 745
50825 4050
50826 4378
50827 1191
50828 2560
50829 2046
50830 973
50831 3439
50832 624
50833 3454
50834 1434
50835 2518
50836 565
50837 107
50838 4074
50839 2845
50840 4436
50841 2045
50842 1114
50843 3322
50844 1192
50845 1403
50846 199
50847 509
50848 3017
50849 2760
50850 3559
50851 4364
50852 3178
50853 3465
50854 2554
50855 2059
50856 616
50857 3426
50858 3212
50859 4145
50860 905
50861 1111
50862 737 1280
50863 137
50864 3936
50865 3243
50866 4453
50867 1926
50868 3494
50869 3210
50870 1260
50871 3325
50872 2244
50873 322
50874 2245
50875 1305 2514 2680
50876 620 1797
50877 1786
50878 2479
50879 887
50880 333
50881 3523
50882 3763
50883 464
50884 2104
50885 4288
50886 692
50887 4225
50888 3094
50889 544
50890 1030
50891 1074
50892 3963
50893 393
50894 3289
50895 3870
50896 3826
50897 338
50898 564
50899 2967
50900 1589
50901 594
50902 1706
50903 4454
50904 1221
50905 3918
50906 4031
50907 1422
50908 3587
50909 3594
50910 1399 1471
50911 2824
50912 2912
50913 4355
50914 732
50915 4271
50916 338 1213 1892
50917 1902
50918 2976
50919 4022
50920 4436
50921 2628
50922 4275
50923 171 2249
50924 2678
50925 699
50926 2828
50927 2835
50928 468
50929 1974
50930 482
50931 3428
50932 3709
50933 2968
50934 1236
50935 248
50936 3760
50937 2871
50938 2139
50939 3213
50940 1869
50941 1441
50942 873
50943 1613
50944 1267
50945 3331
50946 369
50947 4173
50948 3992
50949 1219
50950 4475
50951 2415
50952 2854
50953 2809
50954 737
50955 1224
50956 1335
50957 2062
50958 4195
50959 4273
50960 4325
50961 2873
50962 4011
50963 4349
50964 3754
50965 3463
50966 2978
50967 3031
50968 3815
50969 3682
50970 2440
50971 3927
50972 151
50973 1999
50974 4366
50975 3225
50976 1121
50977 4257
50978 3322
50979 2720
50980 3218
50981 3323
50982 1749
50983 3492
50984 3658
50985 2179
50986 1528
50987 868
50988 1360
50989 1576
50990 284 3190
50991 4140
50992 2626
50993 3301
50994 1059
50995 2191
50996 2837
50997 987
50998 1236
50999 1267
51000 297
51001 1875
51002 3751
51003 2209
51004 3894
51005 2990
51006 3009
51007 3211
51008 2963
51009 933
51010 759
51011 2307
51012 1958
51013 1111
51014 4293 4450
51015 3665
51016 2631
51017 2387
51018 2784
51019 3894
51020 3532
51021 4116
51022 1784
51023 3811
51024 4228
51025 3701
51026 3983
51027 1350
51028 65
51029 2277
51030 2758
51031 275
51032 429
51033 1110
51034 3770
51035 2235
51036 492
51037 4186
51038 484
51039 3209
51040 1852
51041 2508
51042 2909
51043 2661
51044 3902
51045 2460
51046 802
51047 3715
51048 2957
51049 1676
51050 1981
51051 936 3422
51052 3097 3102
51053 101
51054 2668
51055 2686
51056 3215
51057 3139
51058 526
51059 1969
51060 3214
51061 592
51062 1347
51063 1435
51064 3772
51065 1535
51066 863
51067 2722 2951 3950
51068 1223
51069 3203
51070 1566
51071 3182
51072 4451
51073 3120
51074 148
51075 3124
51076 1810
51077 4176
51078 1695
51079 2295
51080 3157
51081 2849
51082 886
51083 931
51084 3251
51085 3738
51086 2936
51087 1904
51088 4037
51089 282
51090 3243
51091 965
51092 3936
51093 125
51094 3986
51095 4291
51096 2808
51097 2106
51098 2437
51099 954
51100 2369
51101 1334
51102 897
51103 3486
51104 3189
51105 3754
51106 190
51107 3487
51108 761
51109 1727
51110 2640 2933
51111 3394
51112 1377
51113 3441
51114 2950
51115 2328
51116 269
51117 3190
51118 3434
51119 3218
51120 1017
51121 941
51122 1710
51123 3213
51124 836
51125 745
51126 3486
51127 495
51128 4298
51129 539
51130 3190
51131 3778
51132 3544
51133 3217
51134 3250
51135 3427
51136 2653
51137 440
51138 4218
51139 3408
51140 2240
51141 2914
51142 1111
51143 3061
51144 3674
51145 2950
51146 1787
51147 3836
51148 1528
51149 3608
51150 3325
51151 4076
51152 3188
51153 2342
51154 674
51155 2123
51156 955
51157 1666
51158 4101
51159 3659
51160 2104
51161 2283
51162 2614
51163 3210
51164 3501
51165 4184
51166 1859
51167 4221
51168 2460
51169 890 3491
51170 2007
51171 2027
51172 3208
51173 3544
51174 782
51175 3217
51176 1108
51177 338
51178 992
51179 2357
51180 2320
51181 2061
51182 4475
51183 2710
51184 733 2777 3105 3410
51185 1541 2915 2916
51186 3447
51187 3057
51188 2763
51189 4253
51190 2834
51191 1468
51192 3955
51193 2557
51194 3927
51195 1455 1636
51196 1042
51197 4042
51198 2356
51199 1402
51200 2786
51201 3289
51202 2883
51203 483
51204 1789
51205 3766
51206 974
51207 495
51208 145
51209 3425
51210 538
51211 569
51212 2622
51213 1883
51214 4011
51215 357
51216 883
51217 1367
51218 1768
51219 224 1306
51220 3871
51221 1017
51222 857
51223 3190
51224 1337
51225 3181
51226 3278
51227 3663
51228 2654
51229 1110
51230 1463
51231 1006 3950
51232 2748
51233 4027
51234 1941
51235 2387
51236 3532
51237 3972
51238 3325
51239 211
51240 2576
51241 3205
51242 2999
51243 3322
51244 967
51245 1538
51246 3142
51247 2732
51248 399 1180 2963
51249 1452
51250 4065
51251 3215
51252 3905
51253 446
51254 2737
51255 3200
51256 4436
51257 266
51258 3770
51259 2883
51260 820
51261 3190
51262 1885
51263 3826
51264 4031
51265 2340
51266 3365
51267 2775
51268 481
51269 3828
51270 3228
51271 2479
51272 4076
51273 3271
51274 2062
51275 3628
51276 4271
51277 3483
51278 992
51279 3128
51280 1597
51281 2578
51282 327
51283 771
51284 1060
51285 2587
51286 264
51287 2686
51288 961
51289 145
51290 3624
51291 3752
51292 4025
51293 3373
51294 3325
51295 3389
51296 2379
51297 734 1450
51298 3218
51299 20
51300 4053
51301 4447
51302 1147
51303 2587
51304 1216
51305 2275
51306 2816
51307 778
51308 2001
51309 1416
51310 3713
51311 339 4439
51312 746
51313 2395
51314 184
51315 1206
51316 3633
51317 1197 1399 2783
51318 3679
51319 3454
51320 1921
51321 4033
51322 2491 2903
51323 2466
51324 874
51325 3698
51326 4165
51327 3704
51328 4385
51329 1446
51330 4344
51331 146
51332 2176
51333 3487
51334 2905
51335 2945
51336 2980
51337 3106
51338 793 2280 2481
51339 260
51340 4177
51341 920
51342 3430
51343 312
51344 462
51345 1688
51346 1147
51347 915
51348 3858
51349 3308
51350 3754
51351 1659
51352 50
51353 2088
51354 2675
51355 905 2057
51356 3169
51357 1660
51358 4204
51359 3889
51360 4271
51361 1074
51362 166
51363 939
51364 2710
51365 624 3803
51366 1516
51367 1790
51368 669
51369 2669
51370 4457
51371 3802
51372 3236
51373 2332
51374 1710
51375 3325
51376 127
51377 1236
51378 4240
51379 717
51380 2756
51381 2969
51382 2049 3137
51383 2311
51384 3093
51385 3141
51386 1973 3644
51387 3687
51388 3437
51389 2797
51390 2621
51391 3271
51392 3204
51393 1524
51394 536
51395 4094
51396 2971
51397 1343
51398 2427
51399 3217
51400 3172
51401 2147
51402 1133
51403 3331
51404 3477
51405 4396
51406 339
51407 3486 3943
51408 79
51409 3325
51410 339
51411 1475
51412 3217
51413 2941 3091
51414 959
51415 669
51416 735
51417 1137
51418 3526
51419 3954
51420 2695
51421 1661 2908
51422 1342
51423 4138
51424 1036
51425 619
51426 68
51427 4149
51428 292 4123
51429 2097
51430 2068
51431 3213
51432 2155
51433 1856
51434 2423
51435 788
51436 1544
51437 3890
51438 972
51439 3915
51440 682
51441 746
51442 1325
51443 1407
51444 496
51445 3333
51446 1060
51447 3865
51448 492
51449 116 3207
51450 1958
51451 3631
51452 123 4256
51453 783
51454 1498
51455 3363
51456 4291
51457 799
51458 1247
51459 3394
51460 2646
51461 3890
51462 941
51463 2485
51464 2671
51465 684 1545 2535
51466 1812
51467 3932
51468 1448
51469 2822
51470 741 1392 3416
51471 3602
51472 1487
51473 705
51474 3666
51475 3417
51476 279
51477 2693
51478 1055
51479 3102
51480 3340
51481 1078
51482 4255
51483 4148
51484 3899
51485 3966
51486 1605
51487 1068
51488 3633
51489 3218
51490 227
51491 2841
51492 2678
51493 799
51494 2859
51495 4202
51496 2672
51497 3665
51498 4291
51499 3479
51500 3204
51501 2849
51502 4124
51503 2001
51504 3572
51505 941
51506 2021
51507 4366
51508 1870
51509 1485
51510 4141
51511 844 2078 3319 4476
51512 4272
51513 119
51514 2058
51515 1002
51516 4249
51517 1051 3199
51518 676
51519 507
51520 2978
51521 1899
51522 1899
51523 2910
51524 2040
51525 3190
51526 2675
51527 1839
51528 3383
51529 2969
51530 624 941 1264 1643
51531 2430
51532 2221
51533 3691
51534 4434
51535 4123 4193
51536 3423
51537 45
51538 779
51539 783
51540 3681
51541 543
51542 3172
51543 4083
51544 4423
51545 1475
51546 3389
51547 3572
51548 1862
51549 3482
51550 2877
51551 2988
51552 2847
51553 559
51554 2770
51555 219
51556 159
51557 3557
51558 4092
51559 1946
51560 931
51561 2684
51562 2983
51563 2657
51564 154
51565 4212
51566 3383
51567 3137
51568 1536
51569 1224
51570 884
51571 3976
51572 3190
51573 3328
51574 251
51575 3421
51576 2831
51577 737
51578 3826
51579 2300
51580 3417
51581 2749 3676
51582 3438
51583 3217
51584 2238
51585 1599
51586 1948
51587 2287
51588 2386
51589 3200
51590 947
51591 3935
51592 2081 3751
51593 984
51594 2084
51595 2058
51596 1690
51597 3169
51598 752 2188
51599 4436
51600 2715
51601 2077
51602 3048
51603 4381
51604 2081
51605 3938
51606 681
51607 1955
51608 2847
51609 2389
51610 1385
51611 9
51612 3566
51613 3204
51614 802
51615 3348
51616 3624
51617 101
51618 1029 3662
51619 3201
51620 3417
51621 1773
51622 1299
51623 1744
51624 307
51625 3570
51626 3817
51627 1149
51628 3419
51629 4217
51630 4108
51631 2395
51632 1204
51633 1070
51634 2272
51635 3145
51636 3668
51637 2182
51638 923
51639 4260
51640 3392
51641 3079
51642 137 4340
51643 614
51644 137
51645 2702
51646 3154
51647 796
51648 2639
51649 737
51650 1575
51651 326
51652 3765
51653 4074
51654 3832
51655 3427
51656 3986
51657 481
51658 3756
51659 948
51660 718
51661 1477
51662 596
51663 76
51664 52
51665 30
51666 2827
51667 2109
51668 25
51669 1131
51670 3218
51671 3710
51672 3312
51673 785
51674 1857
51675 4469
51676 2095
51677 645
51678 2311
51679 1254
51680 533 3390
51681 157
51682 2759
51683 3589
51684 2345
51685 1768
51686 3660
51687 2957
51688 911
51689 3217
51690 3323
51691 2766
51692 3956
51693 3203
51694 822
51695 1786
51696 4193
51697 3817
51698 2929
51699 4419
51700 1319
51701 282
51702 4471
51703 1004
51704 4320
51705 3450
51706 3329
51707 655
51708 1158
51709 2076
51710 1111
51711 1032
51712 2777
51713 2044
51714 737
51715 4375
51716 521
51717 3918
51718 3383
51719 4436
51720 3048
51721 3297
51722 2241
51723 3618
51724 3704
51725 3824
51726 19
51727 3325
51728 4369
51729 3425
51730 3374
51731 274
51732 1964
51733 4292
51734 2421
51735 2147
51736 186 3029
51737 2723
51738 2555
51739 606
51740 3888
51741 3722
51742 1162
51743 2847
51744 2059
51745 1966
51746 192
51747 3084
51748 4430
51749 3215
51750 3225
51751 4360
51752 4081
51753 2698
51754 3094
51755 16 3250
51756 4195
51757 3993
51758 2095
51759 4368
51760 3633
51761 19
51762 680
51763 3711
51764 3391
51765 248
51766 840 1292
51767 3215
51768 2809
51769 3653
51770 1060
51771 3974
51772 2057
51773 2723
51774 4199
51775 2561
51776 847 3427
51777 1163
51778 3496
51779 2468
51780 181
51781 4313
51782 3247
51783 1469
51784 190
51785 745
51786 4442
51787 3704
51788 1002
51789 3157
51790 65
51791 1707
51792 3943
51793 2502
51794 4434
51795 3899
51796 1645
51797 61
51798 2706
51799 3832
51800 2636
51801 3331
51802 1771
51803 3251
51804 1820
51805 2985
51806 3999
51807 2360
51808 3208
51809 2218
51810 1532
51811 3796
51812 1163
51813 783
51814 2645
51815 4402
51816 690
51817 4193
51818 3833
51819 1236
51820 4283
51821 98
51822 4202
51823 727
51824 1098
51825 2566
51826 2739
51827 2716
51828 3206
51829 2830
51830 4212
51831 3665
51832 3854
51833 4451
51834 1705
51835 115
51836 2325
51837 4206
51838 1335
51839 1689
51840 2496
51841 2615
51842 3454
51843 271
51844 1206
51845 4068
51846 1575
51847 2132
51848 458
51849 11
51850 1206
51851 2788
51852 4172
51853 3507
51854 717
51855 3510
51856 2258
51857 3211
51858 63
51859 3325
51860 1858
51861 3594
51862 3379
51863 1908
51864 1469
51865 2502
51866 443
51867 3666
51868 2319
51869 140
51870 2779
51871 2197
51872 2247
51873 3324
51874 3311
51875 369 1973
51876 4441
51877 4082
51878 1766
51879 3013
51880 4257
51881 497
51882 1667
51883 1030
51884 348
51885 2839
51886 1671
51887 4320
51888 3632
51889 3737
51890 242
51891 2792
51892 4328
51893 3239 3663
51894 545
51895 4045
51896 1671
51897 363
51898 2265
51899 2612
51900 2014
51901 3717
51902 3976
51903 3571
51904 1346
51905 3445
51906 682
51907 213
51908 3498
51909 1744
51910 559 1492 3160 3479 4352
51911 3351
51912 947
51913 212
51914 2965
51915 2705
51916 2410 2834
51917 4221
51918 963
51919 3015
51920 1148
51921 1391
51922 3188
51923 292 1503 3008
51924 914
51925 564
51926 1821
51927 3103
51928 3001
51929 3241
51930 3410
51931 499
51932 4261
51933 836
51934 3894
51935 4263
51936 2084
51937 2950 2973
51938 1553
51939 1231 1887
51940 1038
51941 379 733
51942 857
51943 281
51944 1323
51945 1316
51946 3677
51947 239
51948 387 757 2982
51949 3718
51950 2437
51951 3542
51952 2459
51953 2109
51954 1778
51955 667
51956 3190
51957 3774
51958 561 3250
51959 999
51960 861
51961 728
51962 2193
51963 4447
51964 635
51965 507
51966 2534
51967 1674
51968 1940
51969 342 3576 4047 4341
51970 1982
51971 2038
51972 3805
51973 3724
51974 470 3504
51975 470
51976 1778
51977 3976
51978 4357
51979 276
51980 1849
51981 2548 3167
51982 2001
51983 1783
51984 4124
51985 2173
51986 1016
51987 1227
51988 3542
51989 1446
51990 2785
51991 913
51992 1613
51993 3568
51994 3770
51995 1904
51996 2749
51997 1110
51998 2716
51999 3269
52000 1605
52001 737
52002 4283
52003 733
52004 1034
52005 657
52006 4062
52007 2340
52008 344 2565
52009 470
52010 4216
52011 876
52012 1825
52013 3689
52014 2834
52015 3959
52016 3630
52017 3488
52018 1613
52019 2838
52020 721
52021 1033
52022 3418
52023 1352 1455 2942 2950
52024 3355
52025 4082
52026 2524
52027 2921
52028 2666
52029 3697
52030 2910
52031 3278
52032 1346
52033 3978
52034 3975
52035 3637
52036 3262
52037 2969
52038 2001
52039 3922
52040 3714
52041 330
52042 2593
52043 3848
52044 2698
52045 427 1500 1635 2534 2718 3052
52046 2965
52047 4023
52048 2950
52049 3635
52050 1819
52051 3997
52052 681
52053 1144
52054 3961
52055 4
52056 4029
52057 2905
52058 316
52059 3373
52060 2966
52061 3201
52062 369
52063 1169
52064 1936
52065 3725
52066 3188
52067 3396
52068 3397
52069 908
52070 3811
52071 3724
52072 2763
52073 4120
52074 3085
52075 1630
52076 1019
52077 2494
52078 3335
52079 187
52080 534
52081 1607
52082 3894
52083 3224
52084 2652
52085 108
52086 3604
52087 2496
52088 534
52089 1661
52090 2531
52091 1165
52092 2415
52093 234
52094 1987
52095 2845
52096 295
52097 1201
52098 859
52099 2372
52100 2618
52101 3401
52102 1082
52103 134
52104 2001
52105 4387
52106 1442
52107 2633
52108 2873
52109 639 1690
52110 3423
52111 327
52112 50
52113 4410
52114 4325
52115 2179
52116 3598
52117 2810
52118 3325
52119 737
52120 470
52121 93
52122 1680 2851
52123 733
52124 3857
52125 2575
52126 1197 1374 2732
52127 3414
52128 2015
52129 481 4084
52130 662
52131 109
52132 754
52133 784
52134 2766
52135 3188
52136 3647
52137 4052
52138 2386
52139 374
52140 1351 1418 1551
52141 1761
52142 3216
52143 1603
52144 3210
52145 588
52146 4223
52147 3208
52148 4227
52149 532
52150 884
52151 3892
52152 2754
52153 509
52154 3401
52155 3188
52156 1074
52157 764
52158 449
52159 118
52160 1026
52161 905
52162 3593
52163 785
52164 3672
52165 1645
52166 150
52167 5
52168 3572
52169 3968
52170 290
52171 3411
52172 2158
52173 1894
52174 883
52175 2508
52176 1012
52177 231
52178 3887
52179 1522
52180 955
52181 3342
52182 3814
52183 465 3705
52184 4112
52185 2900 2910
52186 2164
52187 918
52188 2678
52189 2179 2615
52190 4191
52191 883 1501
52192 1339
52193 38
52194 2822
52195 1008
52196 1006
52197 1801
52198 2410
52199 1859 2081
52200 225
52201 1551
52202 123
52203 1115
52204 1471
52205 1314
52206 1663
52207 2060
52208 2112
52209 876
52210 3855
52211 3379
52212 2865
52213 327
52214 596 636
52215 4295
52216 2391
52217 1150
52218 1575
52219 4072
52220 4453
52221 4123
52222 3252
52223 3212
52224 2748
52225 3858
52226 900
52227 2045
52228 2831
52229 4020
52230 346
52231 3166
52232 2412 2652
52233 2864
52234 3762
52235 290
52236 4262
52237 3173
52238 3141
52239 2044
52240 3256
52241 2346
52242 3974
52243 2608
52244 3754
52245 3325
52246 3214
52247 2001
52248 4122
52249 1216
52250 369
52251 1894
52252 161
52253 2992
52254 1247
52255 4129
52256 1631
52257 1593
52258 2252
52259 2654
52260 759
52261 3649
52262 4273
52263 2864
52264 3985
52265 3217
52266 3976
52267 1161
52268 2950
52269 1469
52270 3217
52271 53
52272 1843
52273 669
52274 3712
52275 1924
52276 1143
52277 4243
52278 381 828 1932
52279 3193
52280 1867
52281 1327
52282 3410
52283 2400
52284 2773
52285 2941
52286 3620
52287 1469 1797
52288 3547
52289 3207
52290 103
52291 2765 3816
52292 3999
52293 1449
52294 1500
52295 287
52296 1392
52297 3375
52298 3209
52299 551 1467 2916 3030
52300 3754
52301 3441
52302 2570
52303 2481
52304 3571
52305 4350
52306 3915
52307 1940
52308 999
52309 793
52310 3149
52311 1647
52312 974
52313 3896
52314 1130
52315 3501
52316 334
52317 424
52318 267
52319 1797
52320 3112
52321 1115
52322 2700
52323 2330
52324 525
52325 3373
52326 1428
52327 2793
52328 3926
52329 393
52330 222
52331 1869
52332 1921
52333 1250
52334 473 1599
52335 2796
52336 18
52337 402
52338 3770
52339 2133
52340 3328
52341 2574
52342 2443
52343 3923
52344 3936
52345 1349
52346 2023
52347 2475
52348 1005
52349 1195
52350 1286
52351 3190
52352 1454
52353 775
52354 513
52355 89
52356 915
52357 4151
52358 1316
52359 2919
52360 3521
52361 861
52362 3719
52363 3895
52364 3856
52365 4472
52366 3499
52367 3209
52368 3251
52369 4372
52370 2824
52371 3551
52372 2849
52373 919
52374 4414
52375 211 2768
52376 3427
52377 4054
52378 2827
52379 734 1174
52380 1902
52381 1316
52382 1566
52383 3442
52384 4209
52385 3127
52386 1569
52387 4335
52388 2348
52389 1324
52390 2987
52391 416
52392 855
52393 1046 3624
52394 1153
52395 609
52396 283
52397 1788
52398 4194
52399 166
52400 3022
52401 463
52402 2611
52403 1921
52404 1476
52405 1574
52406 4322
52407 4003
52408 3154
52409 2040
52410 3658
52411 3583
52412 1455
52413 109
52414 3270
52415 986
52416 1864 2660
52417 894
52418 3489
52419 1208
52420 1110
52421 3574
52422 1989
52423 1636 2649
52424 1490
52425 3848
52426 413
52427 4390
52428 3946
52429 3136
52430 1316
52431 1697
52432 669
52433 2548
52434 3597
52435 1398
52436 1120
52437 3664
52438 2988
52439 1064
52440 3245
52441 2660
52442 2242
52443 3717
52444 3678
52445 4124
52446 3018 3018
52447 1469
52448 733
52449 601
52450 4378
52451 1870
52452 272 1127
52453 595
52454 237
52455 413
52456 3405
52457 2969 3267
52458 1593
52459 4202
52460 2645
52461 3173
52462 351 784
52463 1516
52464 3215
52465 4382
52466 1308
52467 1439
52468 4157
52469 419
52470 2785
52471 185
52472 1872
52473 3206
52474 1564
52475 2864
52476 3941
52477 3214
52478 582
52479 53
52480 981
52481 4192
52482 3830
52483 697 3963
52484 876
52485 2955
52486 922
52487 2001
52488 585
52489 1000
52490 4202
52491 3787
52492 2653
52493 4125
52494 3481
52495 2330
52496 1823
52497 3250
52498 2629
52499 2727
52500 190 313 315 2092
52501 3441
52502 3209
52503 2525
52504 2849
52505 228
52506 2983
52507 3389
52508 2714
52509 4292
52510 2914
52511 4072
52512 1311
52513 3459
52514 249
52515 1275
52516 3742
52517 2080
52518 285
52519 720
52520 2835
52521 1267 1278
52522 340
52523 416
52524 3200
52525 2095
52526 1679
52527 2356
52528 2675
52529 1569
52530 474
52531 3410
52532 919
52533 627
52534 1603
52535 1773
52536 2305
52537 820
52538 4227
52539 1694
52540 3005
52541 2273
52542 2847
52543 1064
52544 489
52545 3570
52546 2359
52547 3494
52548 182
52549 817
52550 844
52551 93
52552 1785
52553 3772
52554 2037
52555 1763
52556 1778
52557 2705
52558 2408
52559 2960
52560 3173
52561 3013
52562 3217
52563 1064
52564 1887
52565 428
52566 110
52567 694 3653
52568 2461
52569 2679 3207
52570 680
52571 3209
52572 2538
52573 1836
52574 1306 1502 3499
52575 3826
52576 446 2666
52577 2001
52578 1339
52579 1050
52580 2699
52581 3718
52582 2163
52583 2983
52584 3243
52585 2046 3664
52586 1424
52587 3474
52588 3809
52589 2684
52590 3760
52591 186 1405 2218 2641
52592 3276
52593 2572
52594 3648
52595 915
52596 1115
52597 2038
52598 3858
52599 4163
52600 2351
52601 3826
52602 2131
52603 1567
52604 1471 1472
52605 836
52606 3638
52607 1776
52608 905
52609 3375
52610 1827
52611 168
52612 2991
52613 1086
52614 3286
52615 3127
52616 1171
52617 1716
52618 3643
52619 3535
52620 3792
52621 116
52622 3658
52623 3935 4352
52624 1056
52625 1982
52626 700
52627 4484
52628 1817
52629 1097
52630 1913
52631 1319
52632 4319
52633 964
52634 1345
52635 242
52636 2691
52637 2940
52638 1112
52639 2705
52640 1585
52641 712
52642 3987
52643 2811
52644 3344
52645 3154
52646 1200
52647 1680
52648 2729
52649 4204
52650 2873
52651 2219
52652 3938
52653 3632
52654 3378
52655 1037
52656 1346
52657 394
52658 3210
52659 1352 4150
52660 1394
52661 3136
52662 82
52663 1231
52664 3188
52665 974
52666 2503
52667 2082
52668 1623
52669 3171
52670 3102
52671 1539 2751
52672 2665
52673 2423 2811
52674 3892
52675 2508
52676 343
52677 1993
52678 1167
52679 1814
52680 1450
52681 2653
52682 2186
52683 1485 1539
52684 1178
52685 964
52686 3695
52687 936 1036 1253 1264
52688 667 883
52689 1432
52690 4076
52691 2798
52692 2526
52693 1777
52694 802
52695 3091
52696 1636
52697 4120
52698 3208
52699 1254
52700 3990
52701 793
52702 2486
52703 2680 3209 3364
52704 143
52705 820
52706 1894
52707 3190
52708 3788
52709 2601
52710 3105
52711 1236 3190
52712 470 514 1659
52713 4094
52714 372
52715 2873
52716 2268
52717 1065
52718 1280
52719 3934
52720 3428
52721 3991
52722 3846
52723 136
52724 4448
52725 1118
52726 4043
52727 1674
52728 461
52729 3217
52730 3830
52731 1108
52732 4207
52733 4425
52734 2162
52735 918
52736 4364
52737 574
52738 2737
52739 1586
52740 4094
52741 1566
52742 1589
52743 2114
52744 669
52745 1297
52746 3295
52747 820 2852
52748 252 2520 3137
52749 901
52750 793
52751 3655
52752 1206
52753 4148
52754 1044
52755 36
52756 3666
52757 2057
52758 2827
52759 2242
52760 4340
52761 269
52762 4298
52763 3356
52764 3712
52765 1102
52766 2481
52767 3823
52768 1956
52769 2905
52770 3428
52771 743
52772 396 2327 4087
52773 2497
52774 3212
52775 79
52776 3628 4173
52777 2100
52778 2815
52779 1334
52780 1091
52781 2513
52782 550
52783 3648
52784 1048
52785 1325 1446
52786 2873
52787 3688
52788 3826
52789 737
52790 251
52791 3132
52792 1359
52793 3768
52794 877
52795 3125
52796 3525
52797 1584
52798 3128
52799 377
52800 515
52801 2533
52802 3209
52803 1175
52804 1493
52805 349
52806 2257
52807 3950
52808 231 244 2250
52809 1417
52810 3987
52811 3726
52812 2690
52813 4148
52814 1795
52815 3804
52816 78
52817 2873
52818 2765
52819 1250
52820 4136
52821 1432
52822 3862
52823 2062
52824 1253
52825 1084
52826 1446
52827 3881
52828 2057
52829 2744
52830 1044
52831 2300
52832 1025 1469 3381 3699
52833 530
52834 1734
52835 2653
52836 3212
52837 711
52838 1469
52839 4076
52840 3880
52841 2654
52842 2706
52843 170
52844 4336
52845 962
52846 3327
52847 844 1471 1883 1934
52848 3330
52849 4450
52850 399
52851 2853
52852 4126
52853 3399
52854 1683
52855 1234
52856 2470
52857 501
52858 2483
52859 467
52860 2349
52861 3788
52862 3302
52863 2395
52864 1957
52865 4451
52866 1919
52867 2006
52868 1574
52869 1535
52870 1647
52871 1137
52872 1152
52873 3838
52874 2254
52875 227 2936 2950
52876 2243
52877 3762
52878 1530
52879 3987
52880 1915
52881 737
52882 2046
52883 181
52884 1837
52885 50
52886 88
52887 1237
52888 2960
52889 994
52890 1721
52891 280
52892 3476
52893 1062
52894 983
52895 919
52896 473
52897 3890
52898 4103
52899 3200
52900 2437
52901 4021
52902 1341
52903 3937
52904 2202
52905 670
52906 1860
52907 3664
52908 2375
52909 4028
52910 2732
52911 3990
52912 1904
52913 3263
52914 3730
52915 864
52916 2771
52917 1247
52918 2924
52919 1180
52920 1107
52921 187
52922 1867 2420
52923 1267
52924 4324
52925 3987
52926 2075
52927 26
52928 2565
52929 401
52930 3647
52931 803
52932 657
52933 4344
52934 2850
52935 3216
52936 2961
52937 1079
52938 1215
52939 3161
52940 570
52941 103
52942 2593
52943 3938
52944 1114
52945 2030
52946 1132
52947 3214
52948 797 1257 2694 3298 3697
52949 3688
52950 1940
52951 852
52952 2973
52953 4297
52954 1840
52955 3232
52956 4006
52957 91
52958 2845
52959 3486
52960 2778
52961 3208
52962 2950
52963 4311
52964 1344
52965 1310
52966 3213
52967 2992
52968 587
52969 2565
52970 3221
52971 905
52972 2640
52973 3726
52974 3124
52975 2702
52976 1162
52977 799
52978 2981
52979 1908
52980 879
52981 1455 2434
52982 4127 4342
52983 3970
52984 3261
52985 1343
52986 1111
52987 844 1496
52988 1167
52989 2824
52990 394
52991 1288
52992 2713
52993 3740
52994 4475
52995 571
52996 1697
52997 4427
52998 3441
52999 3596
53000 953 1457 1457 2912
53001 3190
53002 1267
53003 3873
53004 3484
53005 1297
53006 3208
53007 2186
53008 3092
53009 387
53010 2904
53011 2793
53012 1883
53013 3083
53014 737
53015 2294
53016 3093
53017 4292
53018 3300
53019 1485 3040
53020 4150
53021 4495
53022 1554
53023 2033
53024 267
53025 2046
53026 3770
53027 766
53028 3758
53029 2904
53030 4141
53031 3217 3693
53032 4328
53033 1238
53034 1733
53035 2963
53036 986
53037 3250
53038 3299
53039 2195
53040 3938
53041 3808
53042 3087
53043 2679
53044 3146
53045 2267
53046 3209
53047 3441
53048 1905
53049 3876
53050 1058
53051 3134
53052 2437
53053 3650
53054 3803
53055 1593
53056 3586
53057 1812
53058 1349
53059 3786
53060 233
53061 867
53062 415
53063 4167
53064 1851
53065 883
53066 3930
53067 4475
53068 1412
53069 4339
53070 1364
53071 3927
53072 1680
53073 3758
53074 2543
53075 2901
53076 4412
53077 4456
53078 18
53079 3835
53080 1566
53081 3839
53082 2337
53083 2770
53084 2505
53085 2483
53086 3137
53087 4217
53088 1593
53089 3955
53090 801 1361
53091 3572
53092 2628
53093 353
53094 180
53095 3850
53096 1635
53097 882
53098 490
53099 3208
53100 968
53101 1883
53102 3217
53103 2864
53104 4252
53105 450
53106 734
53107 1851
53108 2718
53109 1271
53110 1615
53111 2865
53112 480
53113 2660
53114 4027
53115 700
53116 3217
53117 2438
53118 1498
53119 3036
53120 1108
53121 2732
53122 1063
53123 3442
53124 1910
53125 3122
53126 2786
53127 2666
53128 3231
53129 2516
53130 2162
53131 793
53132 3215
53133 3950
53134 174
53135 3817
53136 793
53137 2801
53138 4231
53139 882
53140 538
53141 3213
53142 3
53143 2997
53144 2982
53145 3396
53146 321
53147 1953
53148 2876
53149 1785
53150 3304
53151 4027
53152 4003
53153 3792
53154 2531
53155 2200
53156 2564
53157 26
53158 3880
53159 1496
53160 1306 2900
53161 1191
53162 2232
53163 1839
53164 4004
53165 1984
53166 2395
53167 3054
53168 541
53169 2630
53170 1810
53171 3665
53172 2951
53173 2147
53174 2997
53175 2115
53176 3200
53177 3472
53178 3837
53179 2520
53180 3008
53181 3530
53182 986
53183 3848
53184 1413
53185 721
53186 2791
53187 507 529 537 885 1447 3472 3517
53188 783
53189 3331
53190 4030
53191 2795 3053
53192 342
53193 2137
53194 3666
53195 444
53196 861
53197 572
53198 348
53199 738
53200 2888
53201 50
53202 883
53203 1547 2485 2796 3969
53204 3460
53205 4162
53206 678
53207 1201
53208 4389
53209 3430
53210 3369
53211 2077
53212 3493
53213 74
53214 609
53215 970
53216 3665
53217 3715
53218 1718
53219 2957
53220 559
53221 643
53222 2482
53223 3858
53224 2702
53225 3966
53226 3324
53227 4309
53228 2164
53229 2860
53230 494 2939 2947
53231 1668
53232 1287
53233 733
53234 2559 2989
53235 1967
53236 306
53237 1650
53238 2830
53239 1522
53240 757
53241 3399
53242 1593
53243 1417
53244 2882
53245 2082
53246 1091
53247 1592
53248 1637
53249 1220
53250 431
53251 4451
53252 2767
53253 894
53254 1775
53255 3109
53256 1301
53257 3821
53258 976
53259 1495
53260 3661
53261 3965
53262 3526
53263 3125
53264 1670
53265 3497
53266 1119
53267 2062
53268 2927
53269 3943
53270 2622
53271 3205
53272 2992 4355
53273 3181
53274 3423
53275 1477
53276 2230
53277 2992
53278 1626
53279 1449
53280 2771
53281 3741
53282 2348
53283 667 3416
53284 2593
53285 3527
53286 1571
53287 211
53288 2289
53289 3846
53290 1300
53291 2991
53292 4173 4474
53293 1101
53294 1388
53295 4145
53296 1844
53297 539
53298 3045
53299 4199
53300 3647
53301 2836
53302 3162
53303 1120
53304 1635
53305 3217
53306 118
53307 784
53308 3487
53309 956
53310 699
53311 1352 2899
53312 1329
53313 1110
53314 3713
53315 1202
53316 123
53317 3157
53318 1133
53319 1542
53320 3436
53321 2290
53322 241
53323 1429
53324 2403 2607 2910 3045 3688
53325 4043
53326 550 559 735 1427 2061 3664 3932
53327 876
53328 734
53329 3666
53330 1408
53331 3215
53332 2159
53333 2960
53334 3474
53335 3184
53336 4108
53337 2994
53338 3154
53339 308
53340 2950
53341 2611
53342 504
53343 4193
53344 3441
53345 3864
53346 4475
53347 822
53348 2140
53349 3122
53350 495
53351 1318
53352 669
53353 3972
53354 4150 4151
53355 4225
53356 1670
53357 1787
53358 3113
53359 1956
53360 1455
53361 2246
53362 3893
53363 3676
53364 4080
53365 123
53366 3133
53367 1087
53368 745 842
53369 928
53370 148
53371 1342
53372 3660
53373 4178
53374 607
53375 2084
53376 1902
53377 3478
53378 1202 4125
53379 782
53380 2330
53381 1955
53382 2095
53383 3923
53384 1199
53385 1493
53386 562
53387 3917
53388 1021
53389 3441
53390 2604
53391 2063
53392 2590
53393 1232
53394 142
53395 1879
53396 1340
53397 2149
53398 2001
53399 3154
53400 1944
53401 3663
53402 2509
53403 596
53404 2606
53405 2706
53406 3994
53407 4170
53408 3577
53409 905
53410 751
53411 1652
53412 106 3816
53413 1202
53414 4436
53415 2475 2716
53416 2530
53417 3021
53418 793
53419 1510
53420 747
53421 3317
53422 2750
53423 4295
53424 1704
53425 3256
53426 2579
53427 2043
53428 1478
53429 1357
53430 731
53431 1044
53432 3520
53433 4369
53434 473 933
53435 2992
53436 3085
53437 733
53438 3391
53439 4428
53440 2517
53441 2832
53442 4201
53443 3155
53444 223 2360 4343
53445 3908
53446 2765
53447 1835
53448 1434 4176
53449 2205
53450 4022
53451 3477
53452 3154
53453 3162
53454 4462
53455 563 2621
53456 621 1411
53457 1211
53458 705
53459 1316
53460 3108
53461 3541
53462 4378
53463 1425
53464 1036
53465 4362
53466 3902
53467 1311
53468 1348
53469 2001
53470 3602
53471 2031
53472 369
53473 2172
53474 4211
53475 565
53476 4491
53477 3706
53478 470
53479 3763
53480 4382
53481 3860
53482 2807
53483 2933
53484 3209
53485 836
53486 1434
53487 1178
53488 80
53489 387
53490 2595
53491 3041
53492 2852
53493 895
53494 3728
53495 1257 2801 3913
53496 460
53497 1405
53498 1386
53499 1870
53500 3915
53501 1579
53502 3731
53503 2687
53504 84
53505 611
53506 1110
53507 3687
53508 3443
53509 747 1313
53510 3818
53511 3824
53512 1692
53513 4233
53514 3070
53515 1832
53516 1111
53517 737
53518 3833
53519 876
53520 2837
53521 2950
53522 3217
53523 1346
53524 2914
53525 3293
53526 1179
53527 1569
53528 3216
53529 3216
53530 4295
53531 2511
53532 2660
53533 4025
53534 2230
53535 2751
53536 1058
53537 2688
53538 1163
53539 429
53540 1760
53541 3208
53542 609
53543 3157
53544 400
53545 3824
53546 3155
53547 3269 4221
53548 712
53549 732
53550 4123
53551 2062
53552 1891
53553 2204
53554 2679
53555 1540
53556 1014
53557 2799
53558 3499
53559 3527
53560 3097
53561 4244
53562 289
53563 3037
53564 2556
53565 560
53566 4442
53567 3294
53568 4050
53569 3578
53570 2084
53571 4013
53572 671 2212 2468
53573 1196
53574 3396
53575 3624
53576 2391
53577 3511
53578 986 2959
53579 989
53580 3209
53581 1685
53582 2870
53583 2371
53584 2397
53585 1236
53586 669 2818
53587 775
53588 1205
53589 3497
53590 3288 3293
53591 1085
53592 655
53593 4289
53594 552
53595 2718
53596 2494 3633 3666
53597 3208
53598 199 2612
53599 2077
53600 3696
53601 2003
53602 1486
53603 2029
53604 3359
53605 725
53606 943
53607 2168
53608 1275
53609 3087
53610 399
53611 3583
53612 4379
53613 429
53614 2023
53615 733
53616 2582
53617 2901
53618 1706
53619 877
53620 2740
53621 3986
53622 1530
53623 3359
53624 802
53625 1303
53626 2470
53627 921
53628 2847
53629 3609
53630 1932
53631 1337
53632 1692
53633 4141
53634 7
53635 444
53636 3831
53637 119
53638 2643
53639 3517
53640 2303
53641 3324
53642 3247
53643 669
53644 2819
53645 4361
53646 2988
53647 470
53648 1455 2927
53649 4113
53650 3961
53651 3018
53652 1047
53653 4359
53654 3769
53655 2360
53656 1348
53657 3976
53658 3139
53659 326 326
53660 4257
53661 394
53662 3256
53663 690
53664 2606 2607
53665 774
53666 889
53667 497 1839
53668 1589
53669 3545
53670 2861
53671 109
53672 419 3754
53673 2788
53674 410
53675 1784 1798
53676 1797
53677 2776
53678 2559
53679 246 1454 3858
53680 4159
53681 2502
53682 1784
53683 984
53684 1758
53685 2809
53686 4453
53687 3211
53688 3938
53689 211
53690 4306
53691 2992
53692 479
53693 3472
53694 2301
53695 2859
53696 1030
53697 4353
53698 3106
53699 1453 1777
53700 2144
53701 338 2603
53702 3529
53703 2078
53704 2772
53705 1570
53706 283
53707 3891
53708 2250
53709 3945
53710 3654
53711 130 3195
53712 965
53713 4116
53714 4227
53715 634 890 2560
53716 4428
53717 2128
53718 1306
53719 4246
53720 186
53721 960
53722 2385
53723 1853
53724 923
53725 1002
53726 3991
53727 4438
53728 1707
53729 3216
53730 3781
53731 4256
53732 4422
53733 2302
53734 3721
53735 1148
53736 3824
53737 2523
53738 1060 1418
53739 3728
53740 1496
53741 737
53742 1535
53743 399
53744 4270
53745 2853
53746 3190
53747 1396
53748 3696
53749 2092
53750 3245
53751 3209
53752 1913
53753 4265
53754 3187
53755 645
53756 2444
53757 4298
53758 3899
53759 3200
53760 2282
53761 3636
53762 3200
53763 2512
53764 379
53765 1325
53766 162 215 2379 2470 3425
53767 507
53768 3495
53769 3686
53770 1987
53771 2737
53772 2022
53773 3041
53774 1486
53775 2217
53776 2057
53777 1418
53778 1345
53779 3539
53780 3493
53781 459
53782 3709
53783 2240
53784 2426
53785 1149
53786 2202
53787 3211
53788 4179
53789 2638
53790 3986
53791 2606
53792 1149
53793 3831
53794 3801
53795 577
53796 3394
53797 181
53798 482
53799 1731
53800 625
53801 984
53802 1478
53803 3419
53804 3478
53805 4413
53806 3785
53807 1847
53808 3239
53809 4488
53810 67
53811 2300
53812 2790
53813 1469 3666
53814 1245
53815 52
53816 2205
53817 725
53818 3374
53819 1236
53820 2217
53821 2917
53822 1870
53823 217
53824 1681
53825 3156
53826 4445
53827 2283
53828 3738
53829 3665
53830 1924
53831 435
53832 1237
53833 2037
53834 1566
53835 2770
53836 3882
53837 802
53838 228
53839 4457
53840 1471
53841 1524
53842 453
53843 3768 4436
53844 2959 4436
53845 1769
53846 4075
53847 1181
53848 393
53849 1244
53850 3473
53851 297
53852 3647
53853 4071
53854 2023
53855 2914
53856 2686
53857 2910
53858 639
53859 1910
53860 1792
53861 2516
53862 473
53863 4283
53864 1354
53865 4494
53866 2994
53867 4056
53868 3417
53869 4450
53870 2929 3598
53871 4359
53872 476
53873 4403
53874 834 880 1601
53875 2804
53876 1210
53877 2844
53878 2487
53879 363
53880 1144
53881 3653 4094
53882 3786
53883 998
53884 3379
53885 3201
53886 1437
53887 1441
53888 3994
53889 3209
53890 2699
53891 2511
53892 4207
53893 3667 4002
53894 793
53895 4168
53896 2847
53897 4415
53898 1316
53899 682 3096
53900 324
53901 1455
53902 1139
53903 2839
53904 1111
53905 2642
53906 1600
53907 2858
53908 644
53909 668
53910 1446
53911 1845
53912 1247
53913 3983
53914 1565
53915 1341
53916 1339
53917 1905
53918 3666
53919 954 986
53920 2691
53921 974
53922 1210
53923 3285
53924 3662
53925 2628 2908
53926 1840
53927 1284
53928 2365
53929 1522
53930 321
53931 3427
53932 2945
53933 3430
53934 1023
53935 1418
53936 3768
53937 3903
53938 1524
53939 1703
53940 1931 2910 2984 4284
53941 3165
53942 2749
53943 1256
53944 3131
53945 1401
53946 2618
53947 737
53948 3709
53949 342
53950 1469
53951 4086 4304
53952 3217
53953 215
53954 151 3976 4269
53955 1094
53956 3685
53957 861
53958 1857
53959 1040
53960 801
53961 2078
53962 1711
53963 3394
53964 1359
53965 2346 3973
53966 3526
53967 2663
53968 2363
53969 1042
53970 784
53971 931
53972 2614
53973 2240
53974 1466
53975 524
53976 1131
53977 1278
53978 3229
53979 3216
53980 3466
53981 1453
53982 2559
53983 2950
53984 880
53985 3424
53986 3838
53987 3610
53988 2035
53989 4142
53990 4046
53991 2730
53992 342
53993 3934
53994 2868
53995 1446 3768
53996 539
53997 1550
53998 1441
53999 507
54000 4340
54001 3959
54002 3671
54003 4237
54004 3452
54005 1633
54006 839
54007 3688
54008 507
54009 2719
54010 3029
54011 3868
54012 3015
54013 4012
54014 3023
54015 4348
54016 1428
54017 455
54018 13
54019 3790
54020 2276
54021 3681
54022 4298
54023 861
54024 3200
54025 3317
54026 2771
54027 3643
54028 248
54029 387
54030 3423
54031 773
54032 2424
54033 1471
54034 4105
54035 1067
54036 1220
54037 3576
54038 877
54039 1353
54040 1512
54041 2700
54042 3511
54043 2692
54044 2842
54045 92
54046 697
54047 3255
54048 1186
54049 2152
54050 4290
54051 497
54052 3261
54053 1149
54054 2848
54055 3471 4162
54056 4273
54057 3596
54058 2197
54059 2482 2702
54060 1081
54061 2983
54062 1793
54063 1194
54064 1030
54065 2982
54066 129
54067 483
54068 2488
54069 1227
54070 2415
54071 3894
54072 1148
54073 4246
54074 2465
54075 1848
54076 1851
54077 3217 4301
54078 17
54079 62
54080 3188
54081 2816
54082 2987
54083 248
54084 4112
54085 2058
54086 3754
54087 2636
54088 1432
54089 3180
54090 503
54091 1728
54092 1366
54093 4450
54094 4086
54095 3200
54096 337 2423
54097 634
54098 900
54099 1006
54100 2852
54101 3268
54102 4431
54103 3558
54104 1251 1257 2571
54105 1452
54106 1572
54107 3665 4123
54108 976 1402
54109 751
54110 2654
54111 1354
54112 2649
54113 4234
54114 2342
54115 3036
54116 2084
54117 3932
54118 1590
54119 447
54120 1957
54121 3227
54122 2715
54123 41
54124 3022
54125 1857
54126 1976
54127 694
54128 3434
54129 4202
54130 714
54131 3512
54132 1258
54133 488
54134 2075
54135 334
54136 3499
54137 3386
54138 1236
54139 1100
54140 2552
54141 1664
54142 3085
54143 60
54144 140
54145 896
54146 1438
54147 2475
54148 1576
54149 501 2929 3097
54150 2736
54151 1926
54152 481 1060 1282 3188
54153 2751
54154 3338
54155 3607
54156 4144
54157 2653
54158 2931
54159 216
54160 4489
54161 396
54162 1029
54163 3380 3638
54164 3896
54165 3209
54166 323
54167 3594
54168 4033
54169 2521
54170 3318
54171 262
54172 80
54173 48
54174 2564
54175 2363
54176 2281 2321 2366 2699
54177 879
54178 2835
54179 2452
54180 2490
54181 1037
54182 860
54183 3505
54184 660
54185 3728
54186 2904
54187 2689
54188 3689
54189 2657
54190 2062
54191 3858
54192 4043
54193 3399
54194 4488
54195 1236
54196 3759
54197 2872
54198 754
54199 1095
54200 2503
54201 1581
54202 3395
54203 264
54204 4132
54205 1795
54206 2916
54207 882
54208 3027
54209 1786
54210 4340
54211 1955
54212 3583
54213 3544
54214 56
54215 753
54216 2626
54217 1447
54218 446 1147
54219 3940
54220 4098
54221 2084
54222 3895
54223 3673
54224 1392
54225 1595
54226 1166
54227 1524
54228 1054 1156
54229 1240
54230 3567
54231 754
54232 470
54233 385 1797
54234 3678
54235 889
54236 1414
54237 393
54238 2466
54239 3433
54240 3597
54241 3008
54242 1418
54243 2387 2896 2904
54244 3761
54245 3440
54246 2678
54247 2984
54248 229 2847 3000
54249 784
54250 387
54251 4391
54252 4123
54253 35
54254 1200
54255 1593
54256 108
54257 3074
54258 41
54259 434
54260 1119
54261 1492
54262 3595
54263 2083
54264 3813
54265 3301 3301
54266 2859
54267 1919
54268 4249
54269 1511
54270 924 3250
54271 1857
54272 2186
54273 57
54274 682
54275 457
54276 3915
54277 1701 3000
54278 3296
54279 1898 4138
54280 2636
54281 3009
54282 830
54283 3216
54284 2048
54285 394
54286 444 3048
54287 3945
54288 793
54289 2182
54290 2255
54291 2881
54292 1235
54293 444 498
54294 4048
54295 786
54296 3754
54297 4323
54298 3902
54299 861
54300 3002
54301 3217
54302 3895
54303 40
54304 1769
54305 783
54306 367
54307 1822
54308 473 545 1255
54309 2573
54310 1194
54311 520
54312 1883 3379
54313 1400
54314 2978
54315 2168
54316 1238
54317 446 1257
54318 3891
54319 2983
54320 373
54321 4489
54322 3907
54323 1634
54324 4140
54325 2705 2796
54326 191
54327 4272
54328 2409
54329 1407 1496
54330 3792
54331 2811
54332 3581
54333 1870
54334 1350
54335 1761
54336 800
54337 1797
54338 3854
54339 677
54340 4340
54341 2950 3598
54342 2393
54343 1168
54344 2661
54345 1182
54346 3525
54347 1145
54348 2950 2975
54349 475
54350 2173
54351 3190
54352 2653
54353 1949
54354 4252
54355 473
54356 16
54357 4378
54358 1918
54359 2518
54360 1251
54361 3217
54362 4172
54363 667
54364 911
54365 2666
54366 3621
54367 646
54368 1709
54369 1120
54370 4229
54371 1038
54372 3154
54373 2399
54374 820
54375 2641
54376 4056
54377 2170
54378 1814
54379 1068
54380 990
54381 2501
54382 3667
54383 3217
54384 2773 4151
54385 874 944 1232 3970 4183
54386 1043
54387 1684
54388 2750
54389 2994
54390 387 3426
54391 898
54392 2527
54393 4428
54394 3768
54395 3659
54396 2037
54397 2770
54398 1707
54399 4385
54400 1744
54401 4358
54402 545
54403 2643
54404 2808
54405 1202
54406 3204
54407 3792
54408 3833
54409 1159
54410 3279
54411 1731
54412 4307
54413 1789
54414 3472
54415 3516
54416 4271
54417 1592
54418 2845
54419 4225
54420 1076
54421 3250
54422 3172
54423 2151
54424 2234
54425 2217
54426 3200
54427 942
54428 3906
54429 3711
54430 85
54431 3531
54432 3419
54433 313
54434 3580
54435 3841
54436 375
54437 3487
54438 2765
54439 916
54440 727
54441 771
54442 1025
54443 4203
54444 3919
54445 1535
54446 3525
54447 1028
54448 3679
54449 4164
54450 1202
54451 220
54452 2861
54453 2352
54454 3122
54455 1554
54456 888
54457 2033
54458 4199
54459 731
54460 3781
54461 921
54462 2191
54463 2053
54464 2844
54465 1583
54466 3589
54467 1739
54468 1583
54469 3331
54470 2667
54471 2128
54472 3188
54473 1365 2768
54474 4356
54475 3461
54476 1428
54477 4192
54478 4265
54479 3593
54480 2452
54481 684
54482 549
54483 1636
54484 1767
54485 1446
54486 3399 3848
54487 1968
54488 4471
54489 521
54490 687
54491 4011
54492 3325
54493 802 3938
54494 4458
54495 745
54496 2067
54497 2103
54498 2001
54499 2331
54500 2496
54501 654
54502 3513
54503 2353
54504 2769
54505 3920
54506 1202 1306 2966 2979
54507 3138
54508 519
54509 4474
54510 802
54511 1044
54512 2915
54513 1349
54514 2547
54515 3003
54516 2809
54517 2024
54518 607
54519 1214
54520 1038
54521 1792
54522 2540 2957
54523 923
54524 2622
54525 2753
54526 4171
54527 319
54528 3628
54529 1571
54530 3727
54531 3213
54532 521
54533 3443
54534 3020
54535 3122
54536 1065
54537 1507
54538 3339
54539 754
54540 59
54541 2430
54542 4057
54543 3100
54544 251
54545 4118
54546 1348
54547 360
54548 1540 1841 3485 3701
54549 1731
54550 174 2248 2594
54551 868
54552 3770
54553 213
54554 2686
54555 2967
54556 2631 4204
54557 3670
54558 894
54559 3289
54560 965
54561 1111
54562 3052
54563 2432
54564 4485
54565 3494
54566 1441 2909
54567 1335
54568 147
54569 270
54570 3770
54571 3736
54572 3701
54573 3217
54574 2591
54575 3419
54576 2179
54577 3895
54578 2815 2835 2860 2873
54579 3125
54580 588
54581 1430
54582 915
54583 1607
54584 3016
54585 1479
54586 3161 4221
54587 3486
54588 4341
54589 4224
54590 3208
54591 3942
54592 2338
54593 4123
54594 409
54595 4292
54596 2470
54597 3969
54598 4082
54599 2062
54600 3216
54601 204
54602 1069
54603 1892
54604 1341
54605 2811
54606 1257
54607 2328
54608 1009
54609 3209
54610 1370
54611 2576
54612 2092
54613 1316 4070
54614 1865
54615 140
54616 3019
54617 536
54618 1014
54619 1883
54620 3975
54621 4283
54622 3488
54623 4334
54624 2737
54625 745
54626 2950
54627 405 2453
54628 1278 3217 3597
54629 2757
54630 882
54631 3200
54632 1742
54633 2185
54634 2984 3218
54635 1036 3858
54636 1236
54637 3533
54638 2893
54639 1713
54640 3437
54641 3596
54642 1257
54643 1158
54644 797
54645 824
54646 2252
54647 393
54648 3213
54649 2792 2795 2821
54650 1787
54651 851
54652 470
54653 2369
54654 614
54655 1156
54656 185
54657 1724
54658 2308
54659 717
54660 4388
54661 4388
54662 1340
54663 324 1599 2910
54664 699
54665 3231
54666 2261
54667 2521
54668 3809
54669 4327
54670 3871
54671 2309
54672 44
54673 1628
54674 754
54675 1757
54676 3331
54677 1104 3190
54678 948
54679 134
54680 3677
54681 4447
54682 2763
54683 2003
54684 138
54685 3991
54686 2358
54687 3578
54688 418
54689 3518
54690 1042
54691 3763
54692 3211
54693 1040
54694 374
54695 1116
54696 1341
54697 2100
54698 3324
54699 2239
54700 2271
54701 5
54702 2173
54703 3006
54704 379
54705 3252
54706 790
54707 563
54708 3960
54709 2481
54710 1446
54711 4245
54712 137
54713 542
54714 4156
54715 1490 2416
54716 2497
54717 718
54718 2195
54719 2622
54720 623
54721 3337
54722 4314
54723 2371
54724 1680
54725 4431
54726 4445
54727 1607
54728 2012
54729 4465
54730 1952
54731 1172
54732 381 405 1070 2463 3110
54733 1636
54734 676
54735 2718
54736 1454
54737 3154
54738 2646
54739 2993
54740 1127
54741 595
54742 3253
54743 1358
54744 1857
54745 1149 1150
54746 1695
54747 3512
54748 1829
54749 2057
54750 1127
54751 3263
54752 3815
54753 2193
54754 248
54755 858
54756 3860
54757 3203
54758 3190
54759 155
54760 3986
54761 4000
54762 2082
54763 3318
54764 419
54765 417
54766 1261
54767 3790
54768 2062
54769 1632
54770 3826
54771 1582 2984 4348
54772 3417
54773 1481
54774 3594
54775 3754
54776 2860
54777 3881
54778 1054 3705 4062
54779 1482
54780 4073
54781 286 2565
54782 278
54783 1859
54784 2963
54785 87
54786 3961
54787 2494
54788 3933
54789 2081
54790 289
54791 1566
54792 1883
54793 336
54794 3023
54795 874
54796 2515
54797 3855
54798 919
54799 2415
54800 1202
54801 3108
54802 2338
54803 2003
54804 402 454 684 2799 3933
54805 1472
54806 557
54807 3647
54808 597
54809 3667
54810 3170
54811 4148
54812 438
54813 2662
54814 2533
54815 655
54816 2474
54817 2846
54818 3355
54819 1236
54820 1006
54821 4491
54822 531
54823 1169
54824 669 3687 3754
54825 3766
54826 2008
54827 4123
54828 3944
54829 3222
54830 4242
54831 1247 2982
54832 4028
54833 3806
54834 3330
54835 3717
54836 3418
54837 1025 3383
54838 3271
54839 1809
54840 2955
54841 830 1664
54842 3470
54843 1969 2626
54844 1502 3632
54845 285
54846 4118
54847 2769
54848 4086
54849 3899
54850 1275
54851 2986
54852 339
54853 1231
54854 1776
54855 2424
54856 4299
54857 2009
54858 4353
54859 3544
54860 78
54861 1930
54862 2963
54863 3114
54864 4292
54865 1894
54866 2847
54867 3614
54868 940
54869 3319
54870 3925
54871 1720
54872 1041
54873 2702
54874 1428
54875 4441
54876 2017
54877 3419
54878 4354
54879 1311
54880 1199
54881 2288
54882 2350
54883 857
54884 477
54885 3200
54886 3583
54887 3958
54888 4433
54889 3934
54890 2562
54891 4340
54892 3200
54893 1562 2050
54894 260
54895 2554
54896 74
54897 429
54898 481
54899 2117
54900 3188
54901 3
54902 769
54903 1227
54904 3626
54905 2236
54906 1915
54907 3992
54908 754
54909 424
54910 2961
54911 1955
54912 1648
54913 771
54914 1956
54915 4349
54916 2658
54917 565
54918 3483
54919 379
54920 2603
54921 3892
54922 4331
54923 1061
54924 1609
54925 2737
54926 1959
54927 2974
54928 4491
54929 2075
54930 268
54931 3077
54932 406
54933 3887
54934 865
54935 4365
54936 4019
54937 2304
54938 3209
54939 789
54940 3367
54941 497
54942 1907
54943 2531
54944 1167
54945 998
54946 2765
54947 3754
54948 2054
54949 1870
54950 994
54951 3427
54952 159
54953 991
54954 4386
54955 1016
54956 2584
54957 2955
54958 2654
54959 894
54960 4142
54961 2226
54962 234
54963 2729
54964 338 3823
54965 230 405 2077 2687
54966 3521
54967 2566
54968 532
54969 247 1316 2415 4074
54970 1767
54971 3007
54972 2495
54973 3721
54974 1336
54975 92
54976 644
54977 2969
54978 3565
54979 2554
54980 1895
54981 3676
54982 3201
54983 429
54984 3200
54985 2878
54986 3766
54987 3798
54988 3853
54989 2186
54990 3210
54991 2001
54992 740
54993 2912
54994 3517
54995 2675
54996 226 1861
54997 853
54998 1257
54999 274
55000 2030
55001 2873
55002 3792
55003 2420
55004 3600
55005 2337
55006 916
55007 2283
55008 2704
55009 627
55010 331
55011 3858
55012 3674
55013 3412
55014 792
55015 2139
55016 1476
55017 2527
55018 3291
55019 3201
55020 203 339 342
55021 2705
55022 9
55023 3979
55024 4346
55025 3083
55026 2793
55027 441 734 1391
55028 3163
55029 2460
55030 1093
55031 2174
55032 1430
55033 3542
55034 2090
55035 4455
55036 1860
55037 2291
55038 341
55039 2839
55040 793
55041 3190
55042 2969
55043 2470 2940
55044 1202
55045 285
55046 51
55047 394
55048 935
55049 1718
55050 2033
55051 1176
55052 3324
55053 3152
55054 1915
55055 1593
55056 1469
55057 1759
55058 3738
55059 784
55060 1775
55061 3104
55062 4150
55063 2959 3665
55064 4489
55065 3078
55066 2992
55067 392
55068 3193
55069 3567
55070 2095
55071 2694
55072 4026
55073 2655
55074 1149
55075 1008
55076 1721
55077 995
55078 3748
55079 1452
55080 2739
55081 3958
55082 3383
55083 315
55084 4055
55085 3641
55086 1538
55087 3954
55088 641
55089 733
55090 3240
55091 4450
55092 2941
55093 2230
55094 1860
55095 2580
55096 618
55097 2481
55098 1574
55099 3983
55100 448 3915
55101 2732 2953
55102 2276
55103 1038
55104 4443
55105 2957
55106 3519
55107 739
55108 388
55109 1093
55110 4313
55111 2366
55112 2602
55113 1524
55114 274
55115 4298
55116 2418
55117 1495
55118 918
55119 3215
55120 1784
55121 670
55122 1050
55123 803
55124 1909
55125 3951
55126 3243
55127 2099
55128 1448
55129 3415
55130 692
55131 683
55132 701 1966
55133 1060
55134 3137
55135 311
55136 547
55137 577 4074
55138 987
55139 2509
55140 3905
55141 655
55142 3351
55143 1335
55144 2075
55145 2328
55146 4355
55147 3797
55148 2162
55149 1651
55150 1647
55151 1695
55152 895
55153 2864
55154 1361
55155 2227
55156 1910
55157 3097
55158 2427
55159 2236
55160 2104
55161 291 408
55162 2081
55163 3200
55164 2480
55165 2245
55166 4164
55167 2081
55168 808
55169 2819
55170 3071
55171 863
55172 4484
55173 4400
55174 1660
55175 1456 3039
55176 342
55177 964
55178 3961
55179 1133
55180 1540
55181 1316
55182 4209
55183 3717
55184 899
55185 3454
55186 2810
55187 1430 2816
55188 1195
55189 3631 4064
55190 2185
55191 1115
55192 884
55193 533
55194 2339
55195 2018
55196 1892
55197 3328
55198 4310
55199 4141
55200 1141
55201 825 4145
55202 2003
55203 78
55204 4173
55205 3207
55206 2945
55207 3312
55208 915
55209 1266
55210 464
55211 2086
55212 784
55213 1263
55214 1120
55215 3325
55216 3322
55217 2992
55218 565
55219 3672
55220 3427
55221 4132
55222 583
55223 2486
55224 2275 3057 3217 4430
55225 1685
55226 330
55227 1345
55228 1148
55229 4405
55230 3804
55231 1661
55232 4227
55233 3206
55234 1971
55235 761
55236 124
55237 2668
55238 1920
55239 1930
55240 2204
55241 984
55242 1194
55243 3851
55244 1580
55245 1039
55246 2953 2963
55247 1524
55248 3895 3908
55249 3186
55250 4156
55251 2846
55252 1149
55253 680
55254 2718
55255 3218
55256 1258 1299
55257 3181
55258 754
55259 3753
55260 1129
55261 1120
55262 1157
55263 4473
55264 3002
55265 711
55266 449
55267 4204
55268 2295
55269 4025
55270 2917 2917
55271 3937
55272 4281
55273 715
55274 3702
55275 876 1323
55276 840
55277 2037
55278 1323
55279 2519
55280 321
55281 1364
55282 2698 3631
55283 244 3188
55284 1691
55285 83
55286 1271
55287 1500
55288 3031
55289 1977
55290 1346
55291 3664
55292 2602
55293 2534
55294 3687
55295 536
55296 2967
55297 4102
55298 1147
55299 1524
55300 930
55301 1281
55302 4169
55303 2057
55304 1784 2460 3382
55305 2480
55306 1341
55307 517
55308 531 1456 2983
55309 682
55310 1471
55311 3685
55312 1316 3949
55313 522
55314 3840
55315 3986
55316 2989
55317 2886
55318 3354
55319 2952
55320 2602
55321 655
55322 1530
55323 4279
55324 3535
55325 1511
55326 916
55327 3487
55328 2415
55329 2748 3665
55330 54
55331 3284
55332 3186
55333 3386
55334 2281
55335 1970
55336 1277 3969
55337 1901
55338 4154
55339 3988
55340 228
55341 2284
55342 764
55343 3382
55344 1576
55345 3419
55346 4405
55347 2845 2914
55348 3595
55349 3438
55350 1306
55351 3754
55352 3422
55353 1951
55354 4492
55355 3472
55356 2381
55357 3691
55358 4024
55359 820
55360 3725
55361 2835
55362 2144
55363 133
55364 2793
55365 3204
55366 2739
55367 3468
55368 1850
55369 486 1411
55370 1680 4221
55371 915
55372 3204
55373 1991
55374 3231
55375 2301
55376 844
55377 2601
55378 90
55379 294
55380 72
55381 1633
55382 3216
55383 3210
55384 538
55385 615
55386 1783
55387 3793
55388 2264
55389 326
55390 684 1178
55391 336
55392 3325
55393 4355
55394 2761
55395 133
55396 986
55397 1626
55398 3754
55399 1878
55400 676
55401 3247
55402 733
55403 4447
55404 1551
55405 683
55406 2705
55407 500
55408 1471
55409 2657
55410 2260
55411 329
55412 2992
55413 2103
55414 1235
55415 3206
55416 2910
55417 3884
55418 1494
55419 1666
55420 2471
55421 936
55422 986
55423 686
55424 4452
55425 3336
55426 271
55427 2886
55428 1951
55429 2006
55430 4476
55431 1350
55432 4123
55433 1010
55434 342 3498
55435 1434
55436 2032
55437 2217
55438 3076
55439 3123
55440 1469
55441 2913
55442 2385
55443 820
55444 1172
55445 3247
55446 514
55447 3488
55448 722
55449 3340
55450 521 1179 2603
55451 1003
55452 3213
55453 2561
55454 3951
55455 287
55456 814
55457 1932
55458 3562 4306
55459 426
55460 3383
55461 2288
55462 2466
55463 134
55464 737
55465 1043
55466 3867
55467 1592
55468 3097
55469 3669
55470 820 2832
55471 1405
55472 4209
55473 3181
55474 2164
55475 3294
55476 1556
55477 4238
55478 4272
55479 3025
55480 3
55481 4209
55482 3241
55483 3275
55484 3200
55485 2802
55486 2655
55487 3277
55488 1097 1263
55489 3492
55490 772
55491 1446 3754
55492 3217
55493 2503
55494 3211
55495 622
55496 3905
55497 4348
55498 225
55499 4175
55500 1971
55501 366
55502 399
55503 2507
55504 1956
55505 3177
55506 1729
55507 3661
55508 4326
55509 1316
55510 3131
55511 2350
55512 865
55513 4058
55514 534
55515 225 1888
55516 3137
55517 2920 3647
55518 988
55519 2993
55520 2198
55521 428
55522 138
55523 2474
55524 979 1261
55525 435
55526 3204
55527 4190
55528 3444
55529 1693 3377 4479
55530 2722
55531 1803
55532 1122
55533 1431
55534 3283
55535 1984
55536 868
55537 3916 4297
55538 2036
55539 4082
55540 3094
55541 3394
55542 3631
55543 3552
55544 414
55545 4083
55546 3160
55547 1132
55548 4342
55549 1405
55550 4341
55551 260 883
55552 63
55553 2527
55554 3718
55555 1335
55556 1140
55557 3337
55558 373 616 1246 2916 2952 3060 3194 3221 3690 3690
55559 3673
55560 1463
55561 2312
55562 3832
55563 3697
55564 2739
55565 2196
55566 4315
55567 697
55568 1303
55569 2062
55570 1812
55571 4138
55572 2095
55573 1750
55574 3154
55575 4224
55576 3899
55577 3040
55578 2198
55579 1635
55580 1469 3509
55581 4363
55582 390
55583 3011
55584 2229
55585 331
55586 940
55587 3201
55588 3882
55589 134
55590 4239
55591 4283
55592 2891
55593 72
55594 4452
55595 2912
55596 2620
55597 340
55598 4480
55599 4221
55600 733
55601 1864
55602 562
55603 2057
55604 4241
55605 3685
55606 3318
55607 2756
55608 4236
55609 1798
55610 1113
55611 3963
55612 1836 4457
55613 3229
55614 1745
55615 642
55616 2082
55617 1477
55618 1084 4147
55619 4085
55620 672
55621 3099
55622 737
55623 3122
55624 3347
55625 489
55626 2845
55627 1784
55628 1649
55629 3431
55630 3813
55631 1467
55632 3164
55633 4305
55634 2520
55635 2989
55636 1460
55637 3194
55638 1912
55639 405 3302
55640 1355
55641 355
55642 3137
55643 1862
55644 331
55645 4013
55646 2771
55647 4037
55648 2386
55649 2992
55650 737 3209 4328
55651 551
55652 2950
55653 680 2901 3222
55654 3724
55655 3946
55656 3325
55657 1651
55658 2
55659 4243
55660 3493
55661 2799 2938
55662 3142
55663 3383
55664 94
55665 94
55666 2722
55667 1642
55668 2197
55669 2546
55670 2460
55671 30
55672 1814
55673 933
55674 347
55675 78
55676 3257
55677 1146
55678 78
55679 3933
55680 24
55681 58
55682 3374 4315
55683 2988
55684 3770
55685 771
55686 2544
55687 4038
55688 3949
55689 523 1405
55690 3147
55691 2098
55692 1055
55693 2063
55694 894
55695 3187
55696 2473
55697 4266
55698 1217
55699 1227
55700 2963 4147
55701 2396
55702 3665
55703 4025
55704 2799
55705 2738
55706 1894
55707 2822
55708 3809
55709 740
55710 2602
55711 2295
55712 4315
55713 2299
55714 2367
55715 2925
55716 3200
55717 3748
55718 3209
55719 133
55720 313
55721 2460 2578
55722 2834
55723 1469 3102
55724 420
55725 793
55726 1338
55727 3769
55728 3200
55729 3809
55730 330 2389
55731 2582
55732 3738
55733 1932
55734 2281
55735 1734
55736 2307
55737 2865
55738 1344
55739 623
55740 3574
55741 3454
55742 1239
55743 2421
55744 1106
55745 4373
55746 2813
55747 3848
55748 3663
55749 53
55750 1801
55751 248
55752 3374
55753 484
55754 3665
55755 4095
55756 2690
55757 3850
55758 2384
55759 460
55760 2057
55761 455
55762 2786
55763 3284
55764 1117
55765 340
55766 2516
55767 224
55768 2266
55769 52
55770 3971
55771 1471
55772 2689
55773 1102
55774 2825
55775 1109
55776 218
55777 2044
55778 1463 2964 2969
55779 2163
55780 1593
55781 3763
55782 4178
55783 2797
55784 889
55785 3959
55786 3761
55787 3889
55788 492
55789 1257
55790 624 2188 3304 4062
55791 94
55792 1445
55793 2268
55794 1302
55795 3216
55796 363
55797 490
55798 2029
55799 290
55800 95
55801 2985
55802 1785
55803 431
55804 4297
55805 3251
55806 447
55807 895
55808 1038 1955
55809 3489 3630
55810 92 1648 2077
55811 1694
55812 3328
55813 3145
55814 775
55815 235
55816 3871
55817 2898 2910
55818 4079
55819 1082
55820 1936
55821 1108
55822 1316
55823 1676
55824 3922
55825 2718
55826 1724
55827 3109
55828 3030
55829 1865
55830 2398
55831 2046
55832 2809
55833 894
55834 861
55835 4376
55836 1346
55837 2273
55838 3379
55839 4163
55840 89
55841 3588
55842 3129
55843 1469 3913
55844 585
55845 2871
55846 3937
55847 1193
55848 4074
55849 3990
55850 1340
55851 2968
55852 1973
55853 1550
55854 1694
55855 2741
55856 2514
55857 2540
55858 2229
55859 2512
55860 3148
55861 1267
55862 2133
55863 2224
55864 2798
55865 127
55866 2568
55867 3483
55868 3177
55869 2571
55870 1725 2732
55871 2898
55872 3204
55873 725 1308 2410 2639 2950 3684 4293
55874 2639
55875 3207
55876 1335
55877 541
55878 1579
55879 4201
55880 168
55881 4488
55882 1654
55883 2776
55884 3331
55885 2403
55886 2351
55887 754
55888 405
55889 2546
55890 1947
55891 1015
55892 4197
55893 2144 3089
55894 135
55895 2904
55896 4310
55897 1060
55898 2148
55899 4357
55900 2423
55901 4030
55902 473
55903 2960
55904 954
55905 729
55906 1217
55907 3979
55908 2900
55909 2227
55910 375
55911 1036 3420
55912 3685
55913 2143
55914 4110
55915 2086
55916 76
55917 2380 2684
55918 736
55919 3802
55920 1050
55921 3160
55922 3017
55923 473
55924 73
55925 1984
55926 2095
55927 37
55928 1883
55929 652
55930 2458
55931 1395
55932 4387
55933 2386
55934 745
55935 2206
55936 927
55937 341
55938 3210
55939 2653 3188
55940 1139
55941 933
55942 1298
55943 3597
55944 1827
55945 2398
55946 2404
55947 1163
55948 271 621 1295
55949 342
55950 865
55951 1595
55952 842
55953 1546
55954 1325
55955 369
55956 1964
55957 820
55958 144
55959 3118
55960 123
55961 3676 4031
55962 2084
55963 3305
55964 2540
55965 3661
55966 745 1593
55967 4182
55968 3417
55969 89
55970 1707 1799 2922
55971 915
55972 3000
55973 3769
55974 751
55975 3894
55976 4241
55977 2128
55978 3700
55979 2160
55980 3215
55981 1446
55982 1715
55983 605
55984 453
55985 3048
55986 2532
55987 2748
55988 1005
55989 432
55990 2574
55991 4207
55992 1416
55993 1256
55994 3959
55995 3200
55996 2969
55997 878
55998 727
55999 4446
56000 3721
56001 527
56002 1664
56003 3218
56004 236 3042
56005 103
56006 3008
56007 283
56008 3351
56009 1870
56010 3462
56011 3845
56012 2879 2916 3572
56013 2677
56014 956
56015 43
56016 4298
56017 1520
56018 3202
56019 2963
56020 2925
56021 2771
56022 2081
56023 21
56024 3658 4123
56025 3709
56026 3722
56027 3717
56028 3416 3427 3924 4028
56029 3891
56030 3222
56031 727
56032 818
56033 3505
56034 3073
56035 2739
56036 1314
56037 3410
56038 3219
56039 2645
56040 1354
56041 2119
56042 2582
56043 2153
56044 3397
56045 142
56046 2092
56047 2524 2663 2739
56048 1582
56049 206
56050 3154
56051 3190
56052 4045
56053 1528
56054 3665
56055 4382
56056 873
56057 676
56058 2007
56059 3081
56060 1527
56061 1541
56062 3855
56063 3210
56064 2655
56065 2420
56066 4152
56067 2791
56068 136
56069 1598
56070 1776
56071 3593
56072 398
56073 3864
56074 3354
56075 1870
56076 1316
56077 3457
56078 2266
56079 1447
56080 3834
56081 4079
56082 2108
56083 1351
56084 8
56085 3993
56086 1746
56087 1405 3225
56088 2627
56089 3137
56090 139 783
56091 1621
56092 1699
56093 1071
56094 525
56095 3214
56096 2010
56097 1368
56098 3375 3379
56099 1258
56100 267
56101 980
56102 3458
56103 2369
56104 2057
56105 3676
56106 923
56107 846 3693
56108 1318
56109 830
56110 937
56111 2901 2950
56112 3578
56113 4447
56114 992
56115 266
56116 2606
56117 547
56118 2654
56119 2061
56120 3284
56121 3683
56122 1809
56123 1171
56124 2574
56125 3509
56126 2740
56127 2658
56128 561 2622
56129 4008
56130 2571
56131 3209
56132 2458
56133 1847
56134 2141
56135 175
56136 4455
56137 2081
56138 1510
56139 2452
56140 2564
56141 2262
56142 454
56143 3426 4284
56144 3966
56145 3589
56146 2715
56147 844
56148 1797 2904 2905 2950 4342
56149 1029
56150 3355
56151 2736
56152 4015
56153 3670
56154 3745
56155 1753
56156 1478
56157 893
56158 145
56159 1148
56160 338
56161 1980
56162 2382
56163 4248
56164 3013
56165 1612
56166 2267
56167 2058
56168 1469 3165
56169 405 1861
56170 2989 3690
56171 4053
56172 1651
56173 1634
56174 3628
56175 2288
56176 4081
56177 3209
56178 2456
56179 2445
56180 3806
56181 2062
56182 820
56183 2686
56184 2208
56185 3213
56186 3247
56187 802
56188 247
56189 2153
56190 2702
56191 2855
56192 2497
56193 542 1308
56194 4319
56195 3166
56196 500 2938
56197 2950
56198 2552 2804
56199 3383
56200 1723
56201 1830 2950 2951
56202 2338
56203 2061 3657
56204 1601
56205 783
56206 2420
56207 1891
56208 3210
56209 1466
56210 2077
56211 1681
56212 2727
56213 2398
56214 2646
56215 1624
56216 1211
56217 915
56218 911
56219 1846
56220 3200
56221 3190 3545
56222 2061
56223 2955
56224 1179
56225 1064
56226 118
56227 1575
56228 4218
56229 3653
56230 2686
56231 2796
56232 3814
56233 1035
56234 512 3933
56235 1788
56236 3831
56237 1234
56238 71
56239 914
56240 1170
56241 70
56242 3554
56243 3427
56244 867
56245 3858
56246 668
56247 4297
56248 3718
56249 3499
56250 1284 2980
56251 996
56252 2790
56253 2852
56254 3413
56255 189
56256 1545
56257 155
56258 2063
56259 854
56260 1166
56261 2992
56262 4304
56263 3217
56264 1418
56265 198
56266 2947
56267 1586
56268 501 946 2992
56269 2678
56270 2991
56271 784
56272 3353
56273 4400
56274 3725
56275 4470
56276 3581 4049
56277 100
56278 3743
56279 1786 4074
56280 3548
56281 647
56282 2648
56283 2423
56284 2783
56285 1988
56286 2420
56287 2111
56288 1528
56289 3615
56290 205
56291 3730
56292 2912 3180
56293 149
56294 1170
56295 4071
56296 3876
56297 1178
56298 998
56299 2534
56300 2618 3015 3571
56301 3668
56302 1446
56303 3818
56304 3920
56305 747
56306 227 2881
56307 4435
56308 2874
56309 4080
56310 2329
56311 894
56312 2950
56313 2550
56314 2566
56315 406
56316 2280
56317 2574 3421
56318 1376
56319 346 1459 1498
56320 1827
56321 1306
56322 2244
56323 75
56324 3633
56325 3660
56326 1588
56327 2698
56328 2844
56329 1122
56330 1166
56331 2897
56332 4334
56333 1066
56334 2653
56335 1423
56336 2741
56337 4211
56338 1657
56339 4475
56340 454
56341 3108
56342 3486
56343 500
56344 2184
56345 349
56346 2809 2861 3173
56347 1417
56348 3689
56349 3216
56350 342 2090
56351 4199
56352 1323
56353 481
56354 75
56355 75
56356 75
56357 75
56358 75
56359 454 4447
56360 2967
56361 2534
56362 75
56363 2468 3044
56364 2590
56365 3498
56366 473
56367 4116
56368 1040
56369 179
56370 1218
56371 2950
56372 1985
56373 3356
56374 2643
56375 1453
56376 3553
56377 3748
56378 1591
56379 396
56380 120
56381 669
56382 1202
56383 2502
56384 2916
56385 3836 3910 4450
56386 3864
56387 3780
56388 2715
56389 127
56390 4364
56391 3876
56392 2916 4491
56393 4255
56394 4074
56395 4459
56396 2361
56397 2030
56398 152
56399 106
56400 2063
56401 2109
56402 2199
56403 1036
56404 337
56405 3979
56406 3167 3426
56407 735
56408 4369
56409 430
56410 1951
56411 2700
56412 1585
56413 3029
56414 1088
56415 1674
56416 3972
56417 3135
56418 2332
56419 976
56420 168 1623 3250
56421 1267
56422 3636
56423 3744
56424 3991
56425 333
56426 1254
56427 717
56428 4348
56429 4355
56430 1025
56431 1930
56432 4466
56433 3255
56434 2889
56435 518
56436 4083
56437 2979
56438 3701
56439 1539
56440 336
56441 764
56442 657 3293
56443 1346
56444 3661
56445 3024
56446 4354
56447 2740
56448 1186
56449 3710
56450 2076
56451 1348
56452 1535
56453 3209
56454 1214 3597
56455 2471
56456 367
56457 2935
56458 1927
56459 3111
56460 2980
56461 1085
56462 1469
56463 2951
56464 606 1012 1469
56465 824 1290 2952
56466 853
56467 850
56468 309
56469 3665
56470 3247
56471 1469
56472 573
56473 2549
56474 2058 2062
56475 3982
56476 4436
56477 1956
56478 875
56479 394
56480 1851
56481 4332
56482 3960
56483 14
56484 997
56485 2908
56486 1945
56487 2062
56488 4008
56489 3780
56490 4216
56491 2952
56492 3432
56493 67
56494 3794
56495 1895
56496 1740
56497 2208
56498 3105
56499 4240
56500 3667
56501 152
56502 3273
56503 3592
56504 4481
56505 61
56506 2573 3011
56507 881
56508 877
56509 3909
56510 2007
56511 4387
56512 4315
56513 2326
56514 4283
56515 4494
56516 4056
56517 1207
56518 31
56519 2710
56520 327
56521 904
56522 1101
56523 1002
56524 1120
56525 3796
56526 669
56527 1707 1707 2296 2299
56528 3041
56529 915
56530 3441
56531 4272
56532 3210
56533 3000
56534 2654
56535 1229
56536 383
56537 2084
56538 1239
56539 3138
56540 3903
56541 1583
56542 1955 2599 2751
56543 1342
56544 684 1303 1393 3685
56545 3683
56546 2095
56547 2559
56548 4307
56549 37
56550 2246 2477 2873
56551 943 1185 4148
56552 3901
56553 2279
56554 3008
56555 4286
56556 3964
56557 4004
56558 2985
56559 2713
56560 747
56561 2159
56562 2898
56563 3214
56564 4194
56565 2756
56566 1469
56567 2474
56568 4074
56569 4020
56570 3411
56571 2305
56572 583
56573 1991
56574 1784
56575 4207
56576 1640
56577 587
56578 669
56579 3190
56580 4074
56581 1703
56582 1149 2405
56583 4085
56584 1955
56585 4069 4407
56586 3377
56587 4340
56588 661
56589 470
56590 2856
56591 2563
56592 3019 3267 3269
56593 3200
56594 1856
56595 1599
56596 2415
56597 3170
56598 1499
56599 4033
56600 341
56601 2192
56602 1078
56603 807
56604 4306
56605 876
56606 4316
56607 3109
56608 2796
56609 1316
56610 3031
56611 2457
56612 3930
56613 1252
56614 4007
56615 237
56616 545 1311
56617 519
56618 3635
56619 3540
56620 2994
56621 373
56622 248
56623 2397
56624 3710
56625 4258
56626 1870
56627 1346
56628 1670
56629 134
56630 1341
56631 2057
56632 2539
56633 202
56634 1602
56635 4198
56636 1655
56637 1108
56638 1110
56639 3996
56640 2995
56641 263
56642 339
56643 1371
56644 3447
56645 2093
56646 3115
56647 3078
56648 733 3690
56649 377
56650 3848
56651 4216
56652 1907
56653 3323
56654 4047
56655 3668
56656 1093
56657 3754
56658 428
56659 2864
56660 2562
56661 2619
56662 3415
56663 3212
56664 3204
56665 3072
56666 4209
56667 4293
56668 3113
56669 1426
56670 3960
56671 4078
56672 4031
56673 4070
56674 2332 3691
56675 1349
56676 1725
56677 3525
56678 43
56679 2388
56680 168
56681 2913
56682 1868 3008
56683 3216
56684 3412
56685 2963
56686 4077
56687 3210
56688 2142
56689 1236
56690 3200
56691 4016
56692 1143
56693 3472
56694 1592
56695 1137
56696 3190
56697 3000 3013
56698 519
56699 641
56700 407
56701 4137
56702 43
56703 3669
56704 3529
56705 4036
56706 905
56707 2987
56708 4328
56709 2062
56710 216
56711 2683
56712 3820 3933
56713 898
56714 1359
56715 3493
56716 3181
56717 2770
56718 2638
56719 953
56720 2495
56721 778
56722 3208
56723 20
56724 2776
56725 342 505 905 933
56726 1594
56727 693
56728 2966
56729 261
56730 495
56731 4035
56732 3719
56733 81
56734 3641
56735 3542
56736 4160
56737 2013
56738 1447
56739 1690
56740 4428
56741 4420
56742 1507
56743 3487
56744 585
56745 1707 3021
56746 11
56747 543
56748 1469
56749 1036
56750 4075
56751 4145 4172
56752 1582
56753 2450
56754 4431
56755 2236
56756 1272
56757 2574
56758 3346
56759 3239
56760 2057
56761 3753
56762 3910
56763 766
56764 293
56765 669
56766 2655
56767 2474
56768 2063
56769 1802
56770 3062
56771 2531
56772 540
56773 3207
56774 2739
56775 2086
56776 3800
56777 3187
56778 2686
56779 283
56780 724
56781 1300
56782 414
56783 2623
56784 4182
56785 1945
56786 1060
56787 2700 3044
56788 2283
56789 3663
56790 4011
56791 1155
56792 427
56793 1183
56794 1392
56795 3839
56796 3877
56797 1693 3008
56798 1316
56799 3970 4279
56800 783
56801 495
56802 2063
56803 3438
56804 454
56805 1498
56806 159
56807 4492
56808 1674
56809 1598
56810 2502 3288
56811 2034
56812 2750
56813 3216
56814 3937
56815 1306
56816 3113
56817 1385
56818 395
56819 308
56820 2574
56821 1370
56822 3767
56823 3760
56824 3949
56825 2044
56826 3207
56827 3048
56828 3508
56829 2627
56830 3153
56831 3210
56832 2040
56833 1074
56834 131
56835 4014
56836 2689
56837 1428 4170
56838 3189
56839 3954
56840 4074
56841 800
56842 3709
56843 3754
56844 831
56845 4005
56846 3517
56847 483
56848 1592
56849 4057
56850 3097
56851 2517
56852 2988
56853 2620
56854 4475
56855 2950
56856 3111
56857 2771
56858 3200
56859 3422
56860 2112
56861 3816
56862 2596
56863 3190
56864 131
56865 1046
56866 1640
56867 929
56868 339 1492 3667 4067
56869 2144
56870 3204
56871 3503
56872 1037
56873 905 939
56874 2687
56875 1991
56876 1093
56877 4267
56878 1034
56879 784
56880 473
56881 1197
56882 4440
56883 3218
56884 2818
56885 4076
56886 91
56887 527
56888 4216
56889 2001
56890 1625
56891 2396
56892 2564
56893 798
56894 2382
56895 2890
56896 3209
56897 2044
56898 2057
56899 3839
56900 1770
56901 799
56902 124
56903 799
56904 3210
56905 825
56906 1309
56907 4304
56908 4074
56909 4308
56910 1797
56911 1210
56912 3171
56913 3959
56914 1060
56915 3216
56916 1920
56917 3341
56918 3425
56919 42
56920 2026
56921 176
56922 578
56923 1208
56924 851
56925 1358
56926 2766
56927 207 986
56928 4424
56929 3595
56930 1039 2603
56931 1467
56932 3829
56933 1055
56934 3296
56935 880
56936 2250
56937 2450
56938 2525
56939 3035
56940 2633
56941 3681
56942 470 473 745 3319 3338 3452
56943 4184
56944 3292
56945 32
56946 1242
56947 3445
56948 4184
56949 2703
56950 2249
56951 1011
56952 1137
56953 1118
56954 454
56955 2283
56956 3504
56957 1242
56958 670
56959 4020
56960 3758
56961 2461
56962 3173 3732
56963 1087
56964 710
56965 1779
56966 4012
56967 3706
56968 4440
56969 2696
56970 3200
56971 915
56972 3114
56973 2770
56974 4086
56975 1399
56976 4153
56977 3217
56978 2508
56979 2811
56980 1940
56981 684
56982 2870
56983 979
56984 1126
56985 3666
56986 1075
56987 3759
56988 1418
56989 2170
56990 3936
56991 2070
56992 2741
56993 1955
56994 1674
56995 4246
56996 4238
56997 543
56998 3772
56999 824 824 2151 3250
57000 1693
57001 511
57002 4319
57003 4090
57004 669
57005 2775
57006 4054
57007 4299
57008 3810
57009 516 4306
57010 4264
57011 919
57012 25
57013 2557
57014 522
57015 2628
57016 2057
57017 1270
57018 2057
57019 2179
57020 473
57021 1460
57022 2559
57023 1194
57024 2557
57025 3208
57026 2820
57027 766
57028 1486
57029 3185
57030 1998
57031 2979
57032 1815
57033 2621
57034 3044
57035 387 733
57036 3421 3426
57037 2593
57038 561
57039 2531 3895
57040 3114
57041 2146
57042 2818
57043 3213
57044 3130
57045 4411
57046 2082 2610 2621 3959
57047 2932
57048 1586
57049 1418
57050 1731
57051 2283
57052 2785
57053 2820
57054 3120
57055 2277
57056 1783
57057 2756
57058 2992
57059 611
57060 2531
57061 1346
57062 2290
57063 2560
57064 844
57065 546 1719
57066 3665
57067 2657
57068 2073
57069 3940
57070 325
57071 240
57072 2918
57073 1520
57074 1395 2919 4074
57075 3325
57076 248
57077 1991
57078 3019
57079 2808
57080 4293
57081 1540
57082 3441
57083 2667
57084 3099
57085 3360
57086 4450
57087 3427
57088 3880
57089 2718
57090 1964
57091 1227
57092 556
57093 3944
57094 1005
57095 3364
57096 766
57097 1638
57098 842
57099 405
57100 937 944 1272 3932
57101 934
57102 2820
57103 1528
57104 1060 4028
57105 1469
57106 1002
57107 175
57108 655
57109 3133
57110 4097
57111 3349
57112 1462
57113 3676
57114 2552
57115 3214
57116 288
57117 3858
57118 205
57119 542
57120 39
57121 401
57122 2219
57123 2006
57124 297
57125 3446
57126 3780
57127 3384
57128 4032
57129 2871
57130 391
57131 3401
57132 3278
57133 4053
57134 3132
57135 4021
57136 2750
57137 4205
57138 1569
57139 4094
57140 1477
57141 4050
57142 3114
57143 1497
57144 500 1202
57145 2505
57146 1877
57147 2968
57148 231
57149 520
57150 2043
57151 2991
57152 1431
57153 3016
57154 2147
57155 686
57156 3631
57157 152
57158 824
57159 3284 4082
57160 3545
57161 4442
57162 2403
57163 4175
57164 4044
57165 905
57166 156
57167 62
57168 3219
57169 904
57170 4275
57171 4145
57172 1434
57173 3194 3857
57174 2316
57175 4043
57176 674
57177 2377
57178 3758
57179 4243
57180 3748
57181 156 396 1721
57182 758
57183 1236
57184 1612
57185 4255
57186 1707 2918
57187 920
57188 3527
57189 1819
57190 2875
57191 3856
57192 1087
57193 1007
57194 4490
57195 3344
57196 2557
57197 905
57198 2033
57199 4477
57200 1196
57201 2103
57202 1420
57203 338 490
57204 388
57205 1631
57206 754
57207 984
57208 2057
57209 3308
57210 3578
57211 2231
57212 2675
57213 1809
57214 394 737
57215 393
57216 3046
57217 1245
57218 819
57219 1025
57220 2390
57221 3000
57222 4171
57223 2079
57224 734
57225 4218
57226 253 1894
57227 337 707
57228 2601
57229 4188
57230 3140
57231 1169
57232 704
57233 2749
57234 2871
57235 1913
57236 2400
57237 3842
57238 2116
57239 4201
57240 1115
57241 3190
57242 2249
57243 1695
57244 2281
57245 4295
57246 1029
57247 2184
57248 1493
57249 4074
57250 2091
57251 2236
57252 3578
57253 2756
57254 3690
57255 751
57256 3158
57257 1300
57258 2992
57259 16
57260 651
57261 2597
57262 123
57263 2968
57264 3188
57265 2253
57266 3365
57267 3805
57268 843
57269 3542
57270 1279
57271 1075
57272 3694
57273 3249
57274 3325
57275 559
57276 2149
57277 4476
57278 857
57279 2405
57280 740
57281 162
57282 1527
57283 4132
57284 3200
57285 922
57286 4212
57287 1371
57288 3217
57289 289
57290 289
57291 2062
57292 64
57293 4436
57294 3325
57295 2722
57296 4314
57297 1247
57298 2086
57299 2041
57300 2669
57301 1123
57302 2012
57303 2455 2560
57304 4080
57305 3718
57306 3399
57307 3208
57308 1196 1468
57309 1346
57310 3747
57311 3216
57312 484
57313 2127
57314 1178
57315 3553
57316 2655
57317 4405
57318 3209
57319 4162
57320 1678
57321 446
57322 4156
57323 3563
57324 2993
57325 481
57326 3239
57327 2444
57328 1349
57329 1661
57330 2075
57331 1846
57332 1600
57333 2095
57334 75
57335 1750
57336 670
57337 3454
57338 3047
57339 1981
57340 2321
57341 2086
57342 2250
57343 3873
57344 3990
57345 4343
57346 859
57347 670
57348 1157
57349 351
57350 1045
57351 667
57352 4297
57353 3743
57354 4386
57355 689 2797
57356 868
57357 326
57358 793
57359 3987
57360 784
57361 1680
57362 1434
57363 2085
57364 1139
57365 2816
57366 1228
57367 823
57368 351
57369 4199
57370 349
57371 2003
57372 3189
57373 679
57374 3002
57375 1539
57376 3209
57377 3342
57378 374
57379 1133
57380 2085
57381 3097
57382 2097
57383 1545
57384 1943
57385 4102
57386 3204
57387 4218
57388 1242
57389 1983
57390 3866
57391 1259
57392 339
57393 3208
57394 2823
57395 3915
57396 3471 3754
57397 3935
57398 181
57399 2869
57400 2081
57401 401
57402 148 2550 2815
57403 237
57404 281
57405 565
57406 975
57407 2963
57408 97
57409 290 1635 1963
57410 2625
57411 1358 1780 1797
57412 1919
57413 4250
57414 2275
57415 1342
57416 3521
57417 516
57418 2725
57419 3857
57420 1734
57421 1118
57422 1823
57423 403
57424 3690
57425 624
57426 2218
57427 2974
57428 2909
57429 3725
57430 3947
57431 2766
57432 943 1461 2974 3245
57433 460
57434 899
57435 3968
57436 3188
57437 4
57438 261
57439 3188
57440 4031
57441 338 589 1007 1706 3723
57442 1577
57443 1476
57444 4055
57445 2284
57446 964
57447 109
57448 3485
57449 3215
57450 359
57451 1452
57452 2904
57453 416
57454 4231
57455 1416
57456 394
57457 3956
57458 1946
57459 295
57460 3498
57461 449 2756
57462 516
57463 3200
57464 1658
57465 1511
57466 1469 1861
57467 1594
57468 1583
57469 35
57470 3501
57471 3591
57472 2751
57473 2847
57474 4149
57475 4316
57476 779
57477 3200
57478 3438
57479 1341
57480 3779
57481 3442
57482 2928
57483 3545
57484 1567
57485 2856
57486 3271
57487 4088
57488 4306
57489 1254
57490 3717
57491 3231
57492 3209
57493 2509
57494 2950
57495 4197
57496 2569
57497 1029
57498 3380
57499 3157
57500 935
57501 797
57502 275
57503 3528
57504 175
57505 507
57506 3722
57507 3955
57508 2678
57509 3148
57510 2706
57511 2118
57512 495
57513 473 3048 3661
57514 4406
57515 4441
57516 2317
57517 2415
57518 930
57519 1913
57520 3490
57521 2157
57522 4264
57523 4161
57524 4245
57525 3657
57526 300
57527 1115
57528 1492
57529 3639
57530 734
57531 1809
57532 533
57533 2463
57534 1427
57535 3770
57536 1380
57537 2502
57538 3326
57539 516
57540 2001
57541 1471
57542 820
57543 2057
57544 3316
57545 1446
57546 3690
57547 1492 1500 2969
57548 3132
57549 2444
57550 4067
57551 1751
57552 538
57553 4123
57554 2595
57555 3513
57556 3978
57557 655
57558 1784
57559 1804
57560 4081
57561 2057
57562 387
57563 4461
57564 2571
57565 2005
57566 150 2673
57567 2131
57568 4164
57569 2090
57570 1006
57571 3593
57572 4184
57573 2877
57574 3583
57575 1111
57576 1344
57577 4225
57578 4095
57579 3251
57580 1284 4447
57581 1498
57582 1206
57583 1035
57584 2960
57585 4438
57586 2994
57587 4372
57588 2112
57589 2095
57590 82
57591 3112
57592 2517
57593 4225
57594 790
57595 1745
57596 87
57597 516 585
57598 2860
57599 689
57600 419 2916 3008 4304
57601 3214
57602 3686
57603 3565
57604 3324
57605 819
57606 1116
57607 3316
57608 3846
57609 2051
57610 1925
57611 2996
57612 3213
57613 1418 1470 2474 2521
57614 2455
57615 3056
57616 17
57617 3097
57618 766
57619 3010
57620 1370 1693 3950
57621 2599
57622 2131
57623 2500
57624 2927
57625 1995
57626 874
57627 905
57628 3749
57629 4225
57630 42
57631 1984
57632 85
57633 1540
57634 3868
57635 137
57636 1037
57637 1747
57638 19
57639 2287
57640 4378
57641 4263
57642 757
57643 3720
57644 2090
57645 4009
57646 4026
57647 3285
57648 3190
57649 1028
57650 2206
57651 3129
57652 516
57653 3723
57654 1827
57655 2847
57656 4212
57657 1350
57658 2483
57659 3753
57660 1548
57661 970
57662 2694
57663 1562
57664 3662
57665 894
57666 3190
57667 2552
57668 2645
57669 4137
57670 2292
57671 3553
57672 2057
57673 1202 3310
57674 1752
57675 3632
57676 2066
57677 4082
57678 317
57679 4152
57680 2399
57681 2900
57682 2302
57683 13
57684 396
57685 1697
57686 4291
57687 905
57688 2733
57689 374
57690 61
57691 2653
57692 3698
57693 2153
57694 4374
57695 1036
57696 3627
57697 2668
57698 1513
57699 1788
57700 356
57701 3213
57702 1416
57703 3900
57704 3763
57705 1434
57706 4080
57707 1674
57708 1752
57709 4095
57710 1418
57711 2539 3499
57712 3277
57713 4063
57714 2490
57715 1109
57716 3668
57717 1059
57718 3934
57719 2077
57720 507
57721 1976
57722 2824
57723 151
57724 4217
57725 2109
57726 3269
57727 3935
57728 1839
57729 4029
57730 4488
57731 3551
57732 3021
57733 3901
57734 3200
57735 2280
57736 78
57737 951
57738 3807
57739 2718
57740 1679
57741 1034
57742 321
57743 1341
57744 3989
57745 1798
57746 3173
57747 3567
57748 3553
57749 4256
57750 2589
57751 931
57752 1590
57753 1742
57754 429
57755 3647
57756 2456
57757 2132
57758 518
57759 373 470
57760 1314
57761 583
57762 2550
57763 679
57764 1467
57765 4465
57766 3738
57767 518
57768 3626
57769 3880
57770 2950
57771 2642
57772 3464
57773 194
57774 4216
57775 1782
57776 657
57777 3596
57778 3105
57779 2908
57780 3793
57781 3717
57782 3047
57783 1202
57784 38
57785 70
57786 416
57787 2758
57788 2963
57789 2696
57790 2807
57791 3216
57792 1342
57793 2465
57794 3337
57795 565
57796 4324
57797 660
57798 3356
57799 2724
57800 906
57801 4475
57802 2552 3383
57803 3011
57804 3633
57805 3894
57806 152
57807 2297
57808 3029
57809 3105 3581
57810 3177
57811 439
57812 2372
57813 1327
57814 3217
57815 4286
57816 2310
57817 4173
57818 1328
57819 969
57820 1693
57821 4395
57822 1204
57823 1559
57824 1556
57825 1119
57826 3158
57827 4451
57828 655
57829 1284
57830 2919
57831 1941
57832 3157
57833 3084
57834 2075
57835 3046
57836 1833
57837 900
57838 3092
57839 1618
57840 4285
57841 733
57842 25
57843 2018
57844 920
57845 2521
57846 327
57847 3790
57848 733
57849 2343
57850 2640
57851 2360
57852 1408 2901
57853 1029
57854 3479
57855 4045
57856 636 1264
57857 2960
57858 618
57859 3770
57860 1211
57861 923
57862 2521
57863 2745
57864 327
57865 1242
57866 693
57867 1049
57868 2095
57869 827 1623
57870 2415
57871 2984
57872 429
57873 1928
57874 4298
57875 2666
57876 3933
57877 3664
57878 369
57879 133
57880 2748
57881 1923
57882 18
57883 4236
57884 2192
57885 520
57886 707
57887 2336
57888 1712
57889 2196
57890 4296
57891 2605
57892 3356
57893 1201
57894 2934
57895 4387
57896 4029
57897 695
57898 1065
57899 283
57900 3191
57901 4132
57902 3784
57903 25
57904 85
57905 3251
57906 3687
57907 3118
57908 2181
57909 4379
57910 1983
57911 5
57912 3291
57913 959
57914 3368
57915 3959
57916 1456
57917 1932
57918 964
57919 2638
57920 2131
57921 21
57922 702
57923 2310
57924 3153
57925 657 1941
57926 2912
57927 805
57928 812
57929 2843
57930 1036
57931 387 868 3250
57932 2623
57933 861
57934 3428
57935 3743
57936 3294
57937 2465 2969
57938 3587
57939 1216
57940 4031
57941 926
57942 2309
57943 3663
57944 1847
57945 3139
57946 3920
57947 1286
57948 543 3068
57949 922
57950 3075
57951 2308
57952 1714
57953 579
57954 3215
57955 3204
57956 3841
57957 148 497 1661 1707 4011
57958 3217
57959 1674
57960 3561
57961 976 1485 3651
57962 43
57963 402
57964 1643
57965 4042
57966 4249
57967 2739
57968 609
57969 2186
57970 952
57971 882
57972 3974
57973 4216
57974 3754
57975 3735
57976 3665
57977 2696
57978 544 2776
57979 2796 3266
57980 863
57981 405
57982 515
57983 114
57984 3935
57985 3210
57986 793
57987 3952
57988 1611
57989 228 543 3462
57990 2649
57991 1540
57992 692
57993 2691
57994 3133
57995 4116
57996 416
57997 2207
57998 1857
57999 137 2851
58000 3474
58001 1002
58002 3113
58003 2395 2668 2999
58004 4168
58005 1335
58006 3875
58007 374 936
58008 2253
58009 3997
58010 719
58011 3028
58012 2413
58013 3812
58014 1094
58015 89
58016 2026
58017 3612
58018 2018
58019 3590
58020 2288
58021 3137
58022 2968
58023 3194
58024 745
58025 3214
58026 4078
58027 1372
58028 2653
58029 2451
58030 1236
58031 1797
58032 1540
58033 4094
58034 850
58035 910
58036 3468
58037 542 4221
58038 2992 3911
58039 3719
58040 2620
58041 4486
58042 917
58043 2950
58044 26
58045 2664
58046 2770
58047 1927
58048 1505
58049 931
58050 1742 2460
58051 3960
58052 952
58053 2764
58054 2730
58055 2073
58056 1202
58057 4403
58058 4436
58059 1957
58060 2465
58061 248
58062 2655
58063 1154
58064 4295
58065 3951
58066 3722
58067 2531
58068 1362
58069 1923
58070 2318
58071 4108
58072 1236
58073 1222
58074 1115
58075 3128
58076 1237
58077 2960
58078 3879
58079 660
58080 2475
58081 1789
58082 497
58083 455
58084 1485
58085 4329
58086 636
58087 2118
58088 3425
58089 2848
58090 2864
58091 1864
58092 817
58093 956
58094 2756
58095 4138
58096 3132
58097 1101
58098 632 840
58099 114
58100 4312
58101 1267 1861
58102 342
58103 2706
58104 2695
58105 3384
58106 1810
58107 3685
58108 3567
58109 211
58110 123
58111 3470
58112 820
58113 687
58114 3935
58115 3245
58116 3826
58117 4065
58118 522
58119 4073
58120 2465 2808
58121 736
58122 3200
58123 3571
58124 3727
58125 126
58126 3689
58127 2567
58128 3129
58129 3489
58130 2927
58131 2571
58132 2374
58133 2864
58134 1150
58135 92
58136 3429
58137 856
58138 1571
58139 3390
58140 1018
58141 1336
58142 4096
58143 1462
58144 1429
58145 209
58146 630
58147 1218
58148 933
58149 1274
58150 3219
58151 4245
58152 3218
58153 2594
58154 3209
58155 3533
58156 2748 3250
58157 3200
58158 420
58159 1882
58160 3850
58161 623 933
58162 1270
58163 387
58164 4380
58165 3284 4455
58166 2933
58167 2557
58168 2814
58169 1858
58170 1443
58171 1133
58172 3057
58173 2503
58174 4311
58175 3361
58176 1562 3603
58177 3069
58178 2741
58179 3789
58180 1739
58181 1196
58182 513
58183 3707
58184 793
58185 4434
58186 1116
58187 3188
58188 3754
58189 470
58190 3239
58191 3615
58192 4145
58193 3811
58194 4341
58195 3617
58196 4160
58197 989
58198 4425
58199 86
58200 948
58201 4088
58202 656
58203 3926
58204 3790
58205 3821
58206 2062
58207 3242
58208 1954
58209 3716
58210 3218
58211 817
58212 3021
58213 1955
58214 3626
58215 3465
58216 3719
58217 1182
58218 1354
58219 2086
58220 16
58221 2711
58222 3891
58223 4148
58224 3886
58225 1722
58226 2366
58227 736
58228 3580
58229 2570
58230 4110
58231 933
58232 1892 1894 3008
58233 2993
58234 545 2550
58235 2060
58236 1178
58237 4161
58238 2673
58239 542
58240 1533
58241 1018
58242 13
58243 74
58244 911
58245 1652
58246 3876 4138
58247 1395 2917
58248 2352
58249 3248
58250 4216
58251 1270
58252 2491
58253 3793
58254 3543
58255 620
58256 17
58257 2597
58258 2950
58259 3441
58260 3786
58261 2749
58262 1052
58263 3720
58264 476 3454
58265 3394
58266 3257
58267 1205
58268 1294
58269 2694
58270 1064
58271 3957
58272 4415
58273 2572
58274 2835
58275 1074
58276 3271
58277 1659
58278 1676
58279 3813
58280 70
58281 4297
58282 2015
58283 3831
58284 576
58285 1583
58286 1767
58287 940
58288 2984
58289 812
58290 3987
58291 1236
58292 3216
58293 3166
58294 1472
58295 3520
58296 709 1785
58297 2417
58298 3538
58299 816
58300 4015
58301 1621 2985 4127
58302 4083
58303 4029
58304 606
58305 2705
58306 3381
58307 4345
58308 4306
58309 3769
58310 3972
58311 38
58312 4094
58313 3465
58314 2625
58315 2622
58316 22
58317 1968
58318 2955
58319 3984
58320 1412
58321 992
58322 2969 2973 4074
58323 2475
58324 3425
58325 1659
58326 2749
58327 3754
58328 3619
58329 1314
58330 3207
58331 2654
58332 2578
58333 2086
58334 4469
58335 2575
58336 720 4306
58337 1074
58338 349
58339 3066
58340 3520
58341 190
58342 1835
58343 387 935
58344 1536
58345 1275
58346 1494
58347 3796
58348 3663
58349 4202
58350 3616
58351 476
58352 4311
58353 2909
58354 16
58355 2845
58356 2611
58357 2882
58358 1915
58359 1836
58360 1060 1456 2610 3471 3825
58361 520
58362 1953 4065
58363 773
58364 3450
58365 342 4311
58366 1595
58367 297
58368 1376
58369 1640
58370 4193
58371 3690
58372 3902
58373 3342
58374 1101
58375 3638
58376 1163
58377 2974
58378 2491
58379 3454
58380 3718
58381 2973 3441
58382 107
58383 2501
58384 858
58385 3718
58386 645
58387 2676
58388 3598
58389 1144
58390 3115
58391 2720
58392 2533
58393 1574
58394 404
58395 4450
58396 1301
58397 1659
58398 741
58399 3278
58400 735
58401 4188
58402 3664
58403 165
58404 3954
58405 3615
58406 3825
58407 4254
58408 692 2951
58409 3381
58410 402
58411 3065
58412 1533
58413 672
58414 660
58415 2461
58416 669
58417 1903
58418 2823
58419 578 1386
58420 3512
58421 2844
58422 2963
58423 2912
58424 2920
58425 4152
58426 733
58427 2953
58428 3550
58429 1595
58430 1181
58431 828 1974 2000 2966
58432 4438
58433 1674
58434 1206
58435 3652
58436 2098
58437 657
58438 844 939 3313
58439 4484
58440 3289
58441 2793
58442 1167
58443 3898
58444 2144
58445 473
58446 3986
58447 3391
58448 832
58449 823
58450 3835
58451 4449
58452 3880
58453 4084
58454 966 1839
58455 530
58456 3721
58457 3219
58458 1224
58459 1892
58460 268
58461 2512
58462 6
58463 1338
58464 2315
58465 4385
58466 1478
58467 3346
58468 102
58469 3665
58470 2457
58471 2122
58472 84
58473 3675
58474 2463
58475 68
58476 4215
58477 2865
58478 122
58479 876
58480 1963
58481 3228
58482 1716
58483 4221
58484 3215
58485 3912 4148
58486 1818
58487 3665
58488 1371
58489 3341
58490 458
58491 4469
58492 83
58493 1399
58494 3910
58495 3128
58496 1201
58497 2610
58498 1782
58499 3217
58500 2573
58501 4367
58502 2059
58503 644
58504 2614
58505 1371
58506 151 3666
58507 3068
58508 355
58509 38
58510 1226
58511 3938
58512 316
58513 2582
58514 2354
58515 1958
58516 2001
58517 124
58518 99
58519 4146
58520 3665
58521 4050
58522 4056
58523 3521
58524 3225
58525 1260
58526 3202
58527 2062
58528 827
58529 702
58530 990
58531 2834
58532 396
58533 1230
58534 3209
58535 1493
58536 1455
58537 339 1733
58538 2565
58539 3590
58540 190
58541 3981
58542 2245
58543 3001
58544 4476
58545 3490
58546 3623
58547 2993
58548 455
58549 2699
58550 3694
58551 2463
58552 2908
58553 587
58554 1344
58555 1301
58556 11
58557 2207
58558 3217
58559 874
58560 2973
58561 3190
58562 2239
58563 875
58564 3145
58565 2156
58566 2349
58567 99
58568 2831
58569 3917
58570 3464
58571 1657
58572 4286
58573 25
58574 1710
58575 2555
58576 2910
58577 1767
58578 2994
58579 2326
58580 337
58581 4447
58582 2440
58583 2888
58584 397
58585 3181
58586 3937
58587 3733
58588 545
58589 677
58590 4089
58591 3926
58592 2695
58593 883
58594 1316
58595 1205
58596 372
58597 4340
58598 3609
58599 902
58600 166
58601 3754
58602 2652
58603 2438
58604 2150
58605 2359
58606 2272
58607 2724
58608 2060
58609 3422
58610 1242
58611 1311
58612 1330
58613 515
58614 2325
58615 4455
58616 4493
58617 3685
58618 3955
58619 2791
58620 594
58621 793 3683
58622 267
58623 1624
58624 289
58625 2335
58626 894
58627 4291
58628 1132
58629 191 1927
58630 2796
58631 3999
58632 624 3188
58633 3125
58634 52
58635 217 1642
58636 4214
58637 316
58638 1226
58639 1809
58640 2694
58641 106
58642 4029
58643 4258
58644 3113
58645 3008
58646 733
58647 4414
58648 797
58649 1797
58650 3619
58651 905
58652 3865
58653 911
58654 9
58655 4315
58656 876
58657 3447
58658 3417
58659 1944
58660 3045
58661 537
58662 4242
58663 539 1869 2851
58664 3422
58665 2531
58666 2788
58667 2672
58668 2777
58669 4036
58670 4220
58671 1982
58672 3143
58673 4428
58674 1642 1784
58675 1109
58676 444 4355
58677 4359
58678 3073
58679 3527
58680 481 3665 4346
58681 1611
58682 3567
58683 2970
58684 1150
58685 2476
58686 3409
58687 4000
58688 541 1469 2559 3014 3472 3499 4033
58689 971
58690 3507
58691 1196
58692 1427
58693 2027
58694 2684
58695 2154
58696 1948
58697 4073
58698 4380
58699 1036
58700 3678
58701 931
58702 340
58703 123
58704 3297
58705 867
58706 1037
58707 2622
58708 4106
58709 527
58710 1809
58711 2699
58712 1170
58713 2286
58714 508
58715 15
58716 327
58717 327
58718 1928
58719 1236
58720 318
58721 3770
58722 1431
58723 885
58724 4204
58725 1645
58726 833
58727 3986
58728 4436
58729 2864
58730 1632
58731 527
58732 2358
58733 1782
58734 290
58735 4286
58736 27
58737 1785
58738 1441
58739 1869 3128
58740 2447
58741 3793
58742 3197
58743 2554
58744 4031
58745 3949
58746 734
58747 537
58748 1336
58749 3421
58750 3106
58751 2757
58752 2137
58753 2849
58754 4148
58755 3070
58756 2360
58757 669 4147
58758 3217
58759 38
58760 2804
58761 2757
58762 1404
58763 4298
58764 3715
58765 4148
58766 455
58767 3682
58768 2381
58769 2140
58770 3570
58771 3915
58772 122
58773 2751
58774 3858
58775 3414
58776 3967
58777 2581
58778 3136
58779 4062
58780 123 2953 3544 3931
58781 3896
58782 3842
58783 3915
58784 1988
58785 3398
58786 3663
58787 3887
58788 330
58789 865
58790 4099
58791 4346
58792 4191
58793 278
58794 2255
58795 2787
58796 3416
58797 1335
58798 3203
58799 97
58800 3681 3701
58801 2950
58802 3754
58803 3200
58804 875
58805 44
58806 2864
58807 2741
58808 3295
58809 2435
58810 1069 1549
58811 989
58812 1641
58813 4179
58814 227
58815 4370
58816 4015
58817 250
58818 2533
58819 3287
58820 738
58821 4094
58822 113
58823 2809
58824 4120
58825 419
58826 3920
58827 4367
58828 3920
58829 3595
58830 1838
58831 1469 3013
58832 905
58833 1419
58834 292 2955 3969
58835 1431
58836 1536
58837 399
58838 2481
58839 4473
58840 1163
58841 2329
58842 1488
58843 1111
58844 2477
58845 4306
58846 2434
58847 1585
58848 4044
58849 393
58850 4408
58851 3102
58852 4018
58853 734
58854 3941
58855 3660
58856 1647
58857 3208
58858 2618
58859 137
58860 3180
58861 2383
58862 2179
58863 3176
58864 4120
58865 684
58866 3346
58867 4328
58868 38
58869 3188
58870 4272
58871 2718
58872 3037
58873 669
58874 2864
58875 461
58876 2044
58877 387
58878 1148
58879 3012
58880 1444
58881 689
58882 1281
58883 3401
58884 3566
58885 1203
58886 1876 3688
58887 416
58888 3111
58889 126
58890 3293
58891 3293
58892 365
58893 4161
58894 3297
58895 3423
58896 4330
58897 2941 2967
58898 290 1246 1469 1543 1797 1832 2552 3039 3049 3053
58899 3018 3061
58900 1833 3462 3682
58901 1057 1057 2144
58902 2704
58903 2808 3824
58904 3002 3598
58905 2808
58906 2895
58907 562
58908 1502
58909 261
58910 906
58911 4122
58912 1763
58913 592
58914 2798
58915 2
58916 1856
58917 1115
58918 3092
58919 1463
58920 778
58921 2435
58922 1268
58923 3690
58924 1014
58925 955
58926 246
58927 2001
58928 3325
58929 1119
58930 2037
58931 36
58932 1199
58933 842 1126
58934 825
58935 2003
58936 3120
58937 1758
58938 4298
58939 3405
58940 2519
58941 2095
58942 874
58943 2992
58944 518
58945 3418
58946 639
58947 2717
58948 3897
58949 3219
58950 2829
58951 596
58952 289
58953 1579
58954 788
58955 3858
58956 3325
58957 2197
58958 2858
58959 1804
58960 923
58961 2578
58962 2496
58963 1797
58964 3991
58965 1530 1797
58966 2960
58967 2095
58968 2950
58969 3217
58970 2001
58971 2070
58972 739
58973 429
58974 1000
58975 3643
58976 1634
58977 2851
58978 3441
58979 2562 2919
58980 1356
58981 2785
58982 4194
58983 243
58984 496
58985 3194
58986 3216
58987 60
58988 1404
58989 1320
58990 716
58991 2960 4204
58992 684
58993 387
58994 2021
58995 1155
58996 2777
58997 4085
58998 1370
58999 3850
59000 4041
59001 3154
59002 4318
59003 2666
59004 1427
59005 2357
59006 3204
59007 1630
59008 2953
59009 3047
59010 3546
59011 3125
59012 45
59013 1778
59014 729
59015 1499
59016 2845
59017 2460
59018 716
59019 1771
59020 3581
59021 1627
59022 1349
59023 4156
59024 4322
59025 1009
59026 2382
59027 2778
59028 1517
59029 2281
59030 2060
59031 3763
59032 1837
59033 4033
59034 1606
59035 1925
59036 4469
59037 3192
59038 2565
59039 2485
59040 2715
59041 2994
59042 3417
59043 1673
59044 3772
59045 4271
59046 3200
59047 3949
59048 2721
59049 697
59050 2771
59051 2628
59052 2053
59053 2178
59054 2178
59055 1180
59056 1367
59057 3170
59058 3162
59059 1971
59060 1074
59061 3157
59062 3221
59063 1236
59064 754
59065 4094
59066 1784
59067 4050
59068 3033
59069 1158
59070 794
59071 4475
59072 2469
59073 175
59074 1115
59075 1791
59076 470
59077 2192
59078 3583
59079 3989
59080 1334
59081 680 4083
59082 3761
59083 2780
59084 3216
59085 871
59086 4300
59087 1578
59088 3747
59089 1418
59090 733
59091 1163
59092 1784
59093 1787
59094 3486
59095 942
59096 289
59097 927
59098 3835
59099 2245
59100 3157
59101 2868
59102 2824
59103 1146
59104 3102 3494
59105 701
59106 1098
59107 4059
59108 382
59109 2571
59110 1552 4076
59111 1871
59112 929
59113 3003
59114 842
59115 3962
59116 3336 3969
59117 733
59118 149
59119 303
59120 3224
59121 197
59122 2660
59123 1345
59124 3831
59125 2751
59126 936
59127 1757
59128 2706
59129 4230
59130 1204
59131 3858
59132 3414
59133 585
59134 1810
59135 549
59136 900
59137 3543
59138 2001
59139 1047
59140 2061
59141 3208
59142 3210
59143 3277
59144 2498
59145 3355
59146 4168
59147 3462
59148 3670
59149 2044
59150 1295
59151 3904
59152 4021
59153 4323
59154 4074
59155 3185
59156 1146
59157 346
59158 1601
59159 119
59160 2221
59161 3479
59162 1035
59163 1424
59164 3995
59165 995
59166 733
59167 473
59168 52
59169 3597 4074
59170 1211
59171 3019
59172 1111
59173 2309
59174 3770
59175 3217
59176 3169
59177 2295
59178 231
59179 824
59180 3025
59181 4057
59182 3271
59183 4088
59184 2881
59185 3657
59186 4334
59187 3950
59188 3339
59189 1234
59190 4221
59191 1690
59192 2950
59193 1446
59194 1401
59195 2960
59196 2564
59197 1070 1797 1932
59198 3974
59199 1826
59200 1543
59201 3209
59202 2969
59203 65
59204 2692
59205 735
59206 297
59207 4033
59208 228
59209 867
59210 215
59211 3203
59212 1149
59213 4170
59214 3492
59215 2170
59216 4132
59217 1439
59218 404
59219 2645
59220 3356
59221 3285
59222 2531
59223 3935
59224 2785
59225 4325
59226 2771
59227 3703
59228 1040
59229 3433
59230 2081
59231 2613
59232 930
59233 2926
59234 3879
59235 351
59236 2770
59237 1551
59238 1919
59239 3407
59240 2901
59241 3715
59242 1058
59243 239
59244 3094
59245 3184
59246 4221
59247 3843
59248 4203
59249 905
59250 1797
59251 173
59252 3892
59253 3853
59254 2144 3362
59255 3180
59256 2640
59257 2415
59258 2583 2636
59259 1559
59260 670
59261 3694
59262 3641
59263 646
59264 2656
59265 1350
59266 3128
59267 486 621 1668
59268 3450
59269 3217
59270 1953
59271 513
59272 253 784 2006 3603
59273 2909
59274 3200
59275 4291
59276 3730
59277 671
59278 3665 4087
59279 2969
59280 4488
59281 19 26 55
59282 3441
59283 4281
59284 4257
59285 469
59286 1115
59287 251
59288 2099
59289 1151
59290 1336
59291 379
59292 1204
59293 4367
59294 4302
59295 2818
59296 3114
59297 4044
59298 3427
59299 2900
59300 63
59301 3186
59302 3791
59303 2645
59304 3373
59305 3651
59306 2011
59307 726
59308 2054
59309 4130
59310 3087
59311 2239
59312 3909
59313 781
59314 2309
59315 824
59316 249
59317 3677
59318 3114
59319 4193
59320 4297
59321 3976
59322 3848
59323 1284
59324 2502
59325 2460 2901
59326 169
59327 1805
59328 506
59329 2429
59330 2660
59331 3329
59332 2761
59333 1991
59334 1041
59335 101
59336 1471
59337 3633
59338 886
59339 1038
59340 1168
59341 584
59342 3196
59343 1095
59344 446 2423
59345 4417
59346 1648
59347 3216
59348 418
59349 2479
59350 3204
59351 1015
59352 902
59353 3601
59354 733 1236
59355 2377
59356 2617
59357 1674
59358 2371
59359 4039
59360 3201
59361 1023
59362 2081 2572 2634 2641 2984
59363 3571
59364 2762
59365 2577
59366 20
59367 15
59368 2992
59369 3758
59370 2990
59371 3383
59372 788
59373 727
59374 283
59375 2170 3717
59376 4450
59377 3498
59378 2811
59379 2025
59380 151 351
59381 1091
59382 4419
59383 3426
59384 865
59385 3209 3213
59386 1751
59387 1784
59388 2704
59389 2786
59390 1992
59391 1163
59392 4264
59393 3733
59394 3210
59395 4172
59396 3315
59397 205
59398 3892
59399 441
59400 387
59401 4272
59402 1091
59403 2633
59404 663
59405 3180
59406 1323
59407 3935
59408 3216
59409 4050
59410 4270
59411 937
59412 2034
59413 1820
59414 799
59415 806
59416 3106
59417 3464
59418 3597
59419 2086
59420 167
59421 3426
59422 4039
59423 4120 4194
59424 2657
59425 4298
59426 1104
59427 175
59428 4191
59429 2371
59430 3628
59431 342 882 4314
59432 3575
59433 3021
59434 2962
59435 589
59436 3217
59437 12
59438 2001
59439 1083
59440 2848
59441 807
59442 2262
59443 2908
59444 3726
59445 3068
59446 1093
59447 3020
59448 3021
59449 4241
59450 2301
59451 2307
59452 904
59453 1541
59454 270
59455 2156 2599 2741
59456 2360
59457 2544
59458 2664
59459 1128 1894 2734
59460 785
59461 1111
59462 2295
59463 604
59464 1928
59465 470
59466 408
59467 2242
59468 538
59469 3803
59470 4295
59471 4054
59472 2934
59473 2666
59474 1038
59475 61
59476 2324
59477 3667
59478 1806
59479 3921
59480 3198
59481 3136
59482 2854
59483 1386 1894
59484 2920
59485 1749
59486 908
59487 3524
59488 876
59489 1293 3693
59490 4285
59491 516
59492 2375
59493 2875
59494 1285
59495 916
59496 3834
59497 3370
59498 3809
59499 552
59500 1042
59501 812 1264
59502 3864
59503 829
59504 4074
59505 1729
59506 562
59507 2250
59508 778
59509 4320
59510 204
59511 1077
59512 3778
59513 3959
59514 1004 2644
59515 3210
59516 1319
59517 2520
59518 1460
59519 2522
59520 1202
59521 669
59522 3210
59523 3441
59524 1613
59525 3143
59526 4384
59527 1851
59528 2675
59529 3786
59530 3601
59531 767
59532 2857
59533 2521
59534 3656
59535 3886
59536 1856
59537 1149
59538 1763
59539 3473
59540 1470
59541 3822
59542 2718
59543 923
59544 3002
59545 771
59546 1358
59547 3871
59548 3675
59549 482
59550 2228
59551 2574
59552 1493
59553 388
59554 1269
59555 1561
59556 1176
59557 3388
59558 3894
59559 3754
59560 2001
59561 401
59562 1348
59563 720
59564 18
59565 3208
59566 1202
59567 2717
59568 142
59569 433
59570 2756
59571 1750
59572 875
59573 4057
59574 1082
59575 4464
59576 854
59577 2587
59578 2186
59579 2694
59580 369 933
59581 325
59582 2096
59583 607 2749 2808
59584 2560
59585 534
59586 17
59587 1928
59588 3039
59589 3212
59590 448
59591 182
59592 3097 3933
59593 3974
59594 1236
59595 3396
59596 2492
59597 142 2227 2232
59598 2432 4003
59599 1180
59600 1179
59601 1478 2666
59602 1516
59603 1014
59604 3125
59605 879
59606 1349
59607 543 1501
59608 2569
59609 1447
59610 3955
59611 2062
59612 2497
59613 2735
59614 1008
59615 1284
59616 1754
59617 2845
59618 2067
59619 1377
59620 2783
59621 150
59622 877
59623 760
59624 3919
59625 1909
59626 17
59627 2639
59628 2106
59629 1695
59630 1149
59631 3889
59632 2590 3251
59633 3293
59634 741
59635 4335
59636 2077
59637 3728
59638 500 2564 3062
59639 1282
59640 4204
59641 761
59642 3393
59643 2963
59644 19
59645 2106
59646 2411
59647 916
59648 136
59649 4444
59650 766
59651 1940
59652 4184
59653 1834
59654 3003
59655 136
59656 3487
59657 3039
59658 2456
59659 2571
59660 764
59661 2307
59662 2222
59663 2416
59664 2698
59665 3569
59666 2894
59667 4478
59668 2089
59669 2342
59670 656
59671 1539
59672 4331
59673 733 2775
59674 2418
59675 1618 2531 2533
59676 327
59677 2687
59678 864
59679 3832
59680 2477
59681 4252
59682 4093
59683 3691
59684 3384 3637
59685 2482
59686 4434
59687 3146
59688 3108
59689 745
59690 4457
59691 262
59692 2578
59693 446
59694 2087
59695 3201
59696 903
59697 2565 3660
59698 3569
59699 3302
59700 3159
59701 914
59702 3571
59703 2874
59704 3831
59705 2234
59706 2658
59707 2873
59708 3993
59709 3190
59710 1075
59711 737
59712 215
59713 44
59714 3188
59715 2707
59716 4120
59717 106
59718 1418 2268 2963
59719 3476
59720 4
59721 222
59722 150 2867
59723 3754
59724 3213
59725 1536
59726 3324
59727 1341
59728 3501
59729 2896
59730 1236
59731 2057
59732 2732
59733 473
59734 3402
59735 3216
59736 3573
59737 1405
59738 883
59739 1850
59740 2374
59741 2476
59742 62
59743 570
59744 3122
59745 4312
59746 3676
59747 2578
59748 1311
59749 247
59750 2157
59751 3141
59752 2703
59753 4459
59754 1305 2795
59755 1120
59756 3218
59757 3876
59758 283
59759 3880
59760 515
59761 811
59762 923
59763 2086
59764 2576
59765 2532
59766 3801
59767 1870 3034
59768 2288
59769 3230
59770 745
59771 2469
59772 4103
59773 481
59774 1149
59775 3250
59776 2529
59777 882
59778 4405
59779 1080
59780 1317
59781 3502
59782 4412
59783 399
59784 390
59785 3804
59786 3137
59787 1576
59788 2915
59789 62
59790 4241
59791 3355
59792 4111
59793 3648
59794 2520 2992 3660
59795 2609
59796 2874
59797 1782
59798 471
59799 3358
59800 2847
59801 900
59802 3273
59803 2501
59804 489
59805 3770
59806 3400
59807 2378
59808 4378
59809 3385
59810 709
59811 1688
59812 4491
59813 1264
59814 3248
59815 1167
59816 3543
59817 2145
59818 1502
59819 3505
59820 3881
59821 2366
59822 2520
59823 3304
59824 2533 2780
59825 1293 1312
59826 3213
59827 2554
59828 1422
59829 1223
59830 539 665 1288
59831 3473
59832 2851
59833 709
59834 2781
59835 3055
59836 3002 3002 4300
59837 2001
59838 3169
59839 878
59840 4306
59841 2700
59842 465 1824
59843 3325
59844 3213
59845 4331
59846 2649 3216
59847 2044
59848 1118
59849 3585
59850 1443
59851 2186
59852 2564
59853 2802
59854 1809
59855 393
59856 238 3047 3048
59857 1683
59858 1227
59859 2980
59860 3271
59861 3176
59862 1530
59863 353
59864 1158
59865 4021
59866 2144
59867 2509
59868 2268
59869 3218
59870 2465
59871 3200
59872 217 1634 3598
59873 3931
59874 3628 3770
59875 188
59876 4138
59877 2477
59878 2967
59879 782
59880 1494
59881 1084
59882 2060
59883 3106
59884 1490
59885 1455
59886 867
59887 1245
59888 4029
59889 3288
59890 2566
59891 480
59892 126
59893 1043
59894 2448
59895 773
59896 793
59897 3217
59898 4283
59899 882
59900 2476
59901 3207
59902 2180
59903 2269 3963
59904 139
59905 1446
59906 107
59907 1679
59908 156
59909 3347
59910 2486
59911 1189
59912 2969
59913 396
59914 975
59915 582
59916 978
59917 2144 3367
59918 745
59919 4431
59920 3251
59921 1617
59922 680
59923 3999
59924 2012 3506
59925 3597
59926 734
59927 1848
59928 3347
59929 2714
59930 2403
59931 1659
59932 3738
59933 3097 3665 4174
59934 880 1446 1447 1519 4033
59935 484
59936 1573
59937 2883
59938 1280
59939 1109
59940 3209
59941 2719
59942 1628
59943 2719
59944 533
59945 2653
59946 562
59947 930
59948 168
59949 1577
59950 152
59951 1896
59952 1336
59953 1225
59954 299
59955 3417
59956 3208
59957 3416
59958 3914
59959 3718
59960 1492
59961 1115
59962 4463
59963 3335
59964 792
59965 2645
59966 2823
59967 566
59968 3465
59969 2125
59970 2608
59971 2985
59972 671
59973 573
59974 2779
59975 3163
59976 1535
59977 349 3340
59978 4016
59979 1882
59980 2376
59981 3269
59982 24
59983 3295
59984 2159
59985 2123
59986 1857
59987 1834
59988 538
59989 2377
59990 3754
59991 1200
59992 2294
59993 4292
59994 1182
59995 3113
59996 2377
59997 1871
59998 1418
59999 2706
60000 1236
60001 1741
60002 87
60003 9
60004 2751
60005 876
60006 157
60007 2875
60008 1771
60009 1053
60010 531
60011 1199
60012 2674
60013 3200
60014 1110
60015 3730
60016 3542
60017 4476
60018 1090
60019 1600 4479
60020 1138
60021 3519
60022 1288
60023 3649
60024 1199 3860
60025 684
60026 2816
60027 3048
60028 324
60029 2942
60030 2758
60031 3048
60032 748
60033 3736
60034 2577
60035 1981
60036 3531
60037 745
60038 4451
60039 3154
60040 4028
60041 72
60042 23
60043 3383
60044 935 936 1097
60045 4489
60046 901
60047 766
60048 4005
60049 1087
60050 4464
60051 667
60052 1951
60053 3324
60054 3130
60055 897
60056 311
60057 3019
60058 3185
60059 3594
60060 2001
60061 904
60062 1740
60063 2199
60064 3812
60065 3340
60066 1504
60067 2451
60068 470 933 1248 1254 1262 1595 3316 3452
60069 456
60070 947 2574
60071 1102
60072 3415
60073 1042
60074 1029
60075 4415
60076 2533
60077 1599
60078 989
60079 1036
60080 1446
60081 1507
60082 787
60083 2507
60084 1995
60085 3873
60086 244 1495 3275 4011
60087 1495
60088 655
60089 2763
60090 3650
60091 2491
60092 2685
60093 1978
60094 3021
60095 2984
60096 1015
60097 2383 2385
60098 1293
60099 4260
60100 2814
60101 4120
60102 1432
60103 3397
60104 1449
60105 3478
60106 242 419 1468 1496 1835 3008
60107 2771
60108 1235
60109 3929
60110 383
60111 2734 2808
60112 2691
60113 428
60114 3665
60115 713
60116 2329
60117 381
60118 2667
60119 365
60120 2518
60121 799
60122 3439
60123 351
60124 3743
60125 1654
60126 4033
60127 549
60128 2063
60129 403
60130 3808
60131 632 2969
60132 753
60133 2771
60134 3943
60135 4282
60136 4183
60137 3288
60138 3733
60139 3251 4284
60140 3322
60141 439
60142 3829
60143 1502 2077 4011
60144 432
60145 3923
60146 3718
60147 1060
60148 1135
60149 4297
60150 1452
60151 1031
60152 2921
60153 3190
60154 1265
60155 886
60156 2095
60157 782
60158 1839
60159 2855
60160 4388
60161 2050
60162 510
60163 1278 1278
60164 3590
60165 1739
60166 1739
60167 4236
60168 4333
60169 1744
60170 219
60171 1761
60172 552
60173 4428
60174 3935
60175 4067
60176 3964
60177 16 2820
60178 3021 3384 3690
60179 2184
60180 308
60181 4173
60182 3251
60183 656
60184 1933
60185 3094
60186 1878 3685
60187 2993
60188 3417
60189 262
60190 2580 3217
60191 1661
60192 810
60193 1632
60194 292
60195 1202
60196 2229
60197 4376
60198 2824
60199 3158
60200 4221
60201 788 1796 3097
60202 1787
60203 2690
60204 783
60205 3668
60206 2901
60207 4204
60208 252
60209 1120
60210 989
60211 2013
60212 937
60213 121
60214 1878
60215 1150
60216 3210
60217 506
60218 3383
60219 3021
60220 1930
60221 2800
60222 3141
60223 966
60224 902
60225 2510
60226 3188
60227 4284
60228 3583
60229 3713
60230 2740
60231 846 1313
60232 2460
60233 1252
60234 3667 4007
60235 1845
60236 2967
60237 2694
60238 699
60239 3268
60240 3454
60241 1708
60242 3216
60243 3631
60244 2062
60245 3381
60246 3431
60247 738
60248 3219
60249 2649
60250 971
60251 349
60252 617
60253 444 2939
60254 1463
60255 3073
60256 1111
60257 777
60258 1214
60259 4003
60260 3717
60261 3216
60262 3208
60263 1652
60264 3159
60265 934
60266 4184
60267 3956
60268 2419
60269 402
60270 3319
60271 3370
60272 3219
60273 3790
60274 2085
60275 915
60276 850 3938
60277 864
60278 1109
60279 2240
60280 4440
60281 2061
60282 4476
60283 874
60284 3681
60285 4415
60286 802
60287 3097
60288 3411
60289 1285
60290 1316
60291 1836
60292 2478
60293 3379
60294 4020
60295 936
60296 1174
60297 470 470 810 1643 3566 4135
60298 3188
60299 1036
60300 3619
60301 2235
60302 3209
60303 3681
60304 3713
60305 2428
60306 1787
60307 1783
60308 1778
60309 521
60310 1042
60311 372 591 820 934 2012
60312 2248
60313 900
60314 2766
60315 75
60316 1434
60317 3626
60318 1311
60319 3225
60320 1540
60321 3208
60322 737
60323 1328
60324 1039
60325 470 1252
60326 2751
60327 2991
60328 186
60329 4436
60330 4369
60331 3823
60332 1390
60333 387 1218 1335
60334 2618
60335 3730
60336 1544
60337 4029
60338 3681
60339 2236 2930
60340 1852
60341 1266
60342 541
60343 3444
60344 3827
60345 747
60346 1133
60347 2539
60348 737 2012
60349 3617
60350 349
60351 2165
60352 1276
60353 3858
60354 767
60355 1747
60356 266
60357 3032
60358 4476
60359 2601
60360 1010
60361 1506
60362 2242
60363 2007
60364 1347
60365 3439
60366 2165
60367 1134
60368 3383
60369 1104
60370 339 2092
60371 127
60372 548
60373 787
60374 3064 3598
60375 3417
60376 308
60377 2412
60378 4144
60379 2520
60380 1092
60381 1618 2969
60382 4464
60383 327
60384 2384
60385 2200
60386 2178
60387 294
60388 2603
60389 2672
60390 2365
60391 372
60392 1457
60393 352
60394 3278
60395 921
60396 367
60397 3873
60398 1934
60399 3217
60400 2663
60401 877
60402 2276
60403 1819
60404 299
60405 4033
60406 4430 4436
60407 2012
60408 738
60409 3617
60410 347
60411 3104
60412 4378
60413 2008
60414 369 380 636 1668 1796 3938
60415 3705
60416 1021
60417 399 877 3419 4203
60418 3213
60419 3728
60420 3325
60421 1915
60422 3894
60423 2565
60424 4312
60425 1316
60426 2809
60427 998
60428 1596
60429 3217
60430 3905
60431 2003
60432 567
60433 2635
60434 737
60435 388
60436 290
60437 937 3747
60438 2447
60439 2099
60440 1412 1504
60441 2483
60442 4068
60443 2846
60444 3472
60445 1528
60446 3365
60447 4311
60448 1708
60449 747
60450 2881
60451 4137
60452 1231
60453 3253
60454 365
60455 4462
60456 2647
60457 3923
60458 4074
60459 2471
60460 1851
60461 4123
60462 327
60463 1682
60464 3819
60465 2081 3000
60466 550 3925
60467 4385
60468 2511
60469 4467
60470 876
60471 2686
60472 1382
60473 3322
60474 822
60475 1645
60476 3102
60477 735
60478 2685
60479 1469
60480 3325
60481 4083
60482 1073
60483 441
60484 745 1178 2012
60485 1367
60486 3190
60487 1218
60488 460
60489 1989
60490 4125
60491 3809
60492 2691
60493 2119
60494 3428
60495 1131
60496 3108
60497 3203
60498 793
60499 4010
60500 627
60501 499
60502 1215
60503 2951
60504 746
60505 1356
60506 820
60507 2722
60508 1636
60509 2257
60510 601 907 3052
60511 444 1349 3127
60512 2747
60513 3539
60514 292
60515 3540
60516 837
60517 3070
60518 2864
60519 279
60520 2190
60521 1054 1325
60522 181
60523 2963
60524 1958
60525 1010
60526 3323
60527 737
60528 134
60529 3217
60530 3848
60531 2783
60532 83
60533 2627
60534 330
60535 3644
60536 2797
60537 3124 3267
60538 3936
60539 1443
60540 1734
60541 3209
60542 3190
60543 1173
60544 2725
60545 4080
60546 4174 4475
60547 267
60548 327
60549 321 562 1836 2935
60550 3216
60551 3563
60552 3204
60553 4271
60554 3494
60555 489 820 1596
60556 876
60557 127
60558 3709
60559 1598
60560 2162 2348 2384
60561 1060
60562 847
60563 2007
60564 861
60565 36
60566 3424
60567 2188
60568 3530
60569 3597
60570 3456
60571 3610
60572 1455
60573 3389
60574 1316
60575 2654 2693
60576 82
60577 2330
60578 2474
60579 2207
60580 4261
60581 1101
60582 480
60583 921
60584 1236
60585 3934
60586 3665
60587 3489 3641
60588 250
60589 2183 2963
60590 2960
60591 2966
60592 3185
60593 211
60594 735
60595 1932
60596 3239
60597 1175 2698
60598 4414
60599 470
60600 645
60601 2950
60602 3216
60603 3192
60604 1122
60605 1179
60606 603
60607 157
60608 2707
60609 4276
60610 3973
60611 3126
60612 3929
60613 2917
60614 1843
60615 2979
60616 2212
60617 4481
60618 1097
60619 3000
60620 939
60621 3668
60622 1312
60623 1706
60624 3653
60625 3754
60626 620 1931
60627 2909
60628 4094
60629 4055
60630 3651
60631 3373
60632 1430
60633 2524
60634 1064
60635 3704
60636 3137 3194
60637 2001
60638 4216
60639 3208
60640 699
60641 3843
60642 3791
60643 3826
60644 3128
60645 356
60646 446 2649 2808 3927
60647 3933
60648 3451
60649 3456
60650 3624
60651 1182
60652 3379
60653 2727
60654 1404
60655 2370
60656 3218
60657 733
60658 3215
60659 3718
60660 1798
60661 2494 4062
60662 2805
60663 895
60664 4209
60665 806
60666 735
60667 3168
60668 247 292 1257 3660
60669 4445
60670 3195
60671 3157
60672 986
60673 4095
60674 1206
60675 3209
60676 4440
60677 4054
60678 2095
60679 985
60680 1675
60681 4295
60682 824
60683 734 4342
60684 2919
60685 3142
60686 2162
60687 2001
60688 4001
60689 3114
60690 186
60691 3659
60692 1024
60693 4395
60694 3216
60695 2570
60696 6
60697 6
60698 977
60699 3618
60700 2690
60701 290
60702 186 2751 2832 3527
60703 138
60704 219
60705 2921
60706 2210
60707 4494
60708 913
60709 905
60710 3973
60711 2822
60712 3108
60713 928
60714 509
60715 215
60716 3169
60717 757 3165
60718 3210
60719 3231
60720 2687
60721 3179
60722 293
60723 1651
60724 3213
60725 3991
60726 4096
60727 1238
60728 2325
60729 476
60730 3513
60731 3748
60732 905
60733 2061
60734 3433
60735 1450 3212
60736 3392
60737 3607
60738 289
60739 1924
60740 3048
60741 1277
60742 2874
60743 4230
60744 2555
60745 3758
60746 2496
60747 3397
60748 3441
60749 1159
60750 1251 2553
60751 4111
60752 19
60753 401
60754 1859
60755 1548
60756 1046
60757 4339
60758 1986
60759 2964 2969
60760 1150
60761 2490
60762 2690
60763 3535
60764 1497
60765 377
60766 1155
60767 2635
60768 775
60769 4284
60770 2516
60771 2839 3665
60772 4366
60773 3534
60774 2988
60775 3535
60776 921
60777 3190
60778 1851
60779 3194
60780 3847
60781 384
60782 4443
60783 3013
60784 653
60785 2400
60786 1500
60787 4381
60788 2562
60789 4417
60790 211
60791 4316
60792 3057
60793 3170
60794 425
60795 3157
60796 407
60797 3097
60798 224
60799 2046
60800 1522
60801 1043
60802 3257
60803 894
60804 2718
60805 3858
60806 3694
60807 3523
60808 1236
60809 3210
60810 3310
60811 3501
60812 1077
60813 2288
60814 4204
60815 894
60816 943 1468
60817 986
60818 3108
60819 4428
60820 3501
60821 3018
60822 3701
60823 1208
60824 3733
60825 1142
60826 1547
60827 3085
60828 3533
60829 17
60830 231 1473
60831 2798
60832 1072
60833 1885
60834 670
60835 2057
60836 2700
60837 1869
60838 3526
60839 3975
60840 1946
60841 953
60842 3427
60843 3112
60844 2023
60845 533
60846 3933
60847 837
60848 2353
60849 2654
60850 1039
60851 1291
60852 2222
60853 2720
60854 1458
60855 2582
60856 1837
60857 1598
60858 937
60859 3119
60860 4471
60861 1874
60862 810
60863 2576 2751 4284
60864 2896
60865 1444
60866 334
60867 3154
60868 1700
60869 1032
60870 2627
60871 1199
60872 1787
60873 1500
60874 3797
60875 1804
60876 2619
60877 373
60878 1784
60879 591
60880 2075
60881 3930
60882 2032
60883 2271 3154
60884 3622
60885 3695
60886 2193
60887 399
60888 1137
60889 630
60890 1197
60891 1667
60892 3021
60893 4220
60894 2438
60895 1653
60896 894
60897 933
60898 1196
60899 4243
60900 1989
60901 152
60902 107
60903 4209
60904 3129
60905 1213
60906 1938
60907 1492
60908 153
60909 57
60910 153
60911 15
60912 4156
60913 584
60914 15
60915 1667
60916 3209
60917 3543
60918 279
60919 2577
60920 3423
60921 512
60922 998
60923 15
60924 965
60925 2741
60926 1955
60927 2270
60928 1479
60929 3510
60930 921
60931 2091
60932 4200
60933 1455
60934 1309
60935 2135
60936 4070
60937 1024
60938 1527
60939 3874
60940 3391
60941 3195
60942 3284
60943 225 2348 2847 3499 4187
60944 3730
60945 2144
60946 2983
60947 3204
60948 1605
60949 4293
60950 3593
60951 1202 3960
60952 3124
60953 1604
60954 1493
60955 667
60956 142
60957 3962
60958 2023
60959 2667
60960 645 2502
60961 602
60962 2951
60963 4351
60964 335
60965 2907
60966 3317
60967 3159
60968 3287
60969 3441
60970 2512
60971 2250
60972 737 1357
60973 2580
60974 2564 3014
60975 3920
60976 884
60977 3210
60978 1788
60979 568
60980 3359
60981 2404
60982 2944
60983 2874
60984 2762
60985 75
60986 1431
60987 2326 2808 4125
60988 3380
60989 2066
60990 2883
60991 1367
60992 3210
60993 209
60994 3062
60995 4424
60996 1341
60997 587
60998 2808
60999 4063
61000 3862
61001 3640
61002 3208
61003 1199
61004 2331
61005 1359
61006 2154
61007 3124
61008 1571
61009 2155
61010 2369
61011 2025
61012 4166
61013 2057
61014 267
61015 2535
61016 1524
61017 2968
61018 733 1036 4161
61019 894
61020 3102
61021 2554
61022 2303
61023 3897
61024 3244
61025 2969
61026 3137
61027 3669
61028 1469 1864
61029 1788
61030 3040 3042
61031 4447
61032 3018
61033 1330
61034 2713
61035 997
61036 734
61037 921
61038 294
61039 2354
61040 2262
61041 4436
61042 864
61043 3318
61044 3593
61045 1469
61046 3324
61047 3209
61048 2207
61049 4086
61050 3665
61051 2994
61052 3250
61053 390
61054 4025
61055 1851
61056 3718
61057 568
61058 1359
61059 3704
61060 1017
61061 3152
61062 3423
61063 2035
61064 3093
61065 2715
61066 2945
61067 3132
61068 2791
61069 4198
61070 3991
61071 1278
61072 921
61073 3823
61074 4465
61075 3276
61076 298
61077 3717
61078 8
61079 3408 4226
61080 2715
61081 3868
61082 521
61083 941 1795 1931
61084 498
61085 577
61086 3735
61087 3974
61088 2793
61089 3209
61090 3310
61091 305
61092 516
61093 4364
61094 2095
61095 1646
61096 3744
61097 4080
61098 923
61099 446
61100 1630
61101 2823
61102 789
61103 4230
61104 3471
61105 3091
61106 3930
61107 105
61108 1358
61109 430
61110 3204
61111 2037
61112 1545
61113 2791
61114 3717
61115 1953
61116 3628
61117 2460
61118 4297
61119 3221
61120 2718
61121 1185
61122 82
61123 2175
61124 523
61125 3193
61126 2413
61127 3711
61128 2548
61129 3653
61130 2815
61131 2451
61132 3978
61133 2107
61134 1883
61135 123
61136 4365
61137 585
61138 2714
61139 1431 1840 2410
61140 2531
61141 2999
61142 4337
61143 654
61144 4226
61145 3961
61146 4411
61147 948
61148 2574
61149 128
61150 4334
61151 733
61152 4443
61153 1203
61154 2473
61155 3525
61156 3384
61157 191
61158 3216
61159 987
61160 3869
61161 716
61162 735
61163 3062
61164 906
61165 1126
61166 3631
61167 2776
61168 274
61169 4375
61170 476
61171 1187
61172 507
61173 1004
61174 934 3250
61175 429
61176 606
61177 2864
61178 1745
61179 3035
61180 2170
61181 2910
61182 1787
61183 1111
61184 781
61185 3017
61186 3446
61187 1903
61188 3972
61189 669 3242 4328
61190 2377
61191 2809
61192 1819
61193 1335
61194 788
61195 1241
61196 3123
61197 2569
61198 3691
61199 1918
61200 2364
61201 519
61202 1312
61203 3513
61204 3574
61205 2056
61206 4221
61207 3057
61208 3190
61209 1940
61210 3201
61211 2462
61212 1020
61213 117
61214 2756
61215 731
61216 4074
61217 3419
61218 4345
61219 3209
61220 2834
61221 1913
61222 1059
61223 1206
61224 649
61225 4303
61226 1594
61227 1652
61228 2001
61229 2713
61230 4102
61231 4100
61232 2186
61233 3040
61234 2695
61235 15
61236 1725
61237 396
61238 1913 2459
61239 3794
61240 4448
61241 2047
61242 3177
61243 2592
61244 3164
61245 1949
61246 3726
61247 2595
61248 2763
61249 1102
61250 1435
61251 1822
61252 2451
61253 4475
61254 763
61255 3133
61256 3914
61257 4298
61258 735
61259 905
61260 2914 4385
61261 1958
61262 911
61263 562
61264 1554 3910
61265 3690
61266 3218
61267 3094
61268 144
61269 1199 3194 3233 3690
61270 1977
61271 307 1977
61272 3657
61273 2865
61274 2707
61275 4177
61276 3312
61277 1883
61278 733 3386
61279 3048
61280 1372
61281 4469
61282 4148
61283 3654
61284 777
61285 1915
61286 3569
61287 3100
61288 342 3870
61289 1244 2855
61290 1996
61291 2768
61292 1663
61293 3460
61294 1397
61295 636 2012
61296 2576 2653
61297 327
61298 1653
61299 4167
61300 3209
61301 3428
61302 2860
61303 4328
61304 706
61305 2587
61306 1115
61307 733
61308 3906
61309 1108
61310 3935
61311 2481
61312 3343
61313 2825
61314 1932
61315 2702
61316 193
61317 3188
61318 2650
61319 371
61320 714
61321 3218
61322 1323
61323 232
61324 4315
61325 3116
61326 1746
61327 3671
61328 4146
61329 3975
61330 1714
61331 1883
61332 1566
61333 4249
61334 3000
61335 591
61336 2640
61337 1756
61338 4074
61339 1359
61340 640
61341 1910
61342 1258
61343 1328
61344 2147
61345 1964
61346 2194
61347 3149
61348 2362
61349 3209
61350 342 503 943 1539 1545 1830 1883 1888 2901 2909 3658 3963 4338
61351 1697
61352 3211
61353 3282
61354 1877 1890 4049
61355 2092
61356 2283
61357 2992
61358 2369
61359 2522
61360 1932
61361 737
61362 766
61363 473
61364 940
61365 3886 4372
61366 22
61367 3974
61368 3580
61369 2799
61370 789
61371 490
61372 2422
61373 757 3268
61374 1558
61375 2826 3503
61376 1043
61377 325
61378 1221
61379 3128 3422
61380 1858
61381 3608
61382 4079
61383 1131
61384 370
61385 368
61386 3447
61387 1721
61388 1055
61389 2721
61390 476
61391 1177
61392 925
61393 4241
61394 2487
61395 2849
61396 781
61397 1551
61398 3188
61399 565
61400 4003
61401 1507
61402 1419
61403 1642
61404 1469
61405 4165
61406 320
61407 2171
61408 2813
61409 1074
61410 4296
61411 597
61412 937
61413 3969
61414 655
61415 943 1539 2436 2933 2938 3052
61416 1460
61417 1074
61418 3217
61419 1362
61420 3598
61421 3665
61422 3709
61423 2235
61424 2014
61425 2259
61426 2191
61427 585
61428 2630
61429 963
61430 3157
61431 2124
61432 2826
61433 2910
61434 1496
61435 2442
61436 1918
61437 3881
61438 336 2563
61439 2649
61440 1162
61441 3809
61442 3438
61443 3949
61444 2848
61445 2564
61446 2635
61447 3221
61448 890
61449 349
61450 383
61451 3763
61452 1359
61453 2041
61454 2018
61455 1874
61456 2940
61457 2395
61458 50
61459 2212
61460 3325
61461 3342
61462 2311
61463 3718
61464 3001
61465 1594
61466 3044
61467 2613
61468 3886
61469 292
61470 1123
61471 4444
61472 2959
61473 3795
61474 4017
61475 3084
61476 492
61477 2023
61478 1004
61479 2245
61480 2979
61481 523
61482 918 2893
61483 3927
61484 1039
61485 1200 3012
61486 2192
61487 3471
61488 211
61489 465 1254
61490 3701
61491 1655
61492 489 597 1323
61493 2460
61494 1331
61495 4304
61496 767 943 4348
61497 2081
61498 1490
61499 2887
61500 612
61501 3641
61502 2732
61503 3412
61504 3827
61505 3647
61506 3083
61507 3881
61508 3008
61509 3183
61510 3230
61511 3190
61512 2506
61513 4278
61514 1400
61515 2960
61516 190
61517 1322
61518 1878
61519 905
61520 3217
61521 1247
61522 444 3251
61523 1204
61524 2235
61525 841
61526 1845
61527 1060
61528 3961
61529 670
61530 4349
61531 342
61532 209 242
61533 475
61534 3694
61535 2559
61536 2489
61537 2115
61538 2463
61539 1850
61540 2227
61541 2860 3057
61542 3166
61543 2740
61544 712
61545 705
61546 4083
61547 3278
61548 974
61549 964
61550 921
61551 3289
61552 798
61553 3987
61554 2462
61555 3938
61556 497
61557 971
61558 1469
61559 3217
61560 788
61561 2006
61562 2386
61563 3214
61564 85
61565 457
61566 1000
61567 2512
61568 54
61569 3960
61570 3610
61571 3665
61572 2430
61573 3781
61574 784
61575 3791
61576 1492 1503
61577 589
61578 3647
61579 132
61580 1236
61581 2718
61582 754
61583 2289
61584 4061
61585 3582
61586 2792
61587 1809
61588 634
61589 2084
61590 3422
61591 3667
61592 2588
61593 650 656
61594 827
61595 2189
61596 2939
61597 3384
61598 69
61599 3327
61600 2835
61601 326
61602 3367
61603 1797
61604 2223
61605 2685
61606 915
61607 4148
61608 2686
61609 235
61610 3665
61611 564 767
61612 143
61613 3381
61614 3430
61615 4025
61616 1060
61617 2493
61618 2904
61619 2692 3137
61620 2747
61621 2770
61622 429
61623 1068
61624 15
61625 1231
61626 800
61627 3201
61628 547 2984
61629 122
61630 2777
61631 3895
61632 3091
61633 1737
61634 3949
61635 430
61636 3632
61637 4474
61638 2739
61639 2532 2910
61640 3121
61641 4110
61642 1236
61643 3950
61644 3322
61645 4080
61646 489 932
61647 4298
61648 132 3425
61649 4284
61650 1222
61651 919
61652 1131
61653 3883
61654 3215
61655 2294
61656 824
61657 3201
61658 4366
61659 4381
61660 867
61661 1651
61662 1560
61663 2810 4109
61664 3385
61665 2146
61666 346 606 684 1540 1785 3628 4028
61667 4439
61668 4347
61669 224
61670 1227
61671 2836
61672 2960
61673 1216
61674 468
61675 457
61676 854
61677 227
61678 1136
61679 2794
61680 487
61681 2904
61682 2746
61683 1306 1472
61684 2639
61685 3130
61686 351
61687 4054
61688 4334
61689 3555
61690 2451
61691 751
61692 311
61693 3529
61694 86
61695 4148
61696 988
61697 2589
61698 3200
61699 3821
61700 667
61701 1940
61702 2320
61703 3210
61704 3000
61705 3152
61706 3869
61707 3692
61708 1021
61709 488
61710 1865
61711 394
61712 3110
61713 1678
61714 882
61715 874
61716 3479
61717 3251 3336
61718 1173
61719 280
61720 3831
61721 1154
61722 3832
61723 146
61724 4157
61725 3841
61726 1029 2463
61727 68
61728 2541
61729 523
61730 4085
61731 1655
61732 1917
61733 691
61734 2499
61735 3004
61736 24
61737 2813
61738 2837
61739 3756
61740 1564
61741 2852
61742 1453
61743 3318
61744 2950
61745 2786
61746 3001
61747 3047
61748 994
61749 1173
61750 3991
61751 4096
61752 3836
61753 21
61754 2969 3031
61755 2224
61756 3128
61757 4297
61758 2975
61759 3052
61760 22
61761 3047
61762 290
61763 92
61764 3222
61765 2910
61766 2765
61767 43
61768 905
61769 2322
61770 4385
61771 35
61772 1044
61773 249 297 1713
61774 21
61775 2319
61776 2636
61777 20
61778 19
61779 470 3933
61780 3324
61781 2571
61782 2233
61783 1548
61784 3207
61785 4241
61786 365
61787 4379
61788 342
61789 3232
61790 735 991
61791 1074
61792 324
61793 3420
61794 4023
61795 2271
61796 3310
61797 737
61798 879
61799 3372
61800 1868
61801 2907 2953
61802 687
61803 207
61804 2095
61805 572
61806 339
61807 2435
61808 569
61809 2152
61810 691
61811 4045
61812 1575
61813 3636
61814 1733
61815 3204
61816 734
61817 705
61818 1469
61819 316
61820 2001
61821 1452
61822 3567
61823 4324
61824 4145
61825 3221
61826 2967
61827 3429
61828 3933
61829 3578
61830 4383
61831 3612
61832 3213
61833 2579
61834 3100
61835 2402
61836 2100
61837 1375
61838 520
61839 2533
61840 2493
61841 2273
61842 764
61843 1876
61844 626
61845 634
61846 1176 1543
61847 784
61848 4205
61849 4437
61850 3730
61851 1039
61852 3136
61853 1961
61854 2012 3419
61855 2979
61856 1228
61857 2307
61858 2649
61859 1246
61860 3157
61861 2980 3733
61862 1184
61863 3772
61864 3960
61865 181
61866 4404
61867 2809
61868 3858
61869 4399
61870 2606
61871 3218
61872 3325
61873 2754
61874 1930
61875 323
61876 4202
61877 2163
61878 3325
61879 3325
61880 3325
61881 960
61882 3325
61883 3325
61884 3325
61885 1712
61886 1850
61887 3515
61888 163
61889 2910
61890 186
61891 624
61892 953
61893 1528
61894 4216
61895 2679
61896 1795 2352 2453 2557 2649
61897 2919
61898 1861
61899 297 1160 2905 3128 3188
61900 1016
61901 3559
61902 1500
61903 3325
61904 2042
61905 2967
61906 3171
61907 185
61908 3651
61909 3109
61910 2303
61911 874 1455 1470
61912 473 620 1469 2919 3057 3380 4351
61913 820 1127 1325
61914 649
61915 2612
61916 2666
61917 2825
61918 343
61919 2643
61920 4254
61921 843 850 1254 3106
61922 1154
61923 1293
61924 544
61925 3891
61926 1396
61927 1242
61928 1284
61929 2120
61930 1595
61931 733
61932 3676
61933 4045
61934 2462
61935 1129
61936 341
61937 3333
61938 1522
61939 2440
61940 1099
61941 4327
61942 3834
61943 1252
61944 1639
61945 1183
61946 3281
61947 2604
61948 1108
61949 3610
61950 1593
61951 830
61952 4123
61953 4023
61954 3937
61955 4224
61956 3113
61957 820
61958 3993
61959 374
61960 1941
61961 3210
61962 2875
61963 2654
61964 2623 3915
61965 3931
61966 89
61967 1433
61968 122
61969 2737
61970 799
61971 1049
61972 3793
61973 597
61974 3126
61975 3183
61976 745 3305
61977 2057
61978 734 3858
61979 802
61980 895
61981 1604 4284
61982 1005
61983 3064
61984 3754
61985 4221
61986 3740
61987 1503
61988 2628
61989 3340
61990 926
61991 1378
61992 935
61993 1105
61994 372
61995 2451
61996 4044
61997 4488
61998 1174
61999 4258
62000 3554
62001 2750
62002 57
62003 1809
62004 2535
62005 3201
62006 2678 3288
62007 4081
62008 2559
62009 2474
62010 990
62011 734
62012 1288
62013 1865
62014 1907
62015 523
62016 850
62017 3503
62018 3660
62019 3754
62020 180
62021 542
62022 2821
62023 2983
62024 3472
62025 387
62026 2810 3544
62027 810
62028 2319
62029 2028
62030 3441
62031 2692
62032 242
62033 339 342 3583
62034 3446
62035 877
62036 2463
62037 57
62038 3621
62039 2462
62040 820
62041 2030
62042 3772
62043 211
62044 4476
62045 3880
62046 5
62047 811 1257
62048 2984
62049 2698
62050 3829
62051 3341
62052 2715
62053 2289
62054 1428
62055 2402
62056 4091
62057 3785
62058 275
62059 3108
62060 3340
62061 1058
62062 2668
62063 2215
62064 2523
62065 808
62066 2759
62067 2967
62068 2088
62069 4217
62070 2860
62071 3031
62072 678
62073 1335
62074 4387
62075 3738
62076 2144
62077 1520
62078 2304
62079 2963
62080 3417 4221
62081 134
62082 1839
62083 326
62084 394
62085 798
62086 3723
62087 3391
62088 351 576 4221
62089 4256
62090 4047
62091 1965
62092 3754
62093 1385
62094 926
62095 1135
62096 2532
62097 2182
62098 1763 2531
62099 228 2350 2628 3661
62100 2807
62101 153
62102 3147
62103 3787
62104 580
62105 4299
62106 3429
62107 408
62108 3337
62109 3669
62110 2057
62111 793
62112 2217
62113 399
62114 4148
62115 841
62116 737
62117 3700
62118 2838
62119 2062
62120 120
62121 2836
62122 326
62123 841
62124 4135
62125 1276
62126 3390
62127 842
62128 199
62129 4186
62130 1179
62131 893
62132 3439
62133 1223
62134 4475
62135 4283
62136 4084
62137 3717
62138 1110
62139 1399
62140 2773
62141 1144
62142 470
62143 2044
62144 3113
62145 1861
62146 380 1254 2554
62147 2763
62148 2495
62149 823
62150 2266
62151 1471 2460
62152 3636
62153 1257
62154 2870
62155 492
62156 2627
62157 274
62158 624
62159 1419
62160 1231 3493
62161 3743
62162 852
62163 1621 3499
62164 3946
62165 820
62166 1591
62167 920
62168 4059
62169 399
62170 842
62171 337
62172 351
62173 2742
62174 746
62175 895
62176 144
62177 854
62178 2131
62179 656
62180 2491
62181 3190
62182 2737
62183 3644
62184 734 3518
62185 4416
62186 3728
62187 1131
62188 2034
62189 1160
62190 3394
62191 2966
62192 2787
62193 301
62194 2503
62195 472
62196 2452
62197 3851
62198 3576
62199 3471
62200 4436
62201 4028
62202 473 1336
62203 1411
62204 3228
62205 3491
62206 3029
62207 583
62208 1283
62209 874
62210 2722
62211 552
62212 1596
62213 138
62214 526
62215 35
62216 1272
62217 2230
62218 1149
62219 2548
62220 2138
62221 1011
62222 3289
62223 3260
62224 184 3137
62225 747
62226 3991
62227 754
62228 3107
62229 358
62230 1039
62231 3165
62232 1950
62233 737
62234 4259
62235 2396
62236 733
62237 3415
62238 647
62239 3744
62240 1677
62241 2312
62242 2644
62243 1522
62244 3641
62245 2476
62246 867
62247 2926
62248 3594
62249 1611
62250 3325
62251 3347
62252 734 3715
62253 4014
62254 3379
62255 3796
62256 339 341 2950 3190
62257 794
62258 2715
62259 543 1714
62260 4003
62261 2164
62262 2839
62263 934
62264 3374
62265 4491
62266 1818
62267 970
62268 2470
62269 1111
62270 3665
62271 1791
62272 3823
62273 3216
62274 2770
62275 1036
62276 3214
62277 1812
62278 2236
62279 915
62280 2894
62281 3670
62282 4301
62283 2945
62284 3052
62285 552 554 1575 4162
62286 473
62287 1954
62288 2184
62289 3187
62290 1348
62291 1405
62292 83
62293 2787
62294 778
62295 340
62296 724
62297 3571
62298 2767
62299 330
62300 904
62301 658
62302 3896
62303 1823
62304 188 1176
62305 473 1254 1323
62306 3367
62307 2904
62308 2437
62309 4161
62310 473
62311 530 1278 2560 3674
62312 566
62313 2950
62314 3735
62315 771
62316 3564
62317 2737
62318 2081
62319 1060
62320 1472
62321 1022
62322 1500
62323 1349
62324 3743
62325 3165
62326 1994
62327 1738
62328 2980
62329 3605
62330 905
62331 3643
62332 3209
62333 3927
62334 2019
62335 2777
62336 2793
62337 3946
62338 3633
62339 2521
62340 1982
62341 821
62342 503 1694
62343 971
62344 1131 3583
62345 2802
62346 4316
62347 2086
62348 3036
62349 2708
62350 1316
62351 1316
62352 716
62353 2772
62354 310
62355 3935
62356 1060
62357 348
62358 2145
62359 624
62360 2086
62361 2810
62362 619 3486
62363 4447
62364 3057
62365 958
62366 3949
62367 1392
62368 1030
62369 3940
62370 2674
62371 443
62372 1613
62373 2281
62374 59
62375 2083
62376 3633
62377 2062
62378 1042
62379 1006
62380 2290
62381 67
62382 3685
62383 3231
62384 1110
62385 3726
62386 1538
62387 754
62388 3953
62389 3497
62390 3477
62391 864
62392 1938
62393 2811
62394 802
62395 827
62396 3684
62397 465
62398 1732
62399 202
62400 1277
62401 1539 3687
62402 3927
62403 3213
62404 173 187 194
62405 3334
62406 1676
62407 3769
62408 3753
62409 3742
62410 339
62411 3428
62412 346
62413 4373
62414 1445
62415 858
62416 1043
62417 1509
62418 1779
62419 1579
62420 1447
62421 399
62422 1327
62423 473
62424 294
62425 1216
62426 659
62427 3877
62428 737
62429 1044 1366
62430 3165
62431 2623
62432 877
62433 541
62434 1040
62435 2681
62436 3333
62437 451
62438 1115
62439 824
62440 1498
62441 669
62442 4432
62443 1656
62444 3578
62445 2784
62446 4225
62447 2586
62448 2279
62449 327
62450 1281
62451 4156
62452 3633
62453 3279
62454 2612
62455 307
62456 1426
62457 3896
62458 2163
62459 2984
62460 3204
62461 4227
62462 4476
62463 454 526
62464 2094
62465 884
62466 369 473 1599 1973
62467 1476
62468 34
62469 3190
62470 936
62471 3013
62472 4221
62473 2183
62474 1642
62475 4453
62476 4022
62477 2984
62478 1002
62479 3200
62480 3660
62481 2901
62482 1318
62483 3606
62484 2403
62485 2626
62486 4161
62487 1848
62488 868
62489 1513
62490 257
62491 3269
62492 2344
62493 1200
62494 1096
62495 1346
62496 2056
62497 1494
62498 1501
62499 3488
62500 1446
62501 3805
62502 393 798
62503 838
62504 3217
62505 404
62506 3666
62507 1316
62508 1260
62509 3440
62510 473 624
62511 1489
62512 919
62513 3105
62514 684
62515 2574
62516 3461
62517 2335 2626
62518 2457 2801
62519 2613
62520 131
62521 1535
62522 3557
62523 882
62524 3935
62525 3672
62526 227 444
62527 1148
62528 3771
62529 3721
62530 820 1325 1595
62531 507
62532 4280
62533 4021
62534 1494
62535 737
62536 2006
62537 641
62538 776
62539 3212
62540 3061
62541 405
62542 2612 3721
62543 68
62544 1316
62545 4220
62546 470
62547 842
62548 1797 2440
62549 4323
62550 761
62551 3474
62552 2605
62553 1137
62554 3354
62555 1562
62556 2343
62557 1832
62558 3531
62559 4300
62560 1234
62561 2057
62562 4015
62563 4475
62564 2249
62565 4225
62566 3011 4147
62567 671
62568 4466
62569 4106
62570 2573
62571 2006
62572 2294
62573 2248
62574 4385
62575 892
62576 2901 2925 3575
62577 2905
62578 2677
62579 3435
62580 2568
62581 1060 1991
62582 1539
62583 2001
62584 691
62585 3218
62586 4122
62587 2359
62588 658
62589 3212
62590 1202
62591 3823
62592 2515
62593 2162
62594 3210
62595 3754
62596 2003
62597 690
62598 2086
62599 326
62600 3200
62601 169
62602 177
62603 402
62604 896
62605 4458
62606 4427
62607 2818
62608 3892
62609 2390
62610 4241
62611 2935
62612 1108
62613 2986
62614 3739
62615 4155
62616 4033
62617 2686
62618 281
62619 3794
62620 1777
62621 397
62622 2809
62623 745
62624 1817
62625 3207
62626 3200
62627 164
62628 1202 3911
62629 2692
62630 2653
62631 1511
62632 1465
62633 2363
62634 3485
62635 3694
62636 1883
62637 356
62638 2150
62639 1235
62640 2324
62641 2466
62642 634 986
62643 1311 1855 4020
62644 2617
62645 4387
62646 2967
62647 1380
62648 400
62649 2777
62650 1661
62651 1973
62652 330
62653 369
62654 3216
62655 479
62656 3349
62657 1669
62658 1661
62659 3855
62660 4156
62661 369
62662 4106
62663 2066
62664 758
62665 2723
62666 4452
62667 2212
62668 1874
62669 2373
62670 1433
62671 507
62672 2296
62673 2212
62674 2792
62675 1636
62676 3913
62677 330
62678 3639
62679 308
62680 519
62681 721
62682 3033
62683 2677 2684
62684 861
62685 3570
62686 4493
62687 1656
62688 2081
62689 797 3379 3663 4311
62690 2951
62691 2621
62692 2344
62693 835
62694 2443
62695 414
62696 845
62697 4252
62698 2835
62699 2565
62700 3737
62701 2969
62702 4496
62703 2373
62704 2505 2741
62705 2495
62706 4407
62707 1496
62708 342
62709 1469
62710 2926
62711 295
62712 3113
62713 667 1511
62714 2464
62715 2003
62716 3817
62717 3895
62718 1776
62719 1024
62720 1616
62721 3208
62722 361
62723 4340
62724 4428
62725 2421
62726 1236
62727 876
62728 910
62729 3456
62730 4476
62731 4274
62732 1773
62733 1721 4190
62734 2606
62735 1484
62736 2951
62737 4296
62738 37
62739 2046
62740 1538
62741 369 934
62742 3449
62743 3808
62744 3503 3674
62745 1783
62746 3348
62747 4056
62748 2990
62749 1852
62750 1166
62751 2707 3171
62752 3501
62753 2568 2743 2864 3050 4457
62754 2046
62755 1037
62756 1206
62757 1332
62758 3344
62759 1097
62760 3343
62761 1677
62762 737
62763 2992
62764 3632
62765 2773
62766 4394
62767 326
62768 3666
62769 1787
62770 1108
62771 2557
62772 2778
62773 2948
62774 492
62775 3973
62776 944 2914
62777 597 3390
62778 3880
62779 1625
62780 733
62781 3992
62782 3288 4221
62783 3931
62784 1137
62785 424
62786 1174
62787 1751
62788 3262
62789 2287
62790 2653
62791 2969 4120
62792 1136
62793 3726
62794 2748
62795 492
62796 4190
62797 3685
62798 3847
62799 2262
62800 2471
62801 1685 2900
62802 4172
62803 2613
62804 748
62805 974
62806 1376
62807 634
62808 2265
62809 3896
62810 605
62811 1865
62812 3201
62813 1892
62814 232
62815 1196
62816 3378
62817 3275
62818 2994
62819 4411
62820 4129
62821 2249
62822 1145
62823 3479
62824 3280
62825 2624
62826 2491
62827 1894
62828 962
62829 895
62830 1417
62831 3593
62832 1699
62833 1511
62834 4306
62835 4412
62836 721
62837 822
62838 541
62839 3208
62840 3048
62841 691
62842 2512 2660
62843 874
62844 3338
62845 2818
62846 323
62847 3056
62848 3696
62849 1409
62850 1405
62851 2339
62852 2718 3730
62853 562
62854 1373 2951
62855 3681
62856 1840
62857 1721 2009 3571 4462
62858 986
62859 1058
62860 2320 3108
62861 4486
62862 4368
62863 2603
62864 4332
62865 1801
62866 3422
62867 1775
62868 2993
62869 2678
62870 1175
62871 584
62872 229
62873 3038
62874 1797
62875 4283
62876 3695
62877 469 470
62878 329
62879 797
62880 3298 3299
62881 465
62882 1803
62883 2298
62884 2868
62885 801
62886 2991
62887 3894
62888 3726
62889 530
62890 1829
62891 3209
62892 1346
62893 877
62894 100
62895 29 1431
62896 1042
62897 1455
62898 3
62899 294
62900 1459 3933
62901 2705
62902 402
62903 4164
62904 784
62905 3797
62906 1909
62907 2415
62908 3583
62909 2927
62910 3417
62911 2223
62912 2250
62913 351
62914 1718
62915 1264
62916 3634
62917 2039
62918 3714
62919 3589 4047
62920 224
62921 397
62922 3442
62923 4123
62924 845
62925 4368
62926 3606
62927 3204
62928 4428
62929 2789
62930 953
62931 684 3454
62932 4421
62933 3661
62934 3906
62935 570 1452
62936 1098
62937 2873
62938 877
62939 1560
62940 1508
62941 883 2546
62942 2030
62943 1236
62944 898
62945 2847
62946 179
62947 359
62948 2315
62949 1029
62950 737
62951 4055
62952 4438
62953 1570 3935
62954 3559
62955 3270
62956 1446
62957 2612
62958 339
62959 2173
62960 4430
62961 862
62962 2551
62963 1316
62964 3201
62965 2987
62966 4314
62967 4086
62968 3218
62969 4120 4475 4491
62970 2979
62971 3701
62972 311
62973 396
62974 3280
62975 3778
62976 3417
62977 2338
62978 591 730 2369
62979 2810
62980 1864
62981 3008 4284
62982 3074
62983 1940
62984 3213
62985 3794
62986 399
62987 1520 2716 3571
62988 1660
62989 4074
62990 394
62991 3623
62992 2001
62993 368 633
62994 3089
62995 2081 2453 4147
62996 1137
62997 2144
62998 1496
62999 515 1558 3039
63000 2563
63001 754
63002 745
63003 1103
63004 765
63005 1455
63006 2729
63007 2011
63008 2330
63009 4146
63010 1046
63011 1812
63012 2057
63013 3316
63014 299
63015 2134
63016 2569
63017 1207
63018 3200
63019 2698
63020 3455
63021 808
63022 923
63023 3754
63024 1047
63025 205
63026 815
63027 2071
63028 3291
63029 1510
63030 3113
63031 397
63032 1481
63033 1767
63034 4479
63035 846
63036 3948
63037 3260
63038 299
63039 2666
63040 458
63041 281
63042 3615
63043 185
63044 1281
63045 2493
63046 4331
63047 1895
63048 120
63049 833
63050 3732
63051 2718
63052 3474
63053 4029
63054 251
63055 1707
63056 2387
63057 146
63058 3638
63059 1643
63060 356
63061 3806
63062 2386
63063 236 248 768 1342 3072
63064 1897
63065 1917
63066 3024
63067 3936
63068 2529
63069 186
63070 2999
63071 1044
63072 3382
63073 4035
63074 3796
63075 2173
63076 863
63077 1593
63078 2623
63079 657
63080 456
63081 2091
63082 867
63083 904
63084 624
63085 1060
63086 2408
63087 3200
63088 737
63089 655 1783
63090 3482 3491
63091 2493
63092 363
63093 648
63094 2211
63095 2979
63096 4087
63097 101
63098 2271 2391
63099 2577
63100 1985
63101 4154
63102 3382
63103 2873
63104 1284
63105 3833
63106 1326
63107 2087
63108 2992
63109 330
63110 3920
63111 1563
63112 2952 3000 3087
63113 895
63114 2226
63115 2824
63116 3915
63117 2791
63118 258
63119 3152
63120 2023
63121 3414
63122 153
63123 43
63124 1065
63125 3327
63126 160
63127 2748
63128 1680
63129 2675
63130 3661
63131 656
63132 3580
63133 2213
63134 665
63135 2565
63136 4353
63137 4312
63138 381
63139 2960
63140 2511
63141 1956
63142 725
63143 522 4155
63144 1649
63145 2171
63146 4308
63147 554
63148 2754
63149 1539
63150 4385
63151 830
63152 3954
63153 3093
63154 3921
63155 793
63156 2367
63157 3948
63158 988
63159 3920
63160 775
63161 1276
63162 1804
63163 2406
63164 1121
63165 1817
63166 3690
63167 489
63168 4120
63169 2854
63170 1913
63171 4303
63172 2955
63173 269
63174 3486
63175 4375
63176 3204
63177 1707
63178 2955
63179 2246
63180 1221
63181 427
63182 3422
63183 2856
63184 2415
63185 916
63186 3664
63187 1202 1232 2927 4424
63188 2093
63189 2802
63190 1571
63191 62
63192 1874
63193 539
63194 1456
63195 174
63196 1741
63197 2798
63198 1103
63199 3934
63200 1907
63201 1202
63202 2790
63203 3959
63204 784
63205 3247
63206 1179 4182
63207 1883
63208 1257
63209 2050
63210 967
63211 1921
63212 3877
63213 3322
63214 2084
63215 861
63216 3618
63217 1192
63218 1218
63219 1628
63220 850 1254
63221 1348 2543 2571
63222 1893
63223 1062
63224 1756
63225 4389
63226 824
63227 2832
63228 3761
63229 331
63230 3644
63231 3789
63232 70
63233 4345
63234 2036
63235 2727
63236 3441
63237 1237
63238 255
63239 2442
63240 2557
63241 2218 2834 3002
63242 3685
63243 2647
63244 2167
63245 2518
63246 470 489
63247 4298
63248 1940 2847 3025
63249 2847
63250 2086
63251 1794
63252 3212
63253 2950
63254 168 1469 3031 3422 3517
63255 341
63256 3895
63257 3446
63258 2526
63259 1222
63260 1455
63261 2912
63262 2825
63263 2844
63264 3383
63265 277
63266 4221
63267 2841
63268 3646
63269 523
63270 224 3950
63271 2782
63272 175
63273 344
63274 2909
63275 4431
63276 342 1659
63277 909
63278 875
63279 3592
63280 2841
63281 4284
63282 2211
63283 3865
63284 2381
63285 3245
63286 564
63287 57 3718
63288 1311
63289 733
63290 4047
63291 820 923 3684
63292 2821
63293 3178
63294 120
63295 4122
63296 1060
63297 3209
63298 2275
63299 2473
63300 1148
63301 405
63302 1935
63303 1493
63304 4213
63305 3482
63306 1603 2989
63307 1007 3473
63308 3633
63309 2105
63310 3157
63311 3208
63312 2502 2832 2847 4065
63313 441
63314 984
63315 1057
63316 793
63317 4057
63318 733 4221
63319 4091
63320 151
63321 2435 2771
63322 52
63323 1269
63324 3105
63325 451 1060 1693 3195
63326 3955
63327 1618
63328 2827
63329 3417
63330 3170
63331 1306
63332 3454
63333 451
63334 713
63335 2001
63336 1575
63337 1211
63338 211
63339 3637
63340 1763
63341 1600
63342 1359 2476 2554
63343 3573
63344 357 1202 1202
63345 3694
63346 3730
63347 283
63348 3204
63349 473 1469
63350 1547
63351 2729
63352 1603
63353 864
63354 532
63355 2799
63356 171
63357 3288
63358 369
63359 1632
63360 3933
63361 2494
63362 514
63363 2242
63364 1915
63365 339 3572
63366 2650
63367 539
63368 4094
63369 2951
63370 4475
63371 882
63372 1204
63373 3289
63374 4047
63375 2714
63376 434
63377 2385
63378 4425
63379 4261
63380 3153
63381 721
63382 2658
63383 2895
63384 2065
63385 2960
63386 257
63387 1137
63388 3419
63389 221 3091 4069 4076
63390 1102
63391 3700
63392 2751
63393 3295
63394 2904
63395 1195
63396 2194
63397 1163
63398 1879
63399 3664
63400 4488
63401 2816
63402 1025 2748 3044
63403 2503
63404 2994
63405 1526
63406 404
63407 1202 2963
63408 3113
63409 18
63410 2669
63411 3422
63412 1530
63413 3788
63414 1062
63415 3347
63416 544
63417 463
63418 3950
63419 3141
63420 3184
63421 4234
63422 4133
63423 2090
63424 1199
63425 1513
63426 3116
63427 3569
63428 153
63429 860
63430 3176
63431 1196 3505
63432 1370
63433 1290 1293 1960
63434 1236
63435 1941
63436 2979
63437 1147
63438 1418
63439 1243
63440 659
63441 3906
63442 2873
63443 2648
63444 2532
63445 2837
63446 799
63447 969
63448 1827
63449 2058
63450 3297
63451 3850
63452 2950
63453 191
63454 1093
63455 1825
63456 3280
63457 2849
63458 2613
63459 2739
63460 445
63461 2502
63462 4391
63463 318
63464 877
63465 3213
63466 1728
63467 2062
63468 2818
63469 3567
63470 3731
63471 4051
63472 1314
63473 1878
63474 3702
63475 1141
63476 2057
63477 3963
63478 1869 3030
63479 2220
63480 156
63481 2761 3598
63482 3159
63483 1702 3674 4182
63484 4295
63485 3674
63486 733
63487 345
63488 2377
63489 1551
63490 1797
63491 3914
63492 61
63493 2579 3011
63494 1452 3384
63495 2741
63496 784
63497 2237
63498 698
63499 1961 3217
63500 146
63501 3920
63502 951
63503 1707
63504 3867
63505 3344
63506 1052
63507 1328
63508 4022
63509 2285
63510 3676
63511 1288
63512 393
63513 861
63514 4451
63515 3581
63516 3638
63517 1951
63518 1127
63519 476
63520 1463 1797 2912
63521 2356
63522 252 2904
63523 1025
63524 2232
63525 3483
63526 776
63527 134 2813
63528 2758
63529 4074
63530 3688
63531 3048
63532 1316
63533 3224
63534 2745 2950
63535 693
63536 1956
63537 3731
63538 4364
63539 3527
63540 2847
63541 1585
63542 2964
63543 2858
63544 2852
63545 1358
63546 302
63547 369 837 1576 1624 2000 4123
63548 1682
63549 303 339 539 1305 2950
63550 3236
63551 3124
63552 3217
63553 3245
63554 1251 3490 3858
63555 2291
63556 4296
63557 266
63558 905
63559 4482
63560 3509
63561 1401
63562 780
63563 1992
63564 1418
63565 2983
63566 3144
63567 992
63568 952
63569 3454
63570 3025
63571 1321
63572 3827
63573 577 2452 3297
63574 1500
63575 1217
63576 95
63577 3360
63578 1645
63579 3937
63580 1316
63581 3358
63582 2950
63583 1137
63584 2972
63585 3134
63586 3190
63587 2743
63588 2655
63589 909
63590 4193
63591 2048
63592 3043
63593 2949
63594 767 2941 3044
63595 4315
63596 3158
63597 873
63598 874
63599 1578
63600 3013
63601 2753
63602 3378
63603 3208
63604 1310
63605 256
63606 4208
63607 4074
63608 4087
63609 3218
63610 1934
63611 4326
63612 1350
63613 1602
63614 3255
63615 2101
63616 152
63617 4341
63618 4292
63619 2978
63620 969
63621 321
63622 2698
63623 1368
63624 2470
63625 1251
63626 3231
63627 995
63628 3916
63629 1922
63630 3803
63631 2371
63632 3347
63633 1576
63634 332
63635 3718
63636 3569
63637 4293
63638 851
63639 390
63640 3572
63641 176
63642 4033
63643 4026
63644 438
63645 1563
63646 1530 2770 3598 3809
63647 905
63648 1786
63649 4123
63650 1914
63651 3622
63652 2793
63653 1097
63654 3305
63655 2909
63656 22
63657 2686
63658 1644
63659 1943
63660 4491
63661 1161
63662 1214
63663 2559
63664 3672
63665 3796
63666 2982
63667 4223
63668 3794
63669 3816 3950
63670 115
63671 3867
63672 3099
63673 3496
63674 923
63675 4074
63676 4197
63677 3
63678 1348
63679 1209
63680 3628
63681 2061
63682 3249
63683 3532
63684 1902
63685 4156
63686 847
63687 1115
63688 2516
63689 2556
63690 381
63691 624
63692 1496
63693 1576
63694 3031
63695 1479
63696 1909
63697 1817
63698 1284 2020 2835 3384
63699 4153
63700 1330
63701 2461
63702 3165
63703 3245
63704 1469
63705 703
63706 3929
63707 2360
63708 4432
63709 3956
63710 4306
63711 563 1600
63712 1579
63713 3397
63714 1192 1969
63715 647
63716 2574
63717 3701
63718 2360
63719 916
63720 1359
63721 2186
63722 3218
63723 2881
63724 735
63725 4069
63726 1894
63727 3192
63728 2127
63729 3596
63730 4102
63731 3674
63732 2105
63733 2578
63734 222
63735 2774
63736 2461
63737 3653
63738 611
63739 93
63740 895
63741 3809
63742 3322
63743 3709
63744 4364
63745 1111
63746 4447
63747 2811
63748 3218
63749 3595
63750 1736
63751 934
63752 1066
63753 748
63754 1469 2777
63755 639
63756 3
63757 2410
63758 4187
63759 4260
63760 3423 4284
63761 952
63762 2621
63763 121
63764 3850
63765 3157
63766 3247
63767 1119
63768 1327
63769 2712
63770 4377
63771 752
63772 2063
63773 1125
63774 2001
63775 2910
63776 2546
63777 1866
63778 3850
63779 3922
63780 2429
63781 867
63782 1467
63783 3185
63784 2371
63785 2657
63786 3434
63787 1971
63788 3486
63789 2165
63790 1381
63791 775
63792 351 1880
63793 854
63794 1394
63795 3061
63796 370
63797 3754
63798 545
63799 3083
63800 1042
63801 1149
63802 2347
63803 1869
63804 4396
63805 2721
63806 3861
63807 1680
63808 4240
63809 3100
63810 1919
63811 3525
63812 3936
63813 2032
63814 714
63815 1737 2918
63816 2196
63817 3816
63818 1366
63819 4054
63820 1148
63821 3024
63822 737
63823 3319
63824 2484
63825 2085
63826 2001
63827 3581
63828 2398
63829 3422
63830 4184
63831 2282
63832 3684
63833 2737
63834 2900
63835 2376
63836 444 3079
63837 604
63838 1831
63839 4332
63840 34
63841 3805
63842 1787
63843 183
63844 3632
63845 3209
63846 2579
63847 1305
63848 131
63849 2938
63850 3653
63851 2727
63852 2746
63853 3190
63854 2507
63855 131
63856 579
63857 3221
63858 2078
63859 2767
63860 915
63861 973
63862 1044
63863 874 1496
63864 4306
63865 3239
63866 3454
63867 135
63868 4203
63869 2371
63870 1084
63871 3412
63872 3997
63873 1596
63874 3313
63875 987
63876 2763
63877 3203
63878 2741
63879 2449
63880 4475
63881 1342
63882 795
63883 3919
63884 340
63885 19
63886 2153
63887 1977
63888 55
63889 1663
63890 470 734 3312
63891 2499
63892 2741
63893 2232
63894 4307
63895 2424
63896 1859
63897 2638
63898 243
63899 4049
63900 1842
63901 4197
63902 1315
63903 3646
63904 4204
63905 2849
63906 2526
63907 2288
63908 562 1199
63909 3744
63910 3428
63911 3796
63912 1236
63913 2339
63914 4378
63915 1331
63916 2045
63917 2017
63918 1207
63919 3190
63920 3165
63921 1466
63922 1065
63923 1148
63924 1416
63925 3568
63926 3840
63927 1418
63928 474
63929 3218
63930 2727
63931 1455
63932 576
63933 2979
63934 2950
63935 4243
63936 2421 3171
63937 481
63938 279
63939 2236 3246
63940 3935
63941 735
63942 3190
63943 1865
63944 2825
63945 1366 3113
63946 1074
63947 723
63948 2927
63949 784
63950 3763
63951 2060
63952 3188
63953 3522
63954 1220
63955 3157
63956 134
63957 1975
63958 2180
63959 1236 3952
63960 3119
63961 2564
63962 718
63963 2664
63964 2845
63965 148 585 1735 1763 2599 2777 3511
63966 2316
63967 1284
63968 933
63969 2950
63970 89
63971 2895
63972 2637
63973 923
63974 1028
63975 2086
63976 2102
63977 4034
63978 3004
63979 1028
63980 2593
63981 2777
63982 3084
63983 2907
63984 1223
63985 166
63986 3489
63987 479
63988 294
63989 1661
63990 3441
63991 2875
63992 2396
63993 1199 2587
63994 584
63995 2248
63996 1847
63997 3490
63998 2415 2612
63999 2693
64000 1964
64001 1771
64002 175
64003 2560
64004 3414
64005 2927
64006 3623
64007 3382
64008 3187
64009 2834
64010 2520
64011 777
64012 3736
64013 2565
64014 2910
64015 2414 3506
64016 2093
64017 2416
64018 465
64019 3820
64020 19
64021 882
64022 4253
64023 4224
64024 3340
64025 1584
64026 1418
64027 3669
64028 3054
64029 3355
64030 2765
64031 4091
64032 2014
64033 3149
64034 1469 2908
64035 2280
64036 3560
64037 1648
64038 3417
64039 4048
64040 297
64041 670
64042 4340
64043 4451
64044 1469
64045 207
64046 1330
64047 4314
64048 909
64049 4000
64050 2957
64051 738 1120
64052 3157
64053 1726
64054 1535
64055 162
64056 2543
64057 561 1274 2984
64058 644
64059 4331
64060 3778
64061 2297
64062 2404
64063 351
64064 2848
64065 2837
64066 3973
64067 822
64068 3475
64069 3634
64070 262
64071 929
64072 1273
64073 3664
64074 3724
64075 1722
64076 2281 3188
64077 577
64078 228
64079 3216
64080 2832
64081 4256
64082 2984
64083 3080
64084 2652
64085 211 321 955 3375
64086 815
64087 2649
64088 1643 4062
64089 1953
64090 2775
64091 1077
64092 4397
64093 4196
64094 1580
64095 739
64096 2573
64097 2103
64098 2814
64099 3833
64100 1119
64101 762
64102 2955
64103 468 3054
64104 1176
64105 4074
64106 2700
64107 2613 2873
64108 2090
64109 1022
64110 1823
64111 2987
64112 4150
64113 880
64114 3929
64115 4417
64116 4442
64117 1576
64118 1615
64119 3724
64120 1036
64121 3521
64122 2974
64123 1867
64124 947
64125 290
64126 1044
64127 1111 3173
64128 844
64129 1545 2969
64130 1250
64131 3008
64132 3217
64133 4156
64134 3281
64135 1666
64136 4154
64137 2105
64138 387
64139 4339
64140 3682
64141 2871
64142 3660
64143 3963
64144 2515
64145 3668
64146 2335
64147 793 4261
64148 1480
64149 3239
64150 1231
64151 1949
64152 3648
64153 4232
64154 4332
64155 1195 1636 4145
64156 1930
64157 2808
64158 1913
64159 1502
64160 4334
64161 4311
64162 4299
64163 4327
64164 4340
64165 1600
64166 1863
64167 4328
64168 2808
64169 1865
64170 2085
64171 3669
64172 2336
64173 1511 2389
64174 2782
64175 4021
64176 1064
64177 3013
64178 437
64179 3037
64180 505 3497
64181 741 1707 2699
64182 3856
64183 1870
64184 3774
64185 817
64186 1008
64187 4419
64188 787
64189 408 820 844 3310
64190 3208
64191 3614
64192 1243
64193 2514
64194 2280
64195 537
64196 3449
64197 830 1611 3422 3649
64198 2094
64199 4430
64200 267
64201 4404
64202 3593
64203 2825
64204 3218
64205 4032
64206 3459
64207 2472
64208 3528
64209 1897
64210 3325
64211 2001
64212 461
64213 2577
64214 4023
64215 1875
64216 1941
64217 327
64218 2901
64219 2392
64220 301
64221 2494
64222 709 1314
64223 4138
64224 2860
64225 2999
64226 1616
64227 736
64228 3152
64229 2310
64230 2415
64231 2352
64232 981
64233 1798
64234 1202
64235 1785
64236 2320
64237 2048
64238 3380
64239 346
64240 356
64241 4296
64242 1835
64243 1654
64244 1545 3628 4073 4074 4075
64245 4252
64246 3783
64247 3386
64248 1575
64249 1201
64250 417
64251 850
64252 3440
64253 4391
64254 1825
64255 4371
64256 129
64257 2771
64258 2756
64259 2550
64260 1624 2000
64261 1487
64262 1044
64263 2380
64264 3816
64265 4176
64266 2978
64267 4383
64268 673
64269 4080
64270 852
64271 82
64272 3323
64273 2214
64274 1218
64275 3632
64276 4357
64277 3653
64278 336
64279 1983
64280 4319
64281 2657
64282 4318
64283 3201
64284 1629
64285 409
64286 867
64287 2898 3911
64288 3181
64289 2574
64290 2045
64291 1999
64292 2613
64293 71
64294 2984
64295 129
64296 2440
64297 97
64298 4231
64299 1455 3062
64300 446
64301 1837
64302 3920
64303 2701
64304 4163
64305 3097
64306 1585
64307 2281
64308 1833
64309 3948
64310 1500
64311 931
64312 876
64313 2558
64314 2770
64315 1316
64316 571
64317 319
64318 1878
64319 1185
64320 2028
64321 1025
64322 2963
64323 3911
64324 1727
64325 3128
64326 2851
64327 3507
64328 3922
64329 2901
64330 3097
64331 963
64332 2815
64333 3458
64334 236
64335 543 3631
64336 1567
64337 1805
64338 429
64339 633
64340 3882
64341 523
64342 4418
64343 848
64344 3438
64345 2761
64346 3410
64347 2905
64348 2499
64349 2541
64350 655
64351 1405
64352 3820
64353 1940
64354 4345
64355 1955
64356 3528
64357 2431
64358 1143
64359 2586
64360 733
64361 16
64362 3181
64363 1395 2524 2653
64364 856
64365 476
64366 4123
64367 3213
64368 761
64369 3628
64370 3126
64371 905
64372 4054
64373 1717
64374 386 1797
64375 3290
64376 350
64377 1903
64378 1418 1455
64379 3643
64380 1489
64381 210
64382 3951
64383 431
64384 2288
64385 3768
64386 1346
64387 3883
64388 3190
64389 1129
64390 2840
64391 3193
64392 4203
64393 3627
64394 2754
64395 3419
64396 2904
64397 470
64398 1202
64399 290
64400 3665
64401 4135
64402 1688
64403 2316
64404 443 3082
64405 3940
64406 315
64407 2123
64408 2965
64409 2700 2717 2724 2818 2839
64410 2006
64411 921
64412 3326
64413 2969
64414 326
64415 2335
64416 2282
64417 326
64418 2338
64419 1659 2095
64420 2952
64421 4204
64422 2531
64423 870
64424 4173
64425 3402
64426 2573
64427 4116
64428 4266
64429 1517
64430 2438
64431 4412
64432 3824
64433 733
64434 4074
64435 2937
64436 2989
64437 279
64438 54
64439 2772
64440 515
64441 1179
64442 3961
64443 219
64444 18
64445 905
64446 933
64447 2985
64448 1786
64449 2407
64450 4209
64451 225 286 684
64452 2943
64453 2521
64454 669
64455 2808
64456 3719
64457 784
64458 1140
64459 2321
64460 2203
64461 2368
64462 7
64463 2529
64464 4141
64465 2635
64466 3209
64467 2881
64468 1196
64469 2295
64470 3360
64471 4288
64472 2960
64473 3305 3423
64474 3448
64475 2301
64476 1074
64477 2588
64478 1821 1876
64479 1353
64480 2571
64481 3036
64482 3986
64483 16
64484 680
64485 3063
64486 3581
64487 3499
64488 244
64489 4221
64490 749
64491 2735
64492 3026
64493 2530
64494 32
64495 1124
64496 319
64497 4451
64498 1316
64499 3046
64500 489
64501 3187
64502 2351
64503 3170
64504 1641
64505 977
64506 884
64507 1118
64508 4415
64509 2950
64510 4054
64511 1836
64512 921
64513 910
64514 3878
64515 2982
64516 1455 1469 3251
64517 1529
64518 4443
64519 1019
64520 3882
64521 2404
64522 2155
64523 2771
64524 2951 2980
64525 3598
64526 434
64527 3225
64528 1253
64529 1028
64530 2976
64531 582
64532 3435
64533 3915
64534 215
64535 1476
64536 3271
64537 2950
64538 334
64539 2361
64540 3368
64541 2256
64542 850
64543 824
64544 3570
64545 2737
64546 2469
64547 1912
64548 2520
64549 2670
64550 1059
64551 3995
64552 3422
64553 2228
64554 1239
64555 2710
64556 2861
64557 1473
64558 1186
64559 1878
64560 3482
64561 3446
64562 1120
64563 2017
64564 820 1944
64565 1199
64566 3770
64567 2571
64568 1776
64569 3377
64570 4115
64571 2371
64572 992
64573 4489
64574 3277
64575 1811
64576 4142
64577 860
64578 1613
64579 4243
64580 733 3217
64581 1233
64582 2698
64583 142
64584 2719
64585 402
64586 3550
64587 2987
64588 1318
64589 1427
64590 1991
64591 858
64592 2698
64593 2750
64594 3005
64595 1059
64596 4298
64597 639
64598 1539 3000
64599 1418
64600 3823
64601 2691
64602 228 507
64603 1036
64604 4039
64605 2688
64606 3513
64607 1202 1202 1214 2727
64608 2062
64609 3029
64610 3693
64611 1764
64612 2654
64613 3316
64614 669 1007 3280 3871
64615 3412
64616 4033
64617 1322
64618 2182
64619 2176
64620 2660
64621 2385
64622 2019
64623 3863
64624 3201
64625 4134
64626 507
64627 3931
64628 3216
64629 3106
64630 976
64631 3204
64632 3668
64633 1649
64634 2659
64635 4312
64636 1278 2927 3062
64637 4307
64638 3489
64639 4153
64640 4015
64641 170
64642 2700
64643 1593
64644 2707
64645 387
64646 3093
64647 19
64648 3720
64649 457
64650 2803
64651 2732
64652 100
64653 2614
64654 3379
64655 3025
64656 956
64657 2102
64658 1721
64659 155
64660 4453
64661 4284
64662 3681
64663 1797
64664 2075
64665 58
64666 2117
64667 2212
64668 3542
64669 273 1800
64670 4271
64671 735
64672 3153
64673 2164
64674 1047
64675 278
64676 624
64677 1586
64678 4491
64679 1967
64680 2371
64681 3218
64682 862
64683 2061
64684 2354
64685 861
64686 4430
64687 3488
64688 399
64689 1122
64690 3165
64691 3320
64692 3210
64693 1792
64694 869
64695 3498
64696 2200
64697 448
64698 1450
64699 2081 3011
64700 1260 3215
64701 4096
64702 335
64703 3629
64704 2898
64705 3128
64706 3214
64707 3960
64708 549
64709 3832
64710 928
64711 3141
64712 2578 2653 2715
64713 3407
64714 3662
64715 629
64716 4076
64717 3686
64718 1177
64719 1375
64720 3331
64721 1324
64722 2621
64723 1431
64724 2802
64725 2095
64726 4440
64727 1123
64728 3339
64729 665
64730 1395
64731 155
64732 4114
64733 3387
64734 3931
64735 470
64736 3194
64737 3668
64738 2607
64739 3336
64740 1667
64741 2198
64742 2512
64743 4175
64744 672
64745 2615
64746 4293
64747 915
64748 4376
64749 1727
64750 1036
64751 3105
64752 612
64753 3167
64754 3755
64755 1110
64756 928
64757 2845
64758 1060
64759 3435
64760 4063
64761 2281
64762 4388
64763 577
64764 156
64765 4336
64766 2352
64767 1074
64768 653
64769 3354
64770 3644
64771 2832
64772 873
64773 3107
64774 624 1180
64775 1407
64776 3590
64777 312
64778 2148
64779 3157
64780 2708
64781 2100
64782 2197
64783 446
64784 2905
64785 3489
64786 2663
64787 1453
64788 2525 2654 2908
64789 4317
64790 69
64791 950 1452 2908
64792 1469
64793 1887
64794 1036
64795 1072
64796 3294
64797 3955
64798 3665
64799 4206
64800 3520
64801 1400
64802 3618
64803 3164
64804 2901
64805 3817
64806 3938
64807 2408
64808 3200
64809 1883
64810 3763
64811 3101
64812 4045
64813 1113
64814 747
64815 4353
64816 2224
64817 4192
64818 4205
64819 2614
64820 3583
64821 4092
64822 4467
64823 739
64824 3545
64825 40
64826 2945
64827 3763
64828 1434
64829 4151
64830 4436
64831 532
64832 1406
64833 2909
64834 1078
64835 3195
64836 3631
64837 1709
64838 156
64839 996
64840 4209
64841 3848
64842 2330
64843 69 1029 2856
64844 2714
64845 4207
64846 2470
64847 4416
64848 2188
64849 3188
64850 3554
64851 4223
64852 2713
64853 1457
64854 891
64855 442
64856 757
64857 2834
64858 808
64859 3319
64860 367
64861 2421
64862 3808
64863 2841
64864 2756
64865 915
64866 441
64867 4032
64868 2773
64869 431
64870 457
64871 895
64872 446
64873 3935
64874 2075
64875 3097
64876 2062
64877 4346
64878 4361
64879 4135
64880 3504
64881 1119
64882 4415
64883 1408
64884 1162
64885 4259
64886 173
64887 1
64888 1235
64889 919
64890 1669
64891 3907
64892 295 3074 3337
64893 2707
64894 1029
64895 4130
64896 1851
64897 3935
64898 1585
64899 3304
64900 72
64901 3986
64902 2536
64903 249
64904 1508
64905 1498
64906 393
64907 3604
64908 1124
64909 2062 3188
64910 681
64911 3935
64912 1179 3693
64913 1359
64914 1345
64915 3895
64916 2386
64917 3209
64918 4376
64919 113
64920 3170
64921 470
64922 1419
64923 2507 2518
64924 4039
64925 3221
64926 1131
64927 199
64928 2597
64929 3405
64930 3427
64931 4436
64932 280
64933 2451
64934 4279
64935 890
64936 733
64937 1103
64938 223
64939 1898
64940 536
64941 589 1540
64942 2737
64943 4282
64944 3218
64945 379 1459 1808
64946 303
64947 2129
64948 3208
64949 3704
64950 4422
64951 3541
64952 1173
64953 3378
64954 2057
64955 2492
64956 3763
64957 4371
64958 805 1411
64959 881
64960 1397
64961 2316
64962 3633
64963 2564
64964 653
64965 107 140 2808
64966 3205
64967 3413
64968 1955
64969 2465 2816
64970 3085
64971 894
64972 3209
64973 3939
64974 2610
64975 68
64976 2522
64977 3408
64978 3736
64979 2350
64980 1834 4074
64981 737
64982 2524
64983 3135
64984 767
64985 1038
64986 3729
64987 4090
64988 1081
64989 2834
64990 734
64991 744
64992 3458
64993 3806
64994 1778
64995 2057
64996 138
64997 972
64998 1687 2451 4148
64999 1007 3459
65000 592
65001 3208
65002 883
65003 3154
65004 1436
65005 470 937
65006 3190
65007 3915
65008 383
65009 1299
65010 1455 2641 3747
65011 1776
65012 668
65013 2629
65014 1857
65015 436
65016 225
65017 1112
65018 624 1291 1932
65019 1607
65020 2316
65021 2588
65022 1113
65023 3113
65024 2086
65025 2545
65026 2012
65027 1195
65028 3974
65029 408
65030 2819
65031 820 3566
65032 2797
65033 2408
65034 3202
65035 4033
65036 909
65037 2621
65038 2104
65039 2901 2951
65040 1316 3690
65041 1236
65042 4430
65043 3554
65044 669 2330
65045 4447
65046 4237
65047 4303
65048 3858
65049 1880
65050 435
65051 4463
65052 3717
65053 2654
65054 742
65055 2027 2199 4378
65056 3770
65057 389
65058 501
65059 590
65060 861
65061 1867
65062 398
65063 3988
65064 4028
65065 4047
65066 2410
65067 2520
65068 4196
65069 1010 1835 2748 3964
65070 3228
65071 3717
65072 2630
65073 424
65074 733
65075 2664
65076 746
65077 2180
65078 2460
65079 1527
65080 4130
65081 2161
65082 603
65083 25
65084 2507
65085 1542
65086 3779
65087 2303
65088 4182
65089 325
65090 3903
65091 3487
65092 1893
65093 3149
65094 4368
65095 1568
65096 4212
65097 624 3318
65098 2815
65099 2057
65100 3206
65101 2919
65102 827
65103 4257
65104 2678
65105 2666
65106 1993
65107 290
65108 1420
65109 733
65110 2089
65111 2285
65112 2202 2446
65113 3209
65114 545
65115 606
65116 303
65117 1294
65118 4334
65119 1689 4179
65120 2795
65121 2267
65122 1541
65123 2257
65124 427
65125 523
65126 1807
65127 3757
65128 3312
65129 3581
65130 1074
65131 3721
65132 3440
65133 2062
65134 1272
65135 3897
65136 298
65137 519
65138 1469 2929 3078
65139 1991
65140 4218
65141 588
65142 2565 3670
65143 2999
65144 1043 1311
65145 2001
65146 3238
65147 1797 3165
65148 3108
65149 3137 4074
65150 1494
65151 2842
65152 3567
65153 3842
65154 3215
65155 4062
65156 725
65157 2808
65158 2281
65159 1325
65160 2262
65161 3319
65162 3624
65163 386
65164 2330
65165 174
65166 1149
65167 18
65168 657
65169 3401
65170 2434
65171 1056
65172 365
65173 2960
65174 2503
65175 2874
65176 2729
65177 3291
65178 1416
65179 4475
65180 2160
65181 3866
65182 733
65183 3129
65184 684 3848 3960
65185 822 933 1719
65186 1955
65187 733 1611
65188 1455
65189 2967
65190 439
65191 4479
65192 3792
65193 3208
65194 1115
65195 4327
65196 2858
65197 3354
65198 2209
65199 1025
65200 3474
65201 2209
65202 405
65203 2209
65204 2407
65205 698
65206 1087
65207 2209
65208 2070
65209 554 2939
65210 2587 3218
65211 3425
65212 3685
65213 80
65214 1542
65215 1923 2340 2352
65216 1280
65217 792
65218 3661
65219 2879
65220 3848
65221 3203
65222 3849
65223 2967
65224 3857
65225 3283
65226 111
65227 3204
65228 3172
65229 342
65230 1330
65231 1540 1835
65232 3923
65233 2075
65234 655
65235 3989
65236 1985 3128
65237 630
65238 3137 4430
65239 3366
65240 482
65241 99
65242 2901
65243 3
65244 455
65245 2594
65246 2075
65247 2415
65248 2396
65249 2614
65250 3059
65251 752
65252 3634
65253 4150
65254 1901
65255 4457
65256 3324
65257 848
65258 3633
65259 2523
65260 1595
65261 3340
65262 2826
65263 3216
65264 3986
65265 2394
65266 2864
65267 2427
65268 3219
65269 1837
65270 1236
65271 4256
65272 3991
65273 2521
65274 1206
65275 3947
65276 3249
65277 4329
65278 3217
65279 1478
65280 1074
65281 495
65282 3215
65283 67
65284 3519
65285 3134
65286 4155
65287 3815
65288 3982
65289 3625
65290 339
65291 2081
65292 1545 1892
65293 1179
65294 1636
65295 1162
65296 4376
65297 490
65298 1236
65299 3321
65300 294
65301 1007
65302 747
65303 474
65304 1497
65305 513
65306 4428
65307 496
65308 2870
65309 3195
65310 362 650 1176
65311 3959
65312 387
65313 3219
65314 2467
65315 446
65316 2805
65317 561 726 3063
65318 349
65319 1258 4366
65320 2210
65321 1642
65322 2568
65323 1154
65324 170
65325 42
65326 3591
65327 1493
65328 2457
65329 1994
65330 3644
65331 819
65332 3896
65333 3312
65334 543 547 3667
65335 2916
65336 2756
65337 2580
65338 3908
65339 2910
65340 4074
65341 1202
65342 2367
65343 519
65344 326
65345 434
65346 2592
65347 3287
65348 3047
65349 3923
65350 1098
65351 168
65352 1076
65353 1732
65354 352
65355 1654 3277
65356 2531
65357 3601
65358 1004
65359 759
65360 2415
65361 623
65362 188
65363 423 745 751
65364 3214
65365 3325
65366 4342
65367 1719
65368 755
65369 2335
65370 3873
65371 4260
65372 1786
65373 3938
65374 1002
65375 2638
65376 4340
65377 2531 3039
65378 3817
65379 4423
65380 361
65381 514
65382 2647
65383 3418
65384 779
65385 1807
65386 1316
65387 4167
65388 2550
65389 3553
65390 2808
65391 3941
65392 1708 2890 2927
65393 1344
65394 1180
65395 952
65396 446
65397 514
65398 1714
65399 3602
65400 3680
65401 2552
65402 2700
65403 296
65404 969
65405 1356
65406 3213
65407 3106
65408 3665
65409 2969
65410 2371
65411 4113
65412 2575
65413 867
65414 3796
65415 917
65416 2772
65417 2330
65418 902
65419 3700
65420 3190
65421 2052
65422 2905
65423 3762
65424 1217
65425 3673
65426 1823
65427 3792
65428 122 1680
65429 3091
65430 3039
65431 3127
65432 3988
65433 3209
65434 479
65435 2567
65436 1873
65437 1102
65438 1402 3157
65439 4120
65440 460
65441 1880
65442 217
65443 1284
65444 4444
65445 1182
65446 3210
65447 2751
65448 3509
65449 2635
65450 312
65451 3701
65452 1227
65453 4151
65454 4479
65455 1316
65456 733 783
65457 2509
65458 2026
65459 3665
65460 3215
65461 3180
65462 1750
65463 4339
65464 2900 3631
65465 3419
65466 4220
65467 701
65468 559
65469 2539
65470 4323
65471 754
65472 3330
65473 2727
65474 3265
65475 267
65476 4436
65477 2646
65478 1542
65479 3330
65480 4385
65481 3717
65482 1028
65483 342 1839 2933
65484 779
65485 954
65486 3535
65487 4141
65488 2640
65489 3270
65490 3881
65491 216
65492 3828
65493 2095
65494 617 2862
65495 4328
65496 1998
65497 324 543 2687
65498 3511
65499 55
65500 2027
65501 4080
65502 309 3535
65503 4049
65504 3289
65505 2722
65506 2901
65507 4120
65508 3125
65509 2463
65510 385
65511 756
65512 3209
65513 954
65514 2966 3018 3598
65515 63
65516 1125
65517 3751
65518 2956
65519 407 1903
65520 21
65521 125
65522 3205
65523 3840
65524 4124
65525 3959
65526 1140
65527 4048
65528 1680
65529 1373
65530 1034
65531 2287
65532 2488
65533 3214
65534 2029
65535 299
65536 4390
65537 507
65538 116
65539 2213
65540 543
65541 2901 3959
65542 1071
65543 2481
65544 2199
65545 1026
65546 4095
65547 1415
65548 1824
65549 4102
65550 1470
65551 3099
65552 1969
65553 1223
65554 1036
65555 976
65556 2245
65557 4274
65558 1150
65559 968
65560 3882
65561 1883
65562 3204
65563 4283
65564 3190
65565 954
65566 454 1428
65567 1782
65568 1043
65569 1298
65570 119
65571 3350
65572 1236
65573 2094
65574 1815
65575 3198
65576 2312
65577 3442
65578 1233
65579 2229
65580 1409
65581 2342
65582 3205
65583 1677
65584 802
65585 1205
65586 1311
65587 4476
65588 1636
65589 656
65590 1468 4123
65591 2840
65592 1532
65593 2422
65594 3555
65595 2841
65596 1615
65597 1308 2955 3021
65598 3501
65599 2400
65600 3201
65601 1195
65602 2158
65603 793
65604 158 526 2474 2564 3471
65605 2063
65606 40
65607 905
65608 3598
65609 3685
65610 2904
65611 1004
65612 1784
65613 1236
65614 1955
65615 2936
65616 1713
65617 1713
65618 4332
65619 2727
65620 2849
65621 686
65622 2848
65623 152
65624 851
65625 680 731 3218 3505
65626 2657
65627 3217
65628 415
65629 1807
65630 3382
65631 2335 2969
65632 137
65633 2678
65634 2874
65635 2411
65636 2044
65637 1084
65638 3731
65639 2902
65640 2998
65641 4151
65642 2000
65643 3031
65644 4284
65645 624
65646 4476
65647 2381
65648 2783
65649 1151
65650 342
65651 4281
65652 2974
65653 1969
65654 3824
65655 974
65656 908 1636
65657 304
65658 4203
65659 3930
65660 1060 1418
65661 1395
65662 137 537
65663 3779
65664 1201
65665 735
65666 3207
65667 505
65668 3977
65669 2752
65670 1421
65671 351 3961
65672 1399
65673 2044
65674 1941
65675 4055
65676 2825
65677 2329
65678 3018
65679 3202
65680 2358
65681 3969
65682 3894
65683 3288
65684 2388
65685 2549
65686 1111
65687 328
65688 3105
65689 2588
65690 2025
65691 1087
65692 3361
65693 1179
65694 2808
65695 1615
65696 1955
65697 767
65698 451
65699 2044
65700 3622
65701 2184
65702 545 1836 3052
65703 3725
65704 273 290 381 840 844 1933 3319
65705 3095
65706 3469
65707 2070 2606 2890 2950
65708 701 3062
65709 4194
65710 1471 2919
65711 3105
65712 2299
65713 3290
65714 1111
65715 2203
65716 1469
65717 2776
65718 1480
65719 2898
65720 2980
65721 3071
65722 1111 3961
65723 2852
65724 844 1604 3302
65725 82
65726 517
65727 1940 2699 3198 3499
65728 2375
65729 4200
65730 469 473
65731 3664
65732 892
65733 2770
65734 3644
65735 1469 3014 3046
65736 3791
65737 4384
65738 2938 4430
65739 1766 2415
65740 2236
65741 4295
65742 1018
65743 3501
65744 3719
65745 3618
65746 3357
65747 433
65748 1271
65749 3683
65750 1969
65751 2808
65752 1418
65753 2724
65754 3719
65755 3217
65756 233
65757 1751
65758 552
65759 2923
65760 2395 2475
65761 905
65762 4238
65763 3563
65764 4123
65765 4067
65766 3424
65767 3239
65768 4398
65769 3774
65770 4103
65771 86
65772 3786
65773 560
65774 4113
65775 3846
65776 470
65777 2318
65778 3271
65779 2987
65780 338
65781 2825
65782 2689
65783 1236
65784 3875
65785 489
65786 467
65787 2813
65788 3809
65789 326
65790 4381
65791 1734
65792 1115
65793 2579
65794 761
65795 3960
65796 351
65797 2765
65798 752
65799 2001
65800 3427
65801 399 1326 3963 4163
65802 2001
65803 976
65804 4367
65805 161
65806 305
65807 338
65808 429
65809 3691
65810 4388
65811 3766
65812 1553
65813 3591
65814 2023
65815 2121
65816 3461
65817 3219
65818 3369
65819 560
65820 3200
65821 338
65822 1437
65823 2078
65824 2950
65825 4283
65826 964
65827 2963
65828 1866
65829 69
65830 515
65831 2212
65832 670
65833 3374
65834 3166
65835 1111
65836 3204
65837 242
65838 559
65839 2858
65840 2160
65841 1219
65842 1025
65843 800
65844 1102
65845 2856
65846 2259
65847 1115
65848 1398
65849 1064
65850 3417
65851 2837
65852 1740
65853 3459
65854 784
65855 1223
65856 2880
65857 2251
65858 1553
65859 2617
65860 2955
65861 31
65862 2196
65863 2443
65864 1342
65865 2855
65866 2163
65867 2751
65868 921
65869 2164
65870 3180
65871 454
65872 2879
65873 2403
65874 525
65875 1138
65876 1453
65877 646
65878 1732
65879 890
65880 2851
65881 2788
65882 1661
65883 2507
65884 1234
65885 147
65886 2349
65887 1661
65888 1395
65889 1441
65890 761
65891 1336
65892 1298
65893 3847
65894 2661
65895 1060
65896 1124
65897 2151
65898 2565
65899 4205
65900 538
65901 678 2899
65902 2904 3378
65903 4283
65904 3585
65905 1940
65906 1377
65907 4239
65908 4382
65909 4047
65910 3354
65911 548
65912 1285
65913 230
65914 3204
65915 863
65916 2543
65917 1111
65918 2543
65919 472
65920 919
65921 2826
65922 1600
65923 526
65924 1915
65925 755
65926 3704
65927 4339
65928 4377
65929 1087
65930 1206
65931 33
65932 3692
65933 3731
65934 336 1654 2006
65935 351
65936 3212
65937 3326
65938 1621
65939 3210
65940 3961
65941 2353
65942 3441
65943 1119
65944 3434
65945 623
65946 2649
65947 438
65948 3190
65949 3779
65950 1111
65951 3309
65952 1680 3697
65953 3618
65954 589
65955 2585
65956 3105
65957 4179
65958 1122
65959 1557
65960 682
65961 659
65962 3897
65963 2960
65964 1599
65965 528
65966 1137
65967 1346
65968 3188
65969 2062
65970 1337
65971 1473 1473 3154 3154
65972 1304
65973 3754
65974 1595
65975 4084
65976 1571
65977 4042
65978 2128
65979 4187
65980 4263
65981 3105
65982 2992
65983 4261
65984 3685
65985 440
65986 3893
65987 2743
65988 2512
65989 4176
65990 3694
65991 4382
65992 4162
65993 629
65994 3312
65995 2540
65996 1638
65997 2960
65998 3676
65999 655
66000 2358
66001 2739
66002 933
66003 1181
66004 2499
66005 3406
66006 2865
66007 1036 1642
66008 473
66009 741
66010 4184
66011 552
66012 704 3567
66013 1914
66014 784
66015 1386
66016 603
66017 4011
66018 1539 1601 2919
66019 297 1872
66020 2706
66021 460
66022 2847
66023 3727
66024 379
66025 3207
66026 3940
66027 1166
66028 1833
66029 3448
66030 3984
66031 3113
66032 2936
66033 3487
66034 811
66035 1115
66036 3670
66037 1495
66038 3494
66039 3983
66040 3188
66041 1101
66042 1934 2901
66043 1115
66044 1585
66045 3381
66046 2625
66047 2658
66048 2979
66049 2414
66050 1128
66051 1368
66052 1751
66053 3523
66054 3441
66055 2731
66056 1819
66057 3190
66058 685
66059 4362
66060 3323
66061 1088 3427
66062 2791
66063 2782
66064 1591
66065 3376
66066 2126
66067 737
66068 191
66069 3869
66070 1405
66071 1500
66072 2850
66073 3916
66074 2994
66075 785
66076 1060 3097
66077 666
66078 1378
66079 1575
66080 431
66081 131 2950
66082 3462
66083 3419
66084 3350
66085 1585
66086 1763
66087 3449
66088 802
66089 2396
66090 3898
66091 657
66092 3974
66093 3154
66094 3713
66095 491
66096 1568
66097 714
66098 338 1656
66099 2746
66100 1883
66101 3099
66102 3798
66103 1092
66104 3000
66105 2499
66106 866
66107 1159
66108 4345
66109 3415
66110 4400
66111 1119
66112 4091
66113 61
66114 2470
66115 4332
66116 3376
66117 2057
66118 3325
66119 1029
66120 3665
66121 694
66122 2989
66123 2978
66124 3802
66125 402
66126 3225
66127 1467
66128 3770
66129 1335
66130 3754
66131 2846
66132 3433
66133 3182
66134 1940 3225
66135 1921
66136 3203
66137 762
66138 2381 2960
66139 2496
66140 2075
66141 3402
66142 3211
66143 3954
66144 2528
66145 3965
66146 397
66147 399
66148 3183
66149 4290
66150 4350
66151 476
66152 131 2796
66153 3781
66154 2028
66155 1751
66156 1025
66157 3307
66158 2214
66159 1218
66160 103
66161 3337
66162 2969
66163 2785
66164 1253
66165 97
66166 2578
66167 4074
66168 1922
66169 3624
66170 1030 1865 2188
66171 3427
66172 2354
66173 4119
66174 3726
66175 3413
66176 4447
66177 3251
66178 1083
66179 1283
66180 2679
66181 351
66182 3565
66183 3711
66184 5
66185 1309
66186 3213
66187 1579
66188 4351
66189 745
66190 3200
66191 242
66192 3173
66193 829
66194 3052
66195 2557
66196 2110
66197 4378
66198 2277
66199 2715 2975
66200 1304
66201 3979
66202 2231
66203 2152
66204 2279
66205 3390
66206 734
66207 4368
66208 1596
66209 2689
66210 3330
66211 3330
66212 2357
66213 3218
66214 2849
66215 2248
66216 285
66217 3728
66218 512 3019
66219 3200
66220 1503
66221 2309
66222 986
66223 2078
66224 1401
66225 307
66226 2002
66227 3075
66228 707
66229 4074
66230 1513
66231 2905
66232 2237
66233 339
66234 1248
66235 2337
66236 75
66237 1472
66238 3009
66239 209
66240 4338
66241 655
66242 2905
66243 2909
66244 1561
66245 176
66246 75
66247 1687
66248 2151
66249 3518
66250 140
66251 2169
66252 3565
66253 4131
66254 3422
66255 467
66256 3954
66257 853
66258 4045
66259 1832
66260 2741
66261 2990
66262 2945
66263 1797
66264 1631
66265 1794
66266 3217
66267 3276
66268 3900
66269 562
66270 1358
66271 390
66272 297
66273 2969
66274 3000
66275 2407
66276 983
66277 3662
66278 4204
66279 3102
66280 1135
66281 63
66282 3670
66283 3904
66284 531
66285 1985
66286 2873
66287 2989
66288 2499
66289 61
66290 2104
66291 4406
66292 202
66293 1259
66294 484 3645
66295 2522
66296 1839
66297 108
66298 4289
66299 3770
66300 2302
66301 2919
66302 3648
66303 3467
66304 2637
66305 981
66306 78
66307 1148
66308 3037 3859
66309 2938
66310 3653
66311 3483
66312 2864
66313 2973
66314 1616
66315 1405 1658 1793 3677 4065 4161
66316 3251
66317 4216
66318 1837
66319 728
66320 3596
66321 1786
66322 2019 2925
66323 1602
66324 561 705 2459
66325 2208
66326 571
66327 2951
66328 72
66329 2385
66330 4192
66331 2339
66332 547
66333 861
66334 3948
66335 2254
66336 296
66337 2160
66338 3871
66339 2023
66340 3125
66341 1996
66342 783
66343 781
66344 197
66345 4345
66346 3750
66347 2601
66348 2861
66349 2605
66350 844
66351 3960
66352 657
66353 2259
66354 1169
66355 738
66356 2399
66357 1346
66358 854
66359 4436
66360 341
66361 2207
66362 2167
66363 1066
66364 3189
66365 3338
66366 3320
66367 789
66368 396
66369 3063 3217
66370 1223
66371 3102 3215
66372 3426
66373 3210
66374 860
66375 1131
66376 515
66377 4409
66378 3279
66379 4444
66380 3219
66381 3440
66382 905
66383 1214
66384 3987
66385 3198
66386 2467 2564
66387 1809
66388 4311
66389 2905
66390 1681
66391 3773
66392 412
66393 1025
66394 3156
66395 3154
66396 3880
66397 3754
66398 2726
66399 3441
66400 3668
66401 3644
66402 1183
66403 2331
66404 3728
66405 179
66406 1150
66407 3505
66408 543 2531 2603 2837
66409 2809
66410 4304
66411 2587
66412 2707
66413 2250
66414 356
66415 3773
66416 3861
66417 1978
66418 2639
66419 3754
66420 3803
66421 4302
66422 736
66423 446
66424 3209
66425 3803
66426 1951
66427 624 3247
66428 1143
66429 339 1469
66430 470
66431 1131
66432 1004
66433 2156
66434 1682
66435 2717
66436 765
66437 783
66438 1155
66439 400
66440 2714
66441 3417
66442 988
66443 1231
66444 3200
66445 1574
66446 2633
66447 921
66448 45
66449 4123
66450 3170
66451 2057
66452 3922
66453 905
66454 3117 3754
66455 741
66456 473
66457 1765
66458 1423
66459 1430
66460 2084
66461 3145
66462 2827
66463 2004
66464 1835
66465 4085
66466 3141
66467 2502
66468 3190
66469 617
66470 2057
66471 1119
66472 2876
66473 3892
66474 4271
66475 652
66476 589
66477 1411
66478 2442
66479 2681
66480 4241
66481 2457
66482 4013
66483 2415
66484 965
66485 9
66486 3845
66487 446 1060
66488 3144
66489 16
66490 3194
66491 3427
66492 877
66493 3676
66494 921
66495 2419
66496 1514
66497 402
66498 3479
66499 4172
66500 1815
66501 387 4378
66502 3275
66503 283
66504 3304
66505 4195
66506 2378
66507 2960
66508 1591
66509 3019 4065
66510 3209
66511 734
66512 1861
66513 2950
66514 4203
66515 3986
66516 630
66517 2909
66518 2133
66519 2861
66520 3922
66521 2495
66522 1664
66523 3572
66524 709 3478
66525 1236
66526 4216
66527 187 1166
66528 1179
66529 1493
66530 3537
66531 356
66532 2638
66533 135
66534 3421
66535 689
66536 3667
66537 307
66538 3292
66539 3484
66540 3062
66541 1498
66542 1785
66543 4297
66544 1466
66545 1236
66546 1231
66547 3166
66548 3557
66549 339 3462 4156
66550 27
66551 762
66552 3788
66553 2305
66554 665
66555 1232
66556 2810
66557 376
66558 892
66559 2843
66560 2299
66561 759
66562 3664
66563 3449
66564 355
66565 386
66566 3361
66567 1290
66568 3109
66569 1878
66570 299
66571 4490
66572 3498
66573 4074
66574 3509
66575 941 1795
66576 553
66577 1143
66578 761
66579 737 1172
66580 2963
66581 3832
66582 2710
66583 470
66584 2653
66585 783
66586 674
66587 3933
66588 2296
66589 182
66590 3837
66591 1344
66592 2467
66593 3319
66594 2105
66595 3809
66596 3829
66597 2240
66598 4003
66599 3641
66600 1264
66601 3093
66602 3123
66603 2402
66604 3476
66605 1267
66606 4067 4073 4074
66607 1096
66608 2969
66609 4152
66610 399
66611 3754
66612 2146
66613 3482
66614 415
66615 3572 4054
66616 1542
66617 1717
66618 986
66619 3486
66620 2291
66621 4389
66622 2471
66623 597
66624 1372
66625 1893
66626 1648
66627 2503
66628 2122
66629 2503
66630 4232
66631 339
66632 2062
66633 369
66634 3755
66635 4193
66636 3491
66637 3164
66638 3323
66639 2474
66640 4028
66641 3875
66642 3494
66643 2837
66644 894
66645 1674
66646 3279
66647 3383 3569
66648 433
66649 2992
66650 3486 3624
66651 3423
66652 854
66653 4383
66654 1441
66655 444
66656 798
66657 4378
66658 3059
66659 975
66660 1680 2732 3204
66661 3393
66662 3754
66663 605
66664 2509 2563
66665 981
66666 1540
66667 258 3486
66668 441
66669 3971
66670 599
66671 1539
66672 2283
66673 810 2933 2950
66674 3745
66675 3150
66676 1511
66677 1311
66678 1052
66679 2332
66680 4440
66681 3472
66682 2748
66683 289
66684 1418
66685 254
66686 342 1166
66687 3618
66688 2522
66689 1973
66690 1690 2860
66691 1391
66692 1788
66693 3779
66694 3904
66695 582 1469 2909 3036
66696 2565 2607 2663 2771 2776
66697 2023
66698 1418
66699 1188
66700 1330
66701 624
66702 2097
66703 1044
66704 754
66705 4374
66706 4371
66707 1081
66708 1870
66709 2509
66710 4216
66711 4096
66712 3158
66713 3672
66714 3191
66715 3572
66716 2742
66717 1944
66718 190
66719 3099
66720 1931 2070 2453 2694
66721 1060
66722 464
66723 1400
66724 4036
66725 4447
66726 898
66727 2965
66728 2908
66729 2001
66730 3549
66731 3665
66732 1574
66733 3706
66734 1680 2980 2999 3486
66735 2403
66736 2639
66737 1587
66738 3243
66739 523
66740 215
66741 154
66742 646
66743 185
66744 2942
66745 1357
66746 1865
66747 2927
66748 3976
66749 2173
66750 2148
66751 292 326 2893 2929
66752 220 3665
66753 1558
66754 2992
66755 4009
66756 3216
66757 3857
66758 2176
66759 3352
66760 1287
66761 878
66762 1167
66763 3970
66764 2533
66765 3166
66766 3199
66767 4209
66768 3215
66769 1269
66770 668
66771 1966
66772 1722
66773 238
66774 2904
66775 485
66776 913
66777 217
66778 1113
66779 2303
66780 99
66781 629
66782 3164
66783 1236
66784 2945
66785 1991
66786 1337
66787 1017
66788 1279
66789 1136
66790 1546
66791 1599
66792 1782
66793 3975
66794 3376
66795 1360
66796 37
66797 3190
66798 2520
66799 2057
66800 4209
66801 168
66802 1113
66803 2303
66804 921
66805 3433
66806 2232
66807 1872
66808 334
66809 260
66810 1084
66811 3935
66812 4415
66813 2660
66814 2418
66815 3832
66816 3678
66817 177
66818 2517
66819 1304
66820 2984 3766
66821 1763
66822 3660
66823 4428
66824 3701
66825 1246
66826 3863
66827 3016
66828 4299
66829 4221
66830 2808
66831 1958
66832 1922
66833 2951
66834 2845
66835 4010
66836 3282
66837 536
66838 3354
66839 2373
66840 2604
66841 545 4074
66842 3993
66843 583
66844 2446 3935 4183
66845 3511
66846 3580
66847 2383
66848 3353
66849 4169
66850 3384
66851 1316
66852 4202
66853 3422
66854 4423
66855 3048
66856 3848
66857 1969
66858 2032
66859 505
66860 2125
66861 194
66862 3450
66863 2629
66864 804
66865 3617
66866 3044
66867 1498
66868 1932 2578
66869 2110
66870 2438
66871 507
66872 2654
66873 4301
66874 225 2982
66875 4075
66876 2067
66877 1198
66878 2960
66879 3052
66880 2426
66881 1202
66882 3546
66883 3546
66884 714
66885 2765
66886 2711
66887 530
66888 857
66889 3210
66890 1812
66891 399
66892 3858
66893 2271
66894 4243
66895 753
66896 3260
66897 2675
66898 2950
66899 3325
66900 3804
66901 3442
66902 3931
66903 1668
66904 2866
66905 2333
66906 138
66907 402
66908 855
66909 708
66910 1819
66911 288
66912 4470
66913 1456 1469 2639
66914 246
66915 2032
66916 2950
66917 2982
66918 1512
66919 3863
66920 2674
66921 894
66922 3713
66923 4221
66924 3699
66925 3048
66926 4469
66927 3414
66928 998
66929 1116
66930 2873
66931 3200
66932 1714 1875 4145
66933 3906
66934 129
66935 2771
66936 3177
66937 3941
66938 2916
66939 2075
66940 3974
66941 437
66942 2770
66943 2961
66944 911
66945 911
66946 1804
66947 2627
66948 3184
66949 2168
66950 4277
66951 812
66952 2307
66953 3915
66954 3379
66955 3099
66956 1647
66957 4323
66958 861
66959 3091
66960 3571
66961 2699
66962 3722
66963 1257
66964 4252
66965 824
66966 615
66967 3340
66968 427
66969 3216
66970 294
66971 8
66972 4200
66973 2265
66974 2243
66975 473 820
66976 246
66977 2332
66978 3575
66979 3190
66980 3768
66981 1958
66982 3991
66983 3517
66984 992
66985 153
66986 419
66987 3892
66988 2528
66989 2845
66990 1225
66991 2607
66992 2960
66993 820
66994 2754
66995 2840
66996 492
66997 865
66998 3989
66999 2532
67000 2267
67001 4475
67002 1009
67003 2080
67004 2044
67005 1954
67006 1295
67007 1865
67008 894
67009 3362
67010 3676
67011 2001
67012 3343
67013 2046
67014 1111
67015 3218
67016 3595
67017 4376
67018 3127
67019 2303
67020 1484
67021 2537
67022 293
67023 3669
67024 1602
67025 2950
67026 313
67027 533 754
67028 557
67029 1044
67030 393
67031 734
67032 2057
67033 3130
67034 1612
67035 3531
67036 61
67037 526
67038 120
67039 3325
67040 1851 3690
67041 1182
67042 862
67043 4293
67044 4352
67045 3922
67046 1092
67047 473 486 844
67048 886
67049 3209
67050 721
67051 1109
67052 2910
67053 1326
67054 3992
67055 1594
67056 2636
67057 626
67058 3194
67059 1036
67060 4086
67061 2559
67062 1288
67063 3210
67064 1420
67065 526
67066 3275
67067 3201
67068 1561
67069 1279
67070 965
67071 3933
67072 381 473
67073 3011
67074 3217
67075 3400
67076 899
67077 3796
67078 2945
67079 1111
67080 473 1668
67081 2057
67082 3302
67083 4011
67084 780
67085 890
67086 476
67087 4207
67088 532 1143
67089 1960
67090 50
67091 2654
67092 373
67093 190
67094 3558
67095 434
67096 2653
67097 2950
67098 1469
67099 2864 2950 3310
67100 1674 2935
67101 3733
67102 386 420 828 980 1027 1027
67103 2360 3841 4475
67104 3531
67105 2435
67106 81
67107 2795
67108 4441
67109 1910
67110 2988
67111 3020
67112 1323
67113 4030
67114 2639
67115 2465
67116 4312
67117 678
67118 2217 2808
67119 4409
67120 3871
67121 740
67122 3665
67123 223
67124 2215
67125 3578
67126 2578 2953 2969 2984
67127 2432 4342
67128 63
67129 215
67130 3892
67131 4449
67132 3791
67133 1953
67134 2408
67135 737
67136 771
67137 2559
67138 1275
67139 3480
67140 803
67141 821
67142 1154
67143 2454
67144 528
67145 726
67146 294
67147 3209 3212
67148 3935
67149 2243
67150 2910
67151 1391 1661 2679 3690
67152 845
67153 4185
67154 1815
67155 3608
67156 2762
67157 551
67158 2573
67159 3338
67160 4123
67161 2598
67162 338
67163 538
67164 3471
67165 531
67166 1297
67167 397
67168 1257 1496
67169 2062
67170 2001
67171 1636
67172 1156
67173 3452
67174 3688
67175 2953
67176 3739
67177 4284
67178 3219
67179 2073
67180 2001
67181 1172
67182 2601
67183 3289
67184 2789
67185 2943
67186 2996
67187 1179
67188 3680
67189 170
67190 1559 3029
67191 2578
67192 4436
67193 3503
67194 3393
67195 1627
67196 4475
67197 675
67198 1032
67199 4433
67200 3038
67201 4408
67202 546 1251
67203 3218
67204 1980
67205 3285
67206 3963
67207 1455
67208 62
67209 2187
67210 3661
67211 4434
67212 3251
67213 2560 4459
67214 255
67215 2674 4438
67216 2688
67217 3601
67218 3063
67219 3722
67220 2271
67221 874
67222 4097
67223 4305
67224 1119
67225 3241
67226 585
67227 3204
67228 3743
67229 757
67230 3325
67231 4001
67232 3618
67233 4260
67234 1002
67235 1144
67236 1036 1522
67237 3929
67238 3312
67239 2860
67240 2992
67241 1289
67242 3797
67243 2726
67244 3415
67245 1860
67246 884
67247 585
67248 92
67249 822
67250 1028
67251 2360
67252 2414
67253 1014
67254 2670
67255 2668
67256 2601
67257 3222
67258 1367
67259 3386
67260 510
67261 4029
67262 3201
67263 4135
67264 684
67265 3245
67266 2685
67267 3773
67268 1912
67269 1653
67270 1015
67271 1455
67272 2589
67273 2948
67274 921
67275 1079 1236
67276 1038
67277 1627
67278 1235
67279 4455
67280 3425
67281 1022
67282 3927
67283 3718
67284 1047
67285 1087 3160 4055
67286 3758
67287 2338
67288 1738
67289 1261
67290 659
67291 360
67292 1120
67293 291
67294 624
67295 3136
67296 4436
67297 1656
67298 3206
67299 2098
67300 2969
67301 3177
67302 3517
67303 3325
67304 2395
67305 303
67306 3329
67307 4203
67308 336
67309 79
67310 394
67311 3922
67312 3578
67313 2115
67314 2398
67315 3380
67316 2542
67317 2948
67318 2523
67319 1530
67320 146
67321 2144
67322 3899
67323 496
67324 891
67325 4293
67326 2771
67327 1838
67328 9
67329 3809
67330 3617
67331 3102
67332 2559
67333 1498
67334 2991
67335 2288
67336 3128
67337 189
67338 3479
67339 1656
67340 3047
67341 2568
67342 3881
67343 2005
67344 1534
67345 4423
67346 1923
67347 2560
67348 3210
67349 3200
67350 3724
67351 707
67352 3203
67353 294
67354 3612
67355 3188
67356 2548
67357 966
67358 2050
67359 1581
67360 558
67361 4359
67362 3426 4011
67363 4003
67364 1469
67365 923
67366 3224
67367 1913
67368 279
67369 16
67370 615
67371 2082
67372 1683
67373 1670
67374 1236 1323
67375 2838
67376 398
67377 523
67378 1790
67379 3209
67380 3901
67381 3180
67382 160
67383 2933
67384 3754
67385 1859
67386 1539
67387 1022
67388 2827
67389 2333
67390 577
67391 768
67392 2944
67393 2595
67394 3132
67395 224 224
67396 4461
67397 3218
67398 4419
67399 799
67400 4286
67401 2520
67402 4474
67403 1840
67404 3275
67405 1187
67406 1453
67407 2090
67408 480 1841 4033
67409 4125
67410 562 2046 4194
67411 391
67412 123 1452
67413 2016
67414 1040
67415 944 1551 2077
67416 894
67417 3016
67418 834
67419 3204
67420 2370
67421 862
67422 3497
67423 905
67424 363
67425 946
67426 150
67427 3056
67428 2652
67429 4184
67430 1750
67431 2262
67432 1291
67433 3219
67434 1777
67435 915
67436 184 734
67437 2654
67438 4400
67439 3440
67440 4343
67441 3173
67442 2616
67443 342 1450
67444 2873
67445 864
67446 2930 2942 2944 3008
67447 469
67448 1593
67449 1878
67450 882
67451 170
67452 1910
67453 1237
67454 1265
67455 3619
67456 1750
67457 2578
67458 3123
67459 3056
67460 2650
67461 267
67462 2483
67463 3937
67464 3109
67465 4297
67466 3590
67467 2653
67468 2427
67469 2770
67470 3019
67471 913
67472 1920
67473 902
67474 3251
67475 3811
67476 3201
67477 2558
67478 3601
67479 1506
67480 1097 1264
67481 3108
67482 2643
67483 2207
67484 3928
67485 2810
67486 2289
67487 93
67488 2144 2718
67489 1487
67490 4255
67491 2075 3422
67492 725
67493 2626
67494 3980
67495 783
67496 3047
67497 3613
67498 1967
67499 4299
67500 4293
67501 3324
67502 1483
67503 923
67504 2185
67505 737
67506 2790
67507 3833
67508 2660
67509 538
67510 1238
67511 1661
67512 3713
67513 169
67514 1763
67515 1813
67516 190
67517 1070
67518 1770
67519 4033
67520 144
67521 3597
67522 2429
67523 405 1469 2901
67524 1520 3268
67525 3215
67526 3658
67527 2431
67528 734 3290 4385
67529 387 407
67530 3029
67531 4062
67532 3794
67533 4037
67534 1020
67535 2864
67536 4060
67537 3254
67538 3474
67539 338
67540 2546
67541 1196
67542 2344
67543 2044
67544 3190
67545 1025
67546 1958
67547 1726
67548 1818
67549 1502
67550 4460
67551 3906
67552 2924
67553 1335
67554 334
67555 1688
67556 1178
67557 2095
67558 1244
67559 3293
67560 1302
67561 1694 3251
67562 1890
67563 4446
67564 692
67565 1060
67566 3895
67567 4156
67568 4407
67569 2142
67570 1234
67571 1609
67572 3357
67573 2914
67574 3200
67575 1891
67576 56
67577 3785
67578 863
67579 4326
67580 222
67581 3184
67582 221
67583 321
67584 2416 2927
67585 4302
67586 2960
67587 293
67588 538
67589 2021
67590 120
67591 3473
67592 289
67593 326
67594 3456
67595 310
67596 3096
67597 3980
67598 4151
67599 968
67600 2436
67601 3625
67602 1118
67603 4225
67604 797
67605 4173
67606 2696
67607 1818
67608 3286
67609 1536
67610 4204
67611 3727
67612 3546
67613 2349
67614 2293
67615 2069
67616 877
67617 2452
67618 4025
67619 905
67620 4475
67621 2206
67622 2660
67623 1284 2967
67624 2057
67625 2598
67626 2101
67627 2046
67628 4462
67629 3581
67630 4085
67631 4184
67632 4484
67633 2095
67634 126
67635 4291
67636 3052
67637 3454
67638 2728
67639 2065
67640 781
67641 2736
67642 3351
67643 1896
67644 733
67645 2504
67646 1883
67647 1385
67648 3417
67649 3717
67650 794
67651 2925 3690
67652 2423
67653 1583
67654 2820
67655 3398
67656 4053
67657 1753
67658 1711
67659 3347
67660 2700
67661 4220
67662 2927
67663 3293
67664 4 1797
67665 458
67666 1230
67667 2674
67668 745
67669 493
67670 399 733
67671 1469 2490
67672 2272 2314
67673 409
67674 217
67675 1277
67676 743
67677 656
67678 3418
67679 3362
67680 190
67681 1583 3684
67682 2001
67683 1179
67684 4297
67685 3377
67686 701
67687 3979
67688 860
67689 1892
67690 734 1120
67691 3668
67692 1262
67693 2193
67694 2953
67695 2960
67696 652
67697 2896
67698 2901
67699 3772
67700 1446
67701 571
67702 3811
67703 3214
67704 2304
67705 3216
67706 2432
67707 4115
67708 2401
67709 3909
67710 3798
67711 3735
67712 2868 3528 4364
67713 3754
67714 820
67715 735
67716 4433
67717 4080
67718 1983
67719 784
67720 3190
67721 2751
67722 2990
67723 2990
67724 2990
67725 1005
67726 2669
67727 2823
67728 387
67729 2710
67730 2554
67731 3021
67732 3255
67733 3044 3165 3499
67734 4449
67735 974
67736 1748
67737 39
67738 1651
67739 1202 1395
67740 369
67741 2466
67742 4066
67743 2621
67744 3805
67745 3200
67746 2316
67747 2487
67748 3572
67749 733 733
67750 1469
67751 2334
67752 929
67753 156
67754 2177
67755 1335
67756 3225
67757 993
67758 507
67759 882
67760 1050
67761 1433
67762 3496
67763 134
67764 1039
67765 2132
67766 337
67767 1155
67768 274 826 1254 1260
67769 3458
67770 3634
67771 898
67772 2970
67773 323
67774 131
67775 3257 3938
67776 2910
67777 3173
67778 3084
67779 671 2942 2950
67780 3325
67781 3400
67782 96
67783 327
67784 4440
67785 2427
67786 1316
67787 2939
67788 1337
67789 3429
67790 2030
67791 2774
67792 3190
67793 3238
67794 1039
67795 577
67796 394
67797 904
67798 319
67799 3200
67800 3947
67801 3165
67802 4312
67803 3426
67804 4378
67805 3227
67806 2239
67807 3441
67808 3595
67809 3766
67810 3190
67811 3319
67812 3021
67813 2666 3165
67814 2668
67815 45
67816 3225
67817 3911
67818 3958
67819 1783 3192 3945
67820 238
67821 1907
67822 122
67823 540
67824 4054
67825 4170
67826 3782
67827 2762
67828 1941
67829 173
67830 1659
67831 3299
67832 2267
67833 3892
67834 2878
67835 911
67836 3992
67837 3485
67838 288
67839 3966
67840 507
67841 3232
67842 970
67843 1087
67844 2050
67845 1091
67846 2726
67847 4475
67848 695
67849 1766
67850 4025
67851 3169
67852 289
67853 2862
67854 3149
67855 990
67856 2917
67857 3294
67858 4166
67859 680
67860 3235
67861 89
67862 2579
67863 4428
67864 2737
67865 3765
67866 2062
67867 2032
67868 4218
67869 670
67870 1218
67871 2001
67872 236
67873 4239
67874 3836
67875 3480
67876 127
67877 1120
67878 1968
67879 1454 2517
67880 4184
67881 4386
67882 3578
67883 492
67884 3188
67885 3572
67886 840
67887 1428
67888 4382
67889 3200
67890 40
67891 447
67892 1857
67893 1060
67894 919
67895 3314
67896 251
67897 3029
67898 1202
67899 118
67900 2845
67901 2502
67902 739
67903 975
67904 2186
67905 1054
67906 2671
67907 1431
67908 3118
67909 1052
67910 2308
67911 140
67912 4461
67913 2698
67914 4389
67915 2901 3091
67916 334
67917 2960
67918 4421
67919 310
67920 906
67921 3848
67922 505 1588
67923 2860
67924 3408
67925 514
67926 4089
67927 3038
67928 383
67929 153
67930 2839
67931 2334
67932 4 2409 2742 2785 2798
67933 3627
67934 3203
67935 3777
67936 2621
67937 4003
67938 1636
67939 725
67940 4218
67941 1149
67942 780
67943 1337
67944 733
67945 2806
67946 1955
67947 1044
67948 1998
67949 1050
67950 4303
67951 132
67952 2972 2975
67953 461
67954 1257
67955 2281
67956 3519
67957 3691
67958 1227
67959 3665
67960 2970
67961 20
67962 1068
67963 1344
67964 2523
67965 3190
67966 2480
67967 3336
67968 131
67969 3768
67970 2614
67971 2863
67972 1869
67973 766
67974 1060
67975 1006
67976 112
67977 4202
67978 387 4221
67979 2900 2992
67980 4295
67981 3048
67982 1274
67983 3157
67984 2846
67985 3316
67986 2456 2644 3498
67987 1231 2520
67988 646
67989 2858
67990 2777
67991 4045
67992 77
67993 4402
67994 3200
67995 1442 2332
67996 2687
67997 1204
67998 4292
67999 247
68000 1496 3217
68001 4072
68002 2874
68003 989
68004 3200
68005 2900
68006 2384
68007 1429
68008 2711
68009 35
68010 46
68011 3571
68012 3641
68013 2251
68014 867
68015 397 444
68016 4171
68017 2512
68018 3190
68019 669
68020 2983
68021 2917 2917
68022 2863
68023 3811
68024 1528
68025 3323
68026 4183
68027 454
68028 3132
68029 2003
68030 2648
68031 2383
68032 1594
68033 4327
68034 4123
68035 1627
68036 3048
68037 3285
68038 3672
68039 3441
68040 3209
68041 1524
68042 1348
68043 351
68044 571
68045 1599
68046 919
68047 3896
68048 3880
68049 1875
68050 349
68051 3487
68052 611
68053 1467
68054 2483
68055 1818
68056 376
68057 1229
68058 2777
68059 1585
68060 4293
68061 1390
68062 3569
68063 339 2613 2851 3932
68064 2591
68065 2209
68066 861
68067 1980
68068 2975
68069 4352
68070 4351
68071 3092
68072 813
68073 2710
68074 3589
68075 2371
68076 695
68077 1119
68078 3571
68079 2005
68080 3543
68081 1734
68082 3486
68083 1236
68084 3370
68085 684
68086 1195
68087 1038
68088 512
68089 4327
68090 1469
68091 3671
68092 3976
68093 1282
68094 4013
68095 105
68096 747
68097 2539
68098 2267
68099 2095
68100 3190
68101 2298
68102 1217
68103 3218
68104 3552
68105 3193
68106 3631
68107 4156 4355
68108 326
68109 3912
68110 3871
68111 3200
68112 472
68113 738 3473
68114 2075
68115 87
68116 2652
68117 123
68118 369 933 1255
68119 2560
68120 783
68121 2180
68122 3165
68123 727
68124 1236
68125 1278
68126 671 2885
68127 894
68128 1034
68129 2982
68130 1814
68131 760
68132 1620
68133 674
68134 298
68135 865
68136 1659
68137 3857
68138 3615
68139 3000
68140 79
68141 2547
68142 1276
68143 3099
68144 75
68145 349
68146 4378
68147 2681
68148 655 1777
68149 2512
68150 1541
68151 4440
68152 1358
68153 3348
68154 3605
68155 1141
68156 4301
68157 3701
68158 2143
68159 2569
68160 564
68161 3510
68162 2848 3980
68163 2095
68164 2785
68165 647
68166 2161
68167 4368
68168 3378
68169 3033
68170 500
68171 1493
68172 3417
68173 3328
68174 3611
68175 43
68176 4221
68177 499
68178 733 798 1004 1798 2706 3743
68179 3442
68180 2204
68181 2984 2989
68182 4031
68183 2095
68184 659
68185 1738
68186 1346
68187 49
68188 1600
68189 3758
68190 390
68191 2061
68192 2092
68193 289
68194 2236
68195 261 3859
68196 1028
68197 2128
68198 4374
68199 2871
68200 1955
68201 4363
68202 2571
68203 78
68204 3953
68205 3118
68206 297
68207 4462
68208 1254 1255 1973 2196 3312
68209 1913
68210 4005
68211 3325
68212 4116
68213 4227
68214 152
68215 1625
68216 1302
68217 2660
68218 3622
68219 4290
68220 4097
68221 997
68222 2183
68223 923
68224 733
68225 2295
68226 1087
68227 1832
68228 733
68229 1741
68230 1308
68231 2769
68232 4152
68233 2381
68234 4162
68235 3527
68236 816
68237 1441
68238 1539 2724 2860 3959
68239 2969
68240 877
68241 1469 1636 2914
68242 340 538 2882 2905 3885
68243 4488
68244 3687
68245 2103
68246 3866
68247 1358
68248 16
68249 456 2769
68250 50
68251 796
68252 1401
68253 1909
68254 3277
68255 4221
68256 394
68257 5
68258 2950 2963 2982
68259 1482
68260 767
68261 656
68262 1872
68263 1359
68264 2390
68265 1235
68266 676
68267 3581
68268 2199
68269 274
68270 4136
68271 2655
68272 1141
68273 2343
68274 3552
68275 858
68276 2147
68277 1301
68278 1982
68279 1469 3048
68280 1452 1883
68281 3331
68282 4209
68283 99
68284 2255
68285 3217
68286 2165
68287 2459
68288 559
68289 793
68290 1541
68291 2871
68292 797
68293 4134
68294 2732
68295 1725
68296 632 1291 3335
68297 3877
68298 4483
68299 951
68300 3726
68301 2852
68302 2057
68303 342 1859 3002 4192
68304 55
68305 3771
68306 1029
68307 3200
68308 631
68309 2061
68310 3833
68311 846
68312 3690
68313 66 215 1539
68314 3000
68315 2619
68316 4000
68317 689 1236
68318 1469 2945
68319 2493
68320 2431
68321 4291
68322 1237
68323 2707
68324 2524
68325 3451
68326 3760
68327 4304
68328 2300 3664
68329 2950
68330 2561
68331 4466
68332 3698
68333 4475
68334 4184
68335 1102
68336 3841
68337 4324
68338 3093
68339 737
68340 610
68341 684
68342 2280
68343 793 966
68344 1188
68345 225
68346 2365
68347 3649
68348 2998
68349 3000
68350 3089
68351 1558
68352 2718
68353 655
68354 3987
68355 3573
68356 3698
68357 2835
68358 1235
68359 2823
68360 1954
68361 1152
68362 3441
68363 2821
68364 1583
68365 532
68366 2552
68367 1430
68368 4018
68369 777
68370 281
68371 2717
68372 1329
68373 3104
68374 1278
68375 3484 3925
68376 4027
68377 181
68378 3046
68379 1506
68380 1083
68381 2880
68382 1365
68383 3113
68384 4123
68385 3933
68386 1074
68387 3210
68388 2332
68389 254
68390 3681
68391 1788
68392 2057
68393 928
68394 1126 3312
68395 759
68396 1797 2144
68397 846
68398 3246
68399 699 2751 3195
68400 2839
68401 721
68402 705
68403 2808
68404 479
68405 868
68406 1244
68407 3576
68408 3019
68409 1785
68410 473
68411 464
68412 2969
68413 217
68414 1637 3157 4385
68415 3137
68416 4141
68417 2721
68418 1088
68419 2718
68420 3702
68421 1152
68422 446
68423 814 821
68424 1832
68425 1219
68426 3346
68427 538
68428 1478
68429 737
68430 2130
68431 2249
68432 4419
68433 460 1284
68434 1819
68435 1060 2901
68436 1234
68437 4005
68438 1003
68439 1176
68440 3867
68441 836
68442 2185
68443 4247
68444 3850
68445 2214
68446 194
68447 4052
68448 2874
68449 844 1797 2554 3302
68450 1621
68451 776
68452 1260
68453 3598
68454 4485
68455 1531
68456 1595
68457 552
68458 3567
68459 3261
68460 957
68461 2692
68462 4045
68463 3011 3011
68464 733 784 1042 2595
68465 846
68466 1306 3601
68467 4080
68468 301
68469 1457
68470 2092
68471 776
68472 2138
68473 2241
68474 616
68475 1212
68476 841
68477 952 2164
68478 2901
68479 570
68480 2128
68481 4485
68482 1314
68483 3808
68484 317
68485 2478
68486 1204
68487 3166
68488 2848
68489 2834
68490 219
68491 787
68492 3999
68493 1755
68494 3676
68495 1270
68496 4355
68497 3216
68498 3340
68499 4290
68500 1608
68501 1883 4145
68502 314
68503 2072
68504 1818
68505 1102
68506 2670
68507 4379
68508 1010
68509 2899 2969
68510 473 2526
68511 1206
68512 2954
68513 2899
68514 2304
68515 340
68516 202
68517 327
68518 2566
68519 2668 3525
68520 1175
68521 4307
68522 2081
68523 51
68524 4481
68525 1502
68526 4335
68527 852
68528 1405 1763
68529 189
68530 1633
68531 4404
68532 3471
68533 735
68534 3221
68535 3047
68536 2528
68537 2195
68538 4165
68539 327
68540 2502
68541 1740
68542 320
68543 31
68544 224
68545 304
68546 3708
68547 2824
68548 2199
68549 2710
68550 4286
68551 3489
68552 1311
68553 2230
68554 1053 2950
68555 2589
68556 4118
68557 3710
68558 953
68559 224 1306 2756 2868 3932
68560 1680 2737
68561 2153
68562 2682
68563 1430
68564 3887
68565 339 2577
68566 3072
68567 4298
68568 3894
68569 1314
68570 843
68571 3621
68572 1455
68573 1052
68574 4267
68575 3205
68576 3431
68577 3190
68578 186
68579 726
68580 2046
68581 3935
68582 3289
68583 2057
68584 3271
68585 3139
68586 4421
68587 2356
68588 3633
68589 193
68590 1166
68591 3208
68592 53
68593 1255
68594 26
68595 3507
68596 3574
68597 2698
68598 1416
68599 1469
68600 2653
68601 4044
68602 4116
68603 2025
68604 3350
68605 1434
68606 921
68607 3682 4069
68608 3854
68609 3138
68610 1870 3688
68611 2559
68612 4294
68613 3209
68614 1469
68615 2061
68616 4170
68617 640
68618 1055
68619 3190
68620 3824
68621 2792
68622 1305
68623 1545 3763 4457
68624 2950
68625 2015
68626 894
68627 3160
68628 2909
68629 4379
68630 409
68631 3644
68632 2717
68633 2979
68634 1028
68635 2090
68636 4178
68637 4009
68638 3371
68639 3826
68640 2084
68641 4041
68642 1851
68643 3461
68644 496
68645 4202
68646 3999
68647 680
68648 121
68649 2994
68650 327
68651 2503
68652 4184 4287
68653 2528
68654 336
68655 2767
68656 3486
68657 3670
68658 2911 2963
68659 4461
68660 2502
68661 3543
68662 3848
68663 1860
68664 2248
68665 1535
68666 3039
68667 3658
68668 1814
68669 1236
68670 2817
68671 2501
68672 2064
68673 3154
68674 771
68675 342 1637
68676 868
68677 568 3567
68678 3500
68679 2093
68680 3486
68681 1902
68682 750
68683 943 2585
68684 3483
68685 4315
68686 2215
68687 2057
68688 470
68689 326
68690 339
68691 2044
68692 3578 4135
68693 793
68694 1997
68695 4086
68696 2640
68697 95
68698 470 4062
68699 905
68700 470
68701 140
68702 1050
68703 758
68704 809
68705 1265
68706 4006
68707 1409
68708 3649
68709 490 1786 2144
68710 1830
68711 4390
68712 4217
68713 2112
68714 1037
68715 4189
68716 1187
68717 3578 4062
68718 4225
68719 514
68720 904
68721 3664
68722 3347
68723 671
68724 2808
68725 180
68726 1237
68727 3572
68728 1188
68729 322
68730 3895
68731 82
68732 4033
68733 3754
68734 3209
68735 3297
68736 3215
68737 93
68738 3280
68739 3210
68740 1418
68741 3959
68742 4221
68743 1991
68744 3925
68745 1504
68746 2795 3170
68747 2711
68748 2537
68749 4011
68750 2184
68751 3898
68752 2381
68753 4129
68754 1795
68755 1920
68756 4375
68757 2157
68758 3490
68759 1614
68760 3623
68761 738
68762 447
68763 1831
68764 3644
68765 2578
68766 3082
68767 3133
68768 3545
68769 2992
68770 1830
68771 3202
68772 1290
68773 3943
68774 993
68775 2039
68776 867
68777 2606
68778 3583
68779 2095
68780 1168
68781 905
68782 1315 3313
68783 2818
68784 3275
68785 3907
68786 2445
68787 1626
68788 1040
68789 2818
68790 2712
68791 2330
68792 687
68793 3323
68794 4343
68795 1627
68796 124
68797 2910
68798 2993
68799 844 2935
68800 2138
68801 2270
68802 3715
68803 1039
68804 639
68805 910
68806 1636
68807 647
68808 129
68809 1254 1664
68810 1498
68811 1862 4306
68812 372
68813 446 952 3021
68814 3390
68815 3214
68816 2012
68817 2215
68818 2092
68819 1936
68820 99
68821 163
68822 1960
68823 442
68824 3890
68825 1236
68826 1871
68827 2966
68828 1881
68829 1547
68830 3602
68831 4320
68832 3701
68833 2833
68834 4284
68835 3700
68836 1431
68837 4214
68838 1886
68839 3208
68840 2742
68841 4186
68842 8
68843 3219
68844 2230
68845 3399
68846 3226
68847 4317
68848 4184
68849 1545
68850 3646
68851 2691
68852 448
68853 1104
68854 470
68855 3928
68856 1349
68857 671
68858 1955
68859 3209
68860 4284
68861 737
68862 669
68863 406
68864 1802
68865 890
68866 2344
68867 1074
68868 3320
68869 242
68870 1316
68871 2908
68872 2351
68873 2498
68874 2335
68875 4328
68876 3705
68877 3664
68878 3523
68879 1742
68880 81
68881 2983
68882 2268
68883 2445
68884 1405
68885 3572
68886 363
68887 876 1431
68888 3614
68889 3626
68890 399
68891 735
68892 942
68893 3784
68894 3675
68895 1174
68896 3486
68897 2486
68898 2678 2717
68899 2486
68900 1446
68901 3685
68902 1797
68903 541
68904 187
68905 1131
68906 3427
68907 228
68908 216
68909 3157
68910 3597
68911 3213
68912 1224
68913 500
68914 1191
68915 3209
68916 3598
68917 4298
68918 3379
68919 2201
68920 1333
68921 117
68922 2388
68923 3672
68924 3201
68925 589
68926 515
68927 3618
68928 2698
68929 3532
68930 2353 2583
68931 1540
68932 2062
68933 4142
68934 3542
68935 3489 3664
68936 3607
68937 872
68938 349 555 3382 3472
68939 3576
68940 4155
68941 1561
68942 3210
68943 3209
68944 999
68945 2952
68946 4428
68947 3775
68948 2312
68949 3008
68950 1006
68951 2500
68952 3160
68953 4238
68954 1079
68955 551
68956 1276
68957 191
68958 617
68959 3065
68960 480
68961 4483
68962 3402
68963 3288
68964 2960
68965 60
68966 1472
68967 228
68968 4189
68969 4389
68970 411
68971 2207
68972 344
68973 1236
68974 3218
68975 3442
68976 315 342
68977 1693
68978 3285
68979 191
68980 3209
68981 3528
68982 589 1454
68983 2712
68984 3227
68985 46
68986 94
68987 2452
68988 316
68989 3624
68990 656
68991 3760
68992 1200
68993 2541
68994 3749
68995 1680
68996 887
68997 3996
68998 3683
68999 4256
69000 2547
69001 4209
69002 2960
69003 530
69004 3018
69005 4184
69006 3318
69007 1115
69008 1798
69009 3217
69010 3704
69011 150
69012 168 783
69013 655
69014 820
69015 2950
69016 846
69017 3242
69018 3165
69019 3856
69020 1797 3336
69021 2938
69022 1036
69023 473
69024 793
69025 351
69026 2851
69027 734
69028 737
69029 719
69030 587
69031 3892
69032 3872
69033 1665
69034 1168
69035 1299
69036 2992
69037 342
69038 2018
69039 3828
69040 3691
69041 2212 3217 3485
69042 1845
69043 3161
69044 3851
69045 2638
69046 1060
69047 2027
69048 4292
69049 1817
69050 2994
69051 2398
69052 3325
69053 3289
69054 2444 2476
69055 3846
69056 343
69057 1723
69058 4408
69059 3000
69060 2680
69061 3269
69062 2268
69063 3497
69064 2137
69065 3479
69066 1264
69067 248 1284 2378 4150
69068 2885
69069 2247
69070 3360
69071 3207
69072 4221
69073 1334
69074 3121
69075 1586
69076 3935 4087 4407
69077 2578
69078 3047
69079 3952
69080 1383
69081 3727
69082 2818
69083 3427
69084 3382
69085 1136
69086 921
69087 3891
69088 2877
69089 131 2660 3057
69090 1589
69091 2891
69092 3670
69093 2818
69094 2959
69095 1910
69096 655
69097 2758
69098 1129
69099 1955
69100 3879
69101 2981
69102 3581
69103 4447
69104 2749
69105 1447
69106 1775
69107 911
69108 3157
69109 4273
69110 3198
69111 221
69112 2580
69113 3792
69114 1297
69115 542 2699 2873
69116 2040
69117 3666
69118 470 935 1955 3048
69119 2390
69120 1761
69121 2136
69122 2411
69123 2849
69124 1823
69125 2979
69126 4073
69127 1695
69128 656
69129 216
69130 2648
69131 2516
69132 1381
69133 3400
69134 1325
69135 1418
69136 2222 2483
69137 4488
69138 2031
69139 2242
69140 461
69141 4361
69142 2797
69143 402
69144 3088
69145 1388
69146 1812
69147 2513
69148 3216
69149 2060
69150 3725
69151 3153
69152 1787
69153 894
69154 2599
69155 1050
69156 2331 2550
69157 3789
69158 2094
69159 2105
69160 2641
69161 756
69162 89
69163 1453
69164 1010
69165 2075
69166 209
69167 2676
69168 738
69169 4390
69170 1328
69171 224 546 2901 2906 2937
69172 1286
69173 1182
69174 3433
69175 922
69176 3744
69177 3341
69178 734
69179 1359
69180 3874
69181 2073
69182 326
69183 3366
69184 747
69185 291 1797
69186 3325
69187 2086
69188 167
69189 990
69190 4073
69191 1454 3598
69192 2624
69193 1894
69194 3601
69195 1233
69196 1925
69197 2559
69198 756
69199 3937
69200 1572
69201 1337
69202 4327
69203 1119
69204 3876
69205 2849
69206 3732
69207 114
69208 3896
69209 1050
69210 2824
69211 1387
69212 1348
69213 2612
69214 1914
69215 3991
69216 1430
69217 328
69218 2401
69219 3207
69220 3754
69221 1059
69222 2997
69223 2395
69224 468
69225 4173
69226 632
69227 1227
69228 1389
69229 2305
69230 3428
69231 3651
69232 4217
69233 3900
69234 733
69235 2575
69236 1526
69237 3135
69238 2288
69239 146 266
69240 2077 4462
69241 3916
69242 470
69243 390
69244 4116
69245 992
69246 248
69247 882
69248 245
69249 2686
69250 3428
69251 3758
69252 624 939 3245
69253 5
69254 3643
69255 3959
69256 4268
69257 4061
69258 2129
69259 746
69260 4378
69261 1782
69262 2751
69263 3088
69264 2289
69265 2969 3598 3820
69266 3274
69267 3535
69268 470 3250
69269 4123
69270 4315
69271 38
69272 2872
69273 673
69274 1221
69275 1323
69276 2826
69277 2858
69278 425 983 1257 1622 1797
69279 2012
69280 2718
69281 649
69282 3425
69283 4306
69284 3765
69285 1847
69286 2016
69287 2579
69288 451
69289 1966
69290 3931
69291 3596
69292 3216
69293 2916
69294 2666
69295 2001
69296 3188
69297 645
69298 94
69299 905
69300 3154
69301 3809
69302 3064
69303 4028
69304 3231
69305 2846
69306 2460
69307 1474
69308 705
69309 894
69310 3052
69311 684
69312 682
69313 3955
69314 1541
69315 941 983 1089 2007
69316 3383
69317 478
69318 1469
69319 442
69320 1789
69321 3754
69322 387
69323 1384
69324 2754
69325 2346
69326 2970
69327 1237
69328 2968
69329 747
69330 1786
69331 4003
69332 2914
69333 2845
69334 3578
69335 2522
69336 1430
69337 919
69338 797
69339 769
69340 2273
69341 1173 3936
69342 2769
69343 701
69344 3211
69345 1182 1955 3927
69346 1295 2047
69347 4138
69348 3515
69349 3218
69350 679
69351 2564
69352 1891
69353 3217
69354 454
69355 3043
69356 3623
69357 1407
69358 3780
69359 2684
69360 115
69361 1493
69362 1161
69363 3109
69364 3236
69365 2673
69366 3099
69367 684 2776 4039
69368 1594
69369 3454
69370 3986
69371 1027 3838
69372 2024
69373 2001
69374 916
69375 2271 2331 2702 2798
69376 633 831 1253
69377 375
69378 987
69379 908
69380 1346
69381 3190
69382 2960
69383 1926
69384 2005
69385 3765
69386 479
69387 441
69388 1679
69389 2020
69390 4326
69391 1625
69392 1257
69393 3281
69394 1743
69395 1823
69396 496
69397 4057
69398 2615
69399 1257
69400 3859
69401 2266
69402 3755
69403 306
69404 81
69405 2330
69406 2001
69407 2176
69408 4141
69409 3125
69410 853
69411 2401
69412 2233
69413 3236
69414 3684
69415 3730
69416 2543
69417 2133
69418 1945
69419 5
69420 2879
69421 2969
69422 2057
69423 4359
69424 3120
69425 3668
69426 3271
69427 3525
69428 2420
69429 1781
69430 3580
69431 1131
69432 687
69433 4344
69434 1883
69435 894
69436 3896
69437 1354
69438 2904
69439 1600
69440 297 1892 2845 3664
69441 63
69442 3754
69443 1469 2916 2919
69444 416
69445 3810
69446 519
69447 438
69448 405
69449 3932
69450 984
69451 669
69452 3285 3381
69453 323
69454 3285
69455 772
69456 4451
69457 3025
69458 125
69459 3260
69460 371
69461 3866
69462 1469 2950 4385
69463 3718
69464 1454 3008 3969
69465 108
69466 1235
69467 2799
69468 1168
69469 2808
69470 598
69471 2611
69472 2029
69473 785
69474 108
69475 3163
69476 247
69477 1696
69478 3881
69479 921
69480 1491
69481 2040
69482 13
69483 3091
69484 1094
69485 797
69486 3690
69487 1232
69488 1344
69489 3216
69490 1869 3647
69491 527
69492 934
69493 3312
69494 836
69495 578
69496 658
69497 443
69498 419
69499 199 4008
69500 2916
69501 553
69502 4193
69503 211
69504 4325
69505 755
69506 1060
69507 1798
69508 2044
69509 4317
69510 2262
69511 3796
69512 2114
69513 1288
69514 3671
69515 2395
69516 2977
69517 1335
69518 2953
69519 3226
69520 346
69521 1787
69522 62
69523 3471
69524 4315
69525 2760
69526 3182
69527 2306
69528 2610
69529 3771
69530 3796
69531 1500
69532 1596
69533 460
69534 2415
69535 3119
69536 704
69537 3217
69538 1280 4025
69539 1358
69540 1494
69541 1887
69542 3216
69543 1328
69544 2578 4175
69545 1004
69546 751
69547 3395
69548 1785
69549 1812
69550 3363
69551 3924
69552 3413
69553 2700
69554 3217
69555 2992
69556 1060
69557 3891
69558 4209
69559 1333
69560 4233
69561 2897
69562 1609
69563 3015
69564 4154
69565 2062
69566 1373
69567 1635
69568 313
69569 2184
69570 1344
69571 3420
69572 3187
69573 3245
69574 1737
69575 745 934
69576 3735
69577 3029
69578 3883
69579 3808
69580 1150
69581 62
69582 2826
69583 4283
69584 4037
69585 877
69586 3499
69587 292
69588 3599
69589 3427
69590 4227
69591 2470
69592 353
69593 1201
69594 49
69595 1148
69596 1075
69597 250
69598 2296
69599 1538
69600 1236
69601 1656
69602 3612
69603 1387
69604 1737
69605 2861
69606 990
69607 2859
69608 4097
69609 4076
69610 3505
69611 3802
69612 2759
69613 3060
69614 1983
69615 3949
69616 4233
69617 3545
69618 2486
69619 96
69620 4146
69621 2552
69622 2095
69623 1896
69624 3882
69625 1137
69626 3567
69627 4025
69628 404
69629 858
69630 4466
69631 2808
69632 1455
69633 709
69634 2112 2808
69635 3216
69636 2381
69637 356
69638 4258
69639 691
69640 4162
69641 733
69642 2094
69643 909
69644 5
69645 1636
69646 3471
69647 3142
69648 3746
69649 3677
69650 1206
69651 1347
69652 3754
69653 2870
69654 153
69655 2788
69656 1311
69657 3015
69658 303 1654
69659 3654
69660 2988
69661 3623
69662 3294
69663 3603
69664 2097
69665 3348
69666 2969
69667 2330
69668 968
69669 1914
69670 985
69671 986
69672 2564
69673 39
69674 521 585 1017 2019 3949
69675 244
69676 3791
69677 1945
69678 1991
69679 3071
69680 2904
69681 211
69682 2938
69683 2739
69684 1646
69685 2951
69686 3138
69687 1227
69688 3785
69689 4453
69690 2702
69691 3188
69692 1831
69693 1444
69694 3031
69695 2697
69696 3382
69697 992
69698 824
69699 2569
69700 3613
69701 1434
69702 3649
69703 4075
69704 2657 2979
69705 125
69706 3660
69707 1318
69708 3975
69709 2434
69710 2616
69711 657 665 3254
69712 1883
69713 49
69714 964
69715 3717
69716 3170
69717 1580
69718 394
69719 2303 3199
69720 2044
69721 325
69722 2974
69723 3737
69724 734 755
69725 2910
69726 3330
69727 290
69728 3954
69729 3733
69730 3316
69731 905
69732 682 3641
69733 4348
69734 2807
69735 2514
69736 4381
69737 3349
69738 3033
69739 1479
69740 137
69741 4485
69742 3495
69743 2040
69744 640
69745 416 1351
69746 444 757 2898
69747 4360
69748 2621
69749 3472
69750 4194 4266
69751 1214
69752 3039
69753 1508 1883 2395
69754 3847
69755 2950 3097
69756 2785
69757 2912
69758 3772
69759 2208
69760 4142
69761 1029
69762 905
69763 295
69764 1707
69765 918
69766 4232
69767 3594
69768 429
69769 2080
69770 1469
69771 1115
69772 3419
69773 2927
69774 735
69775 2870
69776 1859 4186
69777 3781
69778 1405
69779 1657
69780 240
69781 367
69782 516
69783 3628
69784 4324
69785 1206
69786 1078
69787 3754
69788 3216
69789 3563
69790 3529
69791 2363
69792 937 3573
69793 3529
69794 1438
69795 3211
69796 188
69797 1273
69798 170
69799 706
69800 539
69801 2709
69802 932
69803 2038
69804 4430
69805 2559 2756
69806 2769
69807 2078
69808 2578
69809 984
69810 192
69811 3665
69812 1418 4438
69813 1179
69814 3297
69815 855
69816 1710
69817 2042
69818 1346
69819 3173
69820 1816
69821 734 1757 3289 3527
69822 2322
69823 4173
69824 1654
69825 2660
69826 3014
69827 550
69828 4029
69829 4188
69830 844
69831 3279
69832 504
69833 3807
69834 3906
69835 814 2007
69836 3363
69837 1517
69838 2654
69839 1875
69840 1588
69841 342
69842 4353
69843 2179 2212
69844 2614
69845 3015
69846 3285
69847 243
69848 2320
69849 3744
69850 2195
69851 2462 3674
69852 4436
69853 2008
69854 378
69855 1498 1651
69856 28
69857 480
69858 3596
69859 3382
69860 4353
69861 2387
69862 3359
69863 2756
69864 1897
69865 941
69866 2834
69867 1140
69868 570
69869 3217
69870 3929
69871 3324
69872 2034
69873 1636 2923
69874 3763
69875 862
69876 3628
69877 3357
69878 435
69879 3337
69880 4436
69881 1357
69882 3225
69883 1940
69884 500
69885 1983
69886 4277
69887 1306
69888 1251
69889 883 2979
69890 167
69891 859
69892 3896
69893 2512
69894 1990
69895 4404
69896 1997
69897 4275
69898 2490
69899 83 2218
69900 1530
69901 2968
69902 3529
69903 4332
69904 1726
69905 2295
69906 689
69907 669
69908 2310
69909 2169
69910 1661
69911 2434
69912 4378
69913 3200
69914 3439
69915 1278
69916 3663
69917 1866
69918 1879
69919 220
69920 191
69921 191
69922 553 1446
69923 4385
69924 4405
69925 372
69926 2340
69927 1200 2242
69928 1628
69929 3208
69930 1181 1460
69931 330
69932 2657
69933 1381
69934 1590
69935 342
69936 3909
69937 1774 4123
69938 97
69939 2641
69940 220
69941 2559
69942 2559
69943 2372
69944 4123
69945 2198
69946 3210
69947 909
69948 4220
69949 1542
69950 77
69951 2477
69952 2796
69953 1199
69954 2467
69955 3667 4173
69956 2758
69957 2372 2868
69958 2352
69959 2517
69960 2062 2969 3110
69961 2755
69962 2858
69963 2137
69964 2012
69965 2947
69966 2091 3628
69967 2423
69968 2038
69969 1476
69970 3756
69971 1839
69972 3218
69973 293
69974 3704
69975 3425
69976 3854
69977 3754
69978 2979
69979 3990
69980 16 99
69981 722
69982 4094
69983 3200
69984 2136
69985 1495
69986 4011
69987 2477
69988 1201
69989 2527 2571
69990 800
69991 1398 2473
69992 3581
69993 1647
69994 836
69995 1809
69996 2908
69997 1479
69998 4063
69999 3284
70000 3215
70001 1385
70002 2416 3665
70003 894
70004 1864
70005 3383
70006 1803
70007 278
70008 3650
70009 2062
70010 2987
70011 727
70012 1201 2951
70013 56
70014 1750
70015 3404
70016 2358
70017 2627
70018 1180
70019 2950
70020 2327
70021 590
70022 114
70023 2046
70024 3186
70025 734
70026 1593
70027 2797
70028 4045
70029 2914
70030 670
70031 3664
70032 420 1290
70033 2748
70034 2303
70035 198
70036 733
70037 798
70038 1733
70039 828
70040 1720
70041 1097
70042 2263
70043 2245
70044 1544
70045 2345
70046 7
70047 78
70048 2681
70049 2299
70050 3337
70051 1264
70052 1087
70053 4109
70054 1368
70055 2587
70056 1340
70057 1651
70058 3153
70059 1223
70060 4184
70061 4364
70062 1048
70063 673
70064 1143
70065 1883 1926 2465
70066 1649
70067 4218
70068 4236
70069 3621
70070 1254
70071 48
70072 2338
70073 3697
70074 4421
70075 1968
70076 94
70077 2721
70078 2460
70079 745
70080 77
70081 1279 4123
70082 1373
70083 3220
70084 3725
70085 3932
70086 30
70087 1639
70088 1328
70089 4436
70090 2950 2952
70091 4253
70092 3325
70093 2927
70094 1926
70095 3209
70096 3340
70097 2942 2989
70098 2904
70099 2847
70100 1941
70101 2679 2686
70102 539
70103 2243
70104 6
70105 545 1915
70106 2353 2638
70107 2950
70108 1074
70109 1335
70110 184
70111 3213
70112 1184
70113 154
70114 2881
70115 1774 3285
70116 1951
70117 2914
70118 3836
70119 3471
70120 4493
70121 2816
70122 211
70123 50
70124 125
70125 4271
70126 1278
70127 3089
70128 2095
70129 2687
70130 2289
70131 3217
70132 2027
70133 3218
70134 669
70135 1223
70136 1215
70137 2866
70138 2001
70139 2841
70140 2770
70141 1934
70142 199
70143 2159
70144 277
70145 690
70146 3642 3961
70147 2403
70148 187
70149 402
70150 267 1867 2952
70151 2810
70152 218
70153 2644
70154 2462
70155 4151
70156 4209
70157 1283
70158 4053
70159 3932
70160 2095
70161 4007
70162 1787
70163 4403
70164 792
70165 1517
70166 2123
70167 510
70168 1002
70169 726
70170 2321
70171 3133
70172 1452
70173 1532
70174 3716
70175 3489
70176 1260
70177 2401
70178 2525
70179 2820
70180 3555 4221
70181 2930
70182 2644
70183 828
70184 4298
70185 783
70186 3665
70187 1883
70188 4255
70189 2267
70190 4184
70191 3606
70192 2480
70193 823
70194 2280
70195 1059
70196 3673
70197 897
70198 3003
70199 4368
70200 1522
70201 1117
70202 1403
70203 2001
70204 2821
70205 2710
70206 4476
70207 4020
70208 4286
70209 15
70210 2044
70211 3488
70212 976 2698 2699 2811
70213 3274
70214 3170
70215 1109
70216 2875
70217 1498
70218 2036
70219 1661 1867
70220 689
70221 3933
70222 3477
70223 148
70224 566
70225 15
70226 2409
70227 2198
70228 4221
70229 165
70230 2125
70231 2383
70232 339 1661
70233 1840 1847 1873
70234 1058
70235 3453
70236 4446
70237 4177
70238 3571
70239 1812
70240 1719
70241 2062
70242 1734
70243 3904
70244 3349
70245 817
70246 2451
70247 4136
70248 2912
70249 4469
70250 3023
70251 419 3701
70252 2808
70253 4063
70254 3245
70255 2340
70256 327 444
70257 4123
70258 1077
70259 327
70260 1174
70261 699
70262 1871
70263 843
70264 1143 2908 3137
70265 1797
70266 4190
70267 568
70268 2296
70269 2602
70270 4458
70271 2714
70272 916
70273 890
70274 2990
70275 3201
70276 2809
70277 2730
70278 3188
70279 1341
70280 1409
70281 2044
70282 3289
70283 2082
70284 776
70285 3188
70286 738
70287 2218
70288 1320
70289 4113
70290 4210
70291 4276
70292 1681
70293 3743
70294 2394
70295 793
70296 1318
70297 4278
70298 1446
70299 4088
70300 1054
70301 171 176 342 734
70302 3144
70303 1696
70304 934
70305 1195 1456
70306 925 3025 4077
70307 1469
70308 667
70309 2132
70310 460
70311 1229
70312 2720
70313 1424
70314 3227
70315 4171
70316 627
70317 3216
70318 4123
70319 2069
70320 2424
70321 1704
70322 2678
70323 2993
70324 2079
70325 1665
70326 445
70327 2686
70328 55
70329 2770
70330 1405
70331 3633
70332 876
70333 572
70334 469 3303
70335 3879
70336 2556
70337 4233
70338 737
70339 3137
70340 2971
70341 1227
70342 1002
70343 1674
70344 3157
70345 2427
70346 189
70347 3370
70348 401
70349 2662
70350 1498
70351 3405
70352 1214
70353 933 936 3171
70354 3986
70355 2095
70356 1181
70357 1446
70358 1975
70359 907 1931
70360 489
70361 1839
70362 3466
70363 2812
70364 4372
70365 373 426 1937 3319
70366 3
70367 55
70368 3528
70369 3771
70370 3031 3204
70371 2999
70372 1428
70373 3597
70374 4386
70375 3205
70376 737
70377 1886
70378 347
70379 1309
70380 2765
70381 4436
70382 2771
70383 3055
70384 3212
70385 3715
70386 187
70387 3744
70388 542 2818 2924
70389 737 1046 1392
70390 1613
70391 1618 4125
70392 4205
70393 917
70394 49
70395 4204
70396 3937
70397 2765
70398 3686
70399 2847
70400 788
70401 3770
70402 3538
70403 2420
70404 3250
70405 1193
70406 2834
70407 2626
70408 3213
70409 3699
70410 3193
70411 626
70412 2354
70413 3557
70414 3690
70415 2207
70416 3754
70417 3718
70418 1658
70419 103
70420 3946
70421 3717
70422 136
70423 1973
70424 24
70425 1029
70426 97
70427 1165
70428 3606
70429 1100
70430 3355
70431 312
70432 1126
70433 3188
70434 3218
70435 4191
70436 3014
70437 16
70438 1624 3930
70439 3213
70440 684
70441 4301
70442 723 4469
70443 1784
70444 2024
70445 2539
70446 3946
70447 940
70448 194
70449 590
70450 2800
70451 3113
70452 1456 2987
70453 2950
70454 3210
70455 565
70456 111
70457 3567
70458 2402
70459 960 1069 1447 3760 4047
70460 1316
70461 2983
70462 2854
70463 474
70464 601 1053 1181 1797 2007 2070
70465 1798
70466 206
70467 365
70468 1572
70469 2610
70470 1139
70471 3215
70472 576
70473 3799
70474 3040
70475 2826
70476 427
70477 3421
70478 3497
70479 2138
70480 3574
70481 3216
70482 23
70483 4083
70484 343
70485 793 2207 3052
70486 3694
70487 2287
70488 4150
70489 2837
70490 1382
70491 1242
70492 322
70493 3200
70494 1751
70495 4414
70496 1805
70497 429
70498 878
70499 3987
70500 3986
70501 3031
70502 1707 2950
70503 1809
70504 1433
70505 3986
70506 49
70507 3483
70508 3856
70509 2001
70510 106
70511 4408
70512 1630
70513 1869
70514 742
70515 2984
70516 2507
70517 1935
70518 2880
70519 4229
70520 1756
70521 788
70522 99 4055
70523 734
70524 290
70525 1592
70526 2714
70527 2056
70528 2149
70529 2553
70530 3843
70531 2961
70532 4033
70533 3971
70534 3105 3106
70535 2232
70536 480
70537 3526
70538 2826
70539 3704
70540 3567
70541 655
70542 4197
70543 1291
70544 537
70545 2818
70546 2371
70547 1673
70548 140
70549 711
70550 701
70551 2037
70552 3173
70553 3099
70554 4047
70555 3592
70556 2967
70557 1237
70558 3485
70559 1374
70560 4160
70561 3097
70562 4239
70563 1257
70564 2969
70565 1314 2810
70566 1814
70567 2201
70568 2062
70569 1005
70570 3235
70571 3419
70572 120
70573 3697
70574 3348
70575 399 2178
70576 2072
70577 2746
70578 4053
70579 2766
70580 3093
70581 674
70582 2131
70583 816 1511
70584 4173
70585 2853
70586 155
70587 3571
70588 3597
70589 3713
70590 4016
70591 2436
70592 2305
70593 2356
70594 3896
70595 3190
70596 3221
70597 796
70598 2141
70599 4099
70600 305
70601 2113
70602 2613
70603 2261
70604 326
70605 4240
70606 1465
70607 2499
70608 3120
70609 3160
70610 2633
70611 2700
70612 4473
70613 117
70614 1417
70615 1957
70616 1894 3690
70617 2748
70618 2521
70619 1085 1714
70620 2012
70621 4417
70622 541
70623 2119
70624 1941
70625 3058
70626 534
70627 1658
70628 3666
70629 1769
70630 3848
70631 3674
70632 487 638
70633 3411
70634 3709
70635 2573
70636 546
70637 595
70638 1418
70639 667
70640 3642
70641 3716
70642 822 1325
70643 3216
70644 4399
70645 329
70646 3494
70647 4082
70648 3425
70649 524
70650 3880
70651 1902
70652 1469
70653 287
70654 629
70655 4081
70656 176
70657 1522
70658 1236
70659 4010
70660 752 3803
70661 3157
70662 2070 3111
70663 3628
70664 3182
70665 2985
70666 4475
70667 2440
70668 1469
70669 3225
70670 3350
70671 2766
70672 2766
70673 2869
70674 233
70675 1759
70676 4473
70677 3960
70678 1590
70679 3430
70680 3216
70681 552
70682 1730
70683 3991
70684 4296
70685 38
70686 2756
70687 923
70688 2046
70689 1029
70690 3165
70691 3786
70692 2621
70693 1892
70694 2296 3678
70695 2253
70696 3419
70697 2431
70698 30
70699 2531
70700 1745
70701 1469
70702 1862 2653
70703 1776
70704 3939
70705 2622
70706 3485
70707 2180
70708 18
70709 3606
70710 4384
70711 1338
70712 535
70713 2460
70714 602
70715 251
70716 1899
70717 1055
70718 3383
70719 1479
70720 2724
70721 407
70722 852
70723 1872
70724 3441
70725 1571
70726 2094
70727 4428
70728 3494
70729 2660
70730 2653
70731 1013
70732 1540 3061
70733 1661
70734 449
70735 5
70736 1050
70737 821
70738 2750
70739 2862
70740 338
70741 3419
70742 921
70743 2713
70744 3016 4284
70745 3324
70746 4191
70747 4275
70748 2209
70749 2381
70750 2194
70751 1236
70752 4054
70753 1641
70754 2484
70755 227 1352
70756 2762
70757 1392 3535
70758 1311
70759 812 3318
70760 3705
70761 1781
70762 889
70763 1862
70764 3190
70765 4458
70766 2040
70767 3572
70768 3949
70769 1489
70770 2564 3313
70771 1756
70772 915
70773 127
70774 937 4135
70775 1562
70776 231
70777 3999
70778 1430
70779 516
70780 3937
70781 2135
70782 135 195
70783 373
70784 2661
70785 454
70786 2798
70787 2446 2984 3087
70788 3471
70789 3194
70790 2842
70791 2391
70792 4450
70793 3207
70794 439
70795 874 3250
70796 2075
70797 470
70798 1202
70799 3604
70800 339
70801 846 1126
70802 390
70803 1478 3216 3449
70804 3218
70805 2322
70806 1512
70807 2783
70808 380 384 390 1525
70809 3132
70810 1761
70811 3168
70812 1341
70813 1910
70814 733
70815 184
70816 1772
70817 2283
70818 3
70819 669
70820 3020
70821 2560
70822 2960
70823 3894
70824 1344
70825 1082
70826 4275
70827 215 1496 1637 2929 3040
70828 3145
70829 2734 2904
70830 1187
70831 755
70832 1053
70833 2523
70834 3485
70835 4011
70836 4444
70837 4218
70838 1944 1944
70839 2592
70840 1257
70841 4373
70842 731
70843 3318
70844 1323
70845 3318
70846 778
70847 3333
70848 754
70849 1187
70850 1593
70851 3452
70852 1932
70853 3097
70854 3203
70855 3529
70856 3337
70857 2062
70858 1097
70859 610
70860 1593
70861 3161
70862 876
70863 2453
70864 2824
70865 1784
70866 1764
70867 1120
70868 764
70869 2717
70870 1099
70871 3543
70872 3132
70873 1249
70874 2769
70875 2051
70876 1779
70877 1681
70878 1543
70879 2933 3660
70880 3898
70881 840
70882 3337
70883 1017
70884 2926
70885 730 841 1254
70886 470
70887 74
70888 3717
70889 1542
70890 2703 3437
70891 2019
70892 3575
70893 2502
70894 1062 1188
70895 1291
70896 3418
70897 466
70898 4385
70899 1113
70900 34
70901 1857
70902 3215
70903 3145
70904 2716
70905 2062
70906 979
70907 1044 1784
70908 479
70909 2537 2763 2763
70910 427 2964 3057
70911 490
70912 737
70913 3718
70914 930
70915 2001
70916 2001
70917 2001
70918 2654
70919 2674
70920 2966
70921 1291
70922 981
70923 754 3568
70924 2557
70925 2072
70926 102
70927 745
70928 835 1787 2777
70929 1029
70930 2733
70931 113
70932 57
70933 785
70934 566 1257 2062 2799 3298 3871
70935 1760
70936 1094
70937 3356
70938 507 3000
70939 905
70940 2012
70941 405
70942 934
70943 3894
70944 2747
70945 2108
70946 3099
70947 3319
70948 3200
70949 4478
70950 292
70951 703
70952 3786
70953 3853
70954 2557
70955 3001
70956 4135
70957 3108
70958 4428
70959 3987
70960 4031
70961 374 842 937 2571 2809
70962 3190
70963 2316
70964 4033
70965 3769
70966 4416
70967 1546
70968 1216
70969 1002
70970 145
70971 1302
70972 3159
70973 1150
70974 2086
70975 2770
70976 3890
70977 1847
70978 895
70979 3107
70980 1523
70981 1749
70982 3216
70983 905
70984 1251
70985 2960
70986 1357
70987 3499
70988 793 1036
70989 1108
70990 128
70991 326
70992 3188
70993 1418
70994 2718
70995 15
70996 1316
70997 669
70998 551 672
70999 3816
71000 3713
71001 1493
71002 4333
71003 3217
71004 3976
71005 3880
71006 1966
71007 2077
71008 3491
71009 3128
71010 2581
71011 2410
71012 1316 1472
71013 3598
71014 1257
71015 3972
71016 1311
71017 294
71018 3845
71019 1025 2980
71020 1086
71021 904
71022 4028
71023 81
71024 2801
71025 387
71026 2615
71027 3930
71028 695
71029 114
71030 2636
71031 1539
71032 217 4074
71033 2562
71034 2086
71035 1028
71036 1841
71037 2364
71038 1011
71039 2798
71040 3210
71041 801
71042 2498
71043 3529
71044 3816
71045 851
71046 1931
71047 3931
71048 1395
71049 4256
71050 4184
71051 2660
71052 2501
71053 438
71054 2989
71055 2848
71056 3409
71057 2145
71058 2847
71059 3225
71060 521
71061 3208
71062 3551
71063 2353
71064 1160
71065 4082
71066 3217
71067 355
71068 3499
71069 1197
71070 3543
71071 4124
71072 2910
71073 2458
71074 1706 2929 3631
71075 1812
71076 897
71077 43 43
71078 4136
71079 4079
71080 1081
71081 2371
71082 1115
71083 3387
71084 1236
71085 2321
71086 3593
71087 2697
71088 3217
71089 2779
71090 1748
71091 4148
71092 1884
71093 4332
71094 1762
71095 3618
71096 3245
71097 2432
71098 939
71099 3367
71100 3099
71101 171
71102 3560
71103 2901 3419
71104 165
71105 2430
71106 2773
71107 2854
71108 1590
71109 1524
71110 3239
71111 1540
71112 2912
71113 1446
71114 4428
71115 3285 3665
71116 4340
71117 3895
71118 2371
71119 150 295
71120 18
71121 3026
71122 405 1200 1455
71123 2434
71124 3482
71125 127
71126 1825
71127 317
71128 2410 3061
71129 1256 3422
71130 3691
71131 3378
71132 3201
71133 3386
71134 4395
71135 1822
71136 2061
71137 1341
71138 2390
71139 4493
71140 733
71141 710
71142 3598
71143 4379
71144 1223
71145 3916
71146 3955
71147 4000
71148 536
71149 3803
71150 4321
71151 3890
71152 3356
71153 282
71154 3754
71155 2156
71156 2687
71157 2232
71158 3603
71159 4468
71160 1115
71161 2339
71162 639
71163 2283
71164 4475
71165 4148
71166 1546
71167 3093
71168 737 2713
71169 746
71170 3217
71171 3411
71172 3961
71173 1784
71174 3209
71175 3217
71176 4074
71177 2164 2371
71178 3648
71179 1597
71180 4007
71181 1862
71182 59
71183 733 2756 4356
71184 3210
71185 4307
71186 611
71187 840
71188 2330
71189 3570
71190 1120
71191 2849
71192 3377
71193 1886
71194 4157
71195 225
71196 3668
71197 821
71198 2808
71199 1754
71200 2786
71201 130
71202 2760 2979
71203 2951
71204 3693
71205 3556
71206 2531
71207 552 3015
71208 1237
71209 62
71210 2482
71211 2933
71212 2968 3832
71213 3006
71214 2686
71215 3395
71216 3604
71217 2705
71218 2546
71219 3754
71220 1846
71221 2660 2852
71222 1883
71223 4363
71224 2797
71225 2433
71226 202
71227 4471
71228 1333
71229 1822
71230 3632
71231 3217
71232 3357
71233 3965
71234 3558
71235 960
71236 4117
71237 2490
71238 439
71239 342 1784
71240 1503
71241 2907
71242 4082
71243 974
71244 351
71245 2852
71246 2090
71247 1861
71248 3091
71249 3680
71250 2608
71251 1766
71252 4421
71253 2057
71254 3654
71255 1125
71256 1418
71257 4174
71258 1958
71259 3479
71260 3550
71261 1469
71262 3419
71263 1837
71264 3892
71265 1823
71266 4331
71267 3231
71268 4176
71269 2296
71270 2522
71271 2034
71272 537
71273 3000
71274 2094
71275 3037
71276 2194 2597
71277 1202
71278 1746
71279 4144
71280 2131
71281 1524
71282 162
71283 2855
71284 1694
71285 1689 2927
71286 3157
71287 1594
71288 3192
71289 396
71290 2242
71291 4440
71292 1811
71293 2741
71294 3443
71295 3758
71296 2961
71297 3216
71298 1040
71299 4364
71300 1316
71301 1798
71302 4054
71303 2106
71304 3609
71305 2793
71306 2914
71307 1446 3027
71308 2912
71309 20
71310 3672
71311 3064
71312 1928
71313 3394
71314 1546
71315 372 1932
71316 3348 4462
71317 3996
71318 342 1763 2606
71319 1842
71320 3206
71321 612
71322 1014
71323 1830
71324 2482
71325 3023
71326 4315
71327 3592
71328 3157
71329 3831
71330 4148
71331 216
71332 1060
71333 2752
71334 259
71335 3200
71336 915
71337 766
71338 3217
71339 1236
71340 3425
71341 2609
71342 3702
71343 770
71344 1465 1659 3419
71345 1307
71346 4029
71347 861
71348 1155
71349 2057
71350 3200
71351 552
71352 754
71353 4026
71354 541
71355 3478
71356 3188
71357 3163
71358 3520
71359 190
71360 4433
71361 1596
71362 397
71363 2621
71364 3324
71365 1073
71366 3110
71367 2707
71368 3213
71369 3109
71370 3188
71371 3210
71372 2062
71373 923
71374 1864
71375 1333
71376 477
71377 2648
71378 3611
71379 3497
71380 4123
71381 1419
71382 2963
71383 2629
71384 3348
71385 1207
71386 2927
71387 737 1052
71388 702
71389 2770
71390 83
71391 290 1370
71392 179
71393 3158
71394 2083
71395 4130
71396 2969
71397 4284
71398 1471 1471
71399 2056
71400 2960
71401 2182
71402 1346
71403 2172
71404 1858
71405 1188
71406 4382
71407 3449
71408 2808
71409 4024
71410 1441
71411 1469
71412 1272
71413 2752
71414 2250
71415 2607
71416 4283
71417 1964
71418 3222
71419 4074
71420 3644
71421 747
71422 2026
71423 3132
71424 921
71425 451
71426 1500
71427 3617
71428 47
71429 268
71430 3765
71431 3157
71432 1251
71433 2044
71434 4421
71435 3137 3157
71436 4412
71437 514
71438 2322
71439 3201
71440 150
71441 1222
71442 608
71443 737
71444 2356
71445 734
71446 1611
71447 3933
71448 3391
71449 952
71450 4306
71451 3108
71452 2983
71453 4404
71454 1567
71455 679
71456 654
71457 3048
71458 1657
71459 3833
71460 3667
71461 3130
71462 870
71463 667
71464 1883
71465 1044
71466 1721
71467 330 1919
71468 3325
71469 1853
71470 1847
71471 1520
71472 1883
71473 3209
71474 158
71475 2803 2858
71476 3126
71477 1236
71478 784
71479 1373
71480 3209
71481 36
71482 1475
71483 3700
71484 3571 3572
71485 1513
71486 1763
71487 1763
71488 3847
71489 737
71490 1311
71491 1338
71492 3217
71493 2666
71494 3602
71495 2949 3073
71496 390
71497 1648
71498 1908
71499 3325
71500 3487
71501 2698
71502 3551
71503 1957
71504 2654
71505 307
71506 2610
71507 2032
71508 2839
71509 134
71510 1247
71511 1636 2808 3929 4145
71512 559
71513 3384
71514 851
71515 1179
71516 624
71517 2221
71518 3108
71519 1734
71520 584
71521 196
71522 61
71523 1316
71524 2837
71525 4428
71526 4348
71527 3498
71528 92
71529 90 1180
71530 2365
71531 2299
71532 2188
71533 651
71534 3415
71535 1316
71536 1784 1847 3685 4293 4297
71537 1707
71538 3120
71539 3200
71540 906
71541 1388
71542 83
71543 3670
71544 3643
71545 735
71546 2852
71547 3261
71548 3538
71549 3251
71550 854 3754
71551 1365
71552 3915
71553 3206
71554 3915
71555 741
71556 3709
71557 578
71558 1455 2916
71559 3174
71560 3145
71561 2556
71562 733
71563 3709
71564 787
71565 1045
71566 3157
71567 1052
71568 402
71569 4221
71570 755
71571 735
71572 3727
71573 4462
71574 3675
71575 338 1305 3383 3384 3628 3938 4074
71576 1876
71577 198
71578 622
71579 3701
71580 966
71581 2590
71582 2559
71583 2983
71584 2751
71585 4260
71586 2178
71587 2481
71588 3219
71589 3419
71590 227
71591 3772
71592 1928
71593 1079
71594 3310
71595 2053
71596 586
71597 1150
71598 632
71599 2813
71600 1910
71601 1469
71602 169
71603 1190
71604 4313
71605 3364
71606 3028
71607 2392
71608 1941
71609 3028
71610 2805
71611 1137
71612 1593
71613 527
71614 934
71615 3891
71616 4239
71617 2012
71618 328
71619 1455 1511 1892
71620 3059
71621 806 812 3332
71622 2956
71623 2142
71624 213 1926
71625 1561
71626 3021
71627 866
71628 1771
71629 4332
71630 393
71631 4207
71632 3174
71633 2782
71634 3674
71635 624
71636 1341
71637 2027
71638 267 3490
71639 441
71640 1349 3127
71641 327
71642 2942
71643 581
71644 2583
71645 1817
71646 3444
71647 3527
71648 2691
71649 336
71650 299
71651 1431
71652 3935
71653 2705
71654 1934
71655 4485
71656 757 1797 2972
71657 1471
71658 3919
71659 1625
71660 3382
71661 538
71662 1837
71663 3136
71664 981 3097
71665 1661 3618
71666 3403
71667 1838
71668 3113
71669 1823
71670 1731
71671 1039
71672 2075
71673 4123
71674 3993
71675 1881
71676 2434
71677 684 1434
71678 4441
71679 2969
71680 473
71681 1855
71682 1787
71683 2052
71684 4496
71685 4306
71686 172
71687 372 1257
71688 679
71689 175
71690 4196
71691 2185
71692 3429
71693 911
71694 897
71695 2951
71696 646
71697 569
71698 422 793 2950 2992
71699 2240 2950
71700 3995
71701 215 767 1202 2531 2998 3039 4348
71702 705
71703 906
71704 3207
71705 1150
71706 2960
71707 3135
71708 3410
71709 3107
71710 934
71711 3428
71712 2565
71713 118 2609 2660 2664 2737 2744 2839
71714 800
71715 2927
71716 1025 3666
71717 1432
71718 4158
71719 1038
71720 4099
71721 1469
71722 3265
71723 693 1304 1724 3824 4253
71724 687
71725 3892
71726 3626
71727 4283
71728 3906
71729 1162
71730 3855
71731 446
71732 2343
71733 902
71734 2748
71735 364
71736 349
71737 3813
71738 1572
71739 3064
71740 1870
71741 271 1932 3316
71742 3658
71743 4425
71744 2015
71745 1912
71746 117
71747 743
71748 1643 2689
71749 2694
71750 1025
71751 4419
71752 339 497 529 538 1014 1659
71753 3665
71754 700
71755 3674
71756 588
71757 3918
71758 1456
71759 941
71760 2992
71761 4261
71762 3495
71763 747
71764 3142
71765 3994
71766 3070
71767 2916
71768 2788
71769 3758
71770 3293
71771 3679
71772 3950
71773 2962
71774 931
71775 409
71776 990
71777 1782
71778 1082
71779 2904 2906 3015
71780 178 394 405 3924 4385
71781 782
71782 2732
71783 5
71784 3189
71785 1132
71786 3935
71787 61
71788 2979
71789 1106
71790 2267
71791 860
71792 4258
71793 1544
71794 1128
71795 742
71796 456
71797 2520
71798 789
71799 1622 2873
71800 1036
71801 3601
71802 1956
71803 754
71804 2425
71805 737
71806 3232
71807 4184
71808 3536
71809 3924
71810 1453
71811 2197
71812 394
71813 340 2578
71814 3758
71815 3420
71816 3998
71817 667
71818 1325 2577 3097 3651
71819 955
71820 2348
71821 3898
71822 1457 1469 1792
71823 1274
71824 547
71825 262
71826 1455
71827 1444
71828 349
71829 999
71830 2585
71831 964
71832 2601
71833 3717
71834 1346
71835 3444
71836 1455
71837 320
71838 2294
71839 1805
71840 140
71841 225
71842 102
71843 3440
71844 2269
71845 2546
71846 4208
71847 4066
71848 846 1053 1933
71849 3099
71850 4451
71851 844 2144
71852 2258
71853 3946
71854 1180
71855 1834 1926
71856 2214
71857 1599
71858 1918
71859 3811
71860 3236
71861 2838
71862 2991
71863 3200
71864 2420
71865 2992
71866 2817
71867 1906
71868 3149
71869 3105
71870 3954
71871 1623
71872 429
71873 3738
71874 2843
71875 611
71876 1042
71877 1926 2068
71878 3378
71879 2053
71880 2377
71881 2647
71882 3000
71883 207
71884 3541
71885 4459
71886 2152
71887 2572
71888 2518
71889 3568
71890 3217
71891 414
71892 2001
71893 3454
71894 2748
71895 733 4184
71896 3325
71897 4217
71898 2118
71899 4148
71900 855
71901 2756
71902 1454 2070 2563 2950
71903 3302
71904 4341
71905 1928
71906 1886 3682
71907 1765
71908 57
71909 1316
71910 4071
71911 1966 2386
71912 2756
71913 3826
71914 3204
71915 3783
71916 2562 2645
71917 2724
71918 49
71919 2705 2855
71920 3995
71921 2749
71922 2485
71923 3217
71924 4320
71925 3667
71926 4256
71927 2132
71928 29
71929 993
71930 1343
71931 4230
71932 1498
71933 3813
71934 2587
71935 2555
71936 2568
71937 2483
71938 2617
71939 4199
71940 3950
71941 1918
71942 3555
71943 2564
71944 894
71945 921
71946 1539 1693 2531 2654 2910 3044
71947 2845
71948 3207
71949 2770
71950 2118
71951 512
71952 1481
71953 2858
71954 2371
71955 3398
71956 181
71957 1319
71958 4261
71959 2491
71960 1258
71961 1113
71962 810
71963 1343
71964 1003
71965 735
71966 3711
71967 494 2975
71968 3664
71969 3415
71970 2468 3419
71971 3110
71972 3754
71973 349
71974 2579
71975 2419
71976 3712
71977 3208
71978 3427
71979 325
71980 1309
71981 2591
71982 733
71983 624
71984 1443
71985 2176
71986 2666
71987 2390
71988 3207
71989 4496
71990 3470
71991 2994
71992 1441
71993 2465
71994 172
71995 3216
71996 1595
71997 2799
71998 271 624 751 1027
71999 409
72000 3289
72001 4409
72002 2984
72003 2463
72004 3612
72005 733
72006 624 3319
72007 1444
72008 4381
72009 1346
72010 3925
72011 1886
72012 4084
72013 3586
72014 1880
72015 349
72016 4164
72017 480
72018 584
72019 1562
72020 3866
72021 1930
72022 4184
72023 876
72024 3646
72025 4082
72026 3816
72027 242
72028 1997
72029 923
72030 343
72031 4317
72032 3154
72033 3615
72034 1512
72035 470
72036 3947
72037 3212
72038 3665
72039 3080
72040 3200
72041 3441
72042 1574
72043 3217
72044 390
72045 1571
72046 2495
72047 1144
72048 1522 3617
72049 3894
72050 2201
72051 1510
72052 954
72053 4141
72054 701
72055 3008
72056 3311
72057 3986
72058 2086
72059 3010
72060 1311
72061 2613
72062 734
72063 2776
72064 4161
72065 3193
72066 3150
72067 4429
72068 1368
72069 1419
72070 455
72071 1590
72072 1640
72073 4475
72074 3346
72075 3502
72076 3703
72077 2114 2646
72078 533 3892
72079 521
72080 2181
72081 3819
72082 4328
72083 2540
72084 1467 4033
72085 4467
72086 3665
72087 2963
72088 4053
72089 2901
72090 1885
72091 3183
72092 1442 1504 1805 2556 3499
72093 3976
72094 4315
72095 4440
72096 3568
72097 1694
72098 349
72099 2728
72100 1614
72101 3285
72102 1543
72103 1847 2574 2885
72104 1603
72105 2962
72106 672
72107 203
72108 934 1669
72109 3937
72110 4308
72111 3209
72112 1565
72113 3726
72114 1239
72115 3087
72116 587
72117 3770
72118 1454
72119 476
72120 1143
72121 1742
72122 1044
72123 3200
72124 3190
72125 2845
72126 1151
72127 397
72128 4044
72129 2530
72130 3208
72131 923
72132 292
72133 2969
72134 733
72135 3218
72136 1901
72137 3097
72138 292
72139 123
72140 561 3072
72141 893
72142 4000
72143 2378
72144 3307
72145 4462
72146 1456 3251
72147 2435
72148 2196
72149 1590
72150 1640
72151 4136
72152 3826
72153 338 4123
72154 1311
72155 318
72156 3963
72157 64
72158 4338
72159 526
72160 1801
72161 4214
72162 1216
72163 2057
72164 1091
72165 4208
72166 2415 2835
72167 1439
72168 1482
72169 1883
72170 3218
72171 687
72172 1801
72173 3885
72174 771
72175 507
72176 690
72177 1533
72178 4336
72179 2215
72180 4039
72181 2397
72182 1064
72183 2849
72184 3246
72185 754
72186 339
72187 964
72188 2261
72189 680 4179
72190 552 1661
72191 4105
72192 965
72193 57
72194 3129
72195 2984
72196 3927
72197 3674
72198 283
72199 793
72200 470
72201 3890
72202 2130
72203 1247
72204 4306
72205 2038
72206 788
72207 2521
72208 317
72209 4313
72210 3505
72211 3959
72212 1981
72213 3921
72214 732 3188
72215 677
72216 1843
72217 4138
72218 3226
72219 2131
72220 3585
72221 238
72222 2562
72223 2759
72224 3662
72225 3366
72226 3100
72227 156
72228 3503
72229 2156
72230 4276
72231 1348
72232 1895
72233 754
72234 993
72235 3138
72236 1170
72237 1247
72238 1195 2984
72239 2617
72240 4172
72241 2040
72242 2803
72243 745
72244 905
72245 1311
72246 583
72247 1143
72248 1843
72249 211 3268
72250 1542 2078 2668 2675
72251 383
72252 467
72253 3209
72254 1179
72255 3216
72256 816 842 3670
72257 2475 3383
72258 2950
72259 86
72260 3893
72261 3444
72262 2654
72263 3705 3872
72264 2474
72265 1628
72266 858
72267 3199
72268 630 4062
72269 1196 1377
72270 1840
72271 2653
72272 1349
72273 2855
72274 2867
72275 706
72276 581
72277 1012
72278 1230 1432
72279 1014
72280 2966
72281 3711
72282 649
72283 1174
72284 2311
72285 630
72286 2302
72287 2148
72288 1539
72289 2652
72290 2606
72291 1536
72292 3190
72293 4447
72294 2358
72295 3495
72296 339
72297 268
72298 326 3665
72299 4024
72300 3217
72301 2062
72302 126
72303 2685
72304 2360
72305 2657
72306 2201
72307 2523
72308 2360
72309 2523
72310 1359
72311 1593
72312 4372
72313 1693 2331 4074
72314 410
72315 1907
72316 3861
72317 2091
72318 2194
72319 1038
72320 4457
72321 1150
72322 3724
72323 2829
72324 2873
72325 1469
72326 2531
72327 2244
72328 1665
72329 4328
72330 2901
72331 482
72332 235
72333 1350
72334 33
72335 1348
72336 3000
72337 2147
72338 2876
72339 1830
72340 1038
72341 9
72342 614
72343 3665
72344 1143
72345 948
72346 1167
72347 2526
72348 4214
72349 1002
72350 3241
72351 4047 4239
72352 2950
72353 3987
72354 4174
72355 2234 2960 2980
72356 2057
72357 2612
72358 2520
72359 3048
72360 2950
72361 3446 4450
72362 3021
72363 1283
72364 1654
72365 191
72366 3665
72367 2068
72368 3419
72369 1907
72370 2550
72371 577
72372 87
72373 1581
72374 844
72375 1111
72376 2379
72377 3617
72378 1751
72379 3936
72380 3173
72381 392
72382 1007
72383 1976
72384 1575
72385 868
72386 2302
72387 445 2537 2661 2663 2771
72388 986
72389 4221
72390 372
72391 121
72392 566
72393 4044
72394 70
72395 4116
72396 3785
72397 2657
72398 4262
72399 3342
72400 3681
72401 905 2960
72402 64
72403 4378
72404 2081
72405 513
72406 3758
72407 1461
72408 867
72409 2062
72410 2966
72411 3463
72412 2110
72413 4319
72414 877
72415 4231
72416 898
72417 480
72418 2874
72419 2644
72420 1096
72421 3018
72422 2526
72423 326
72424 1115
72425 2355
72426 2606 2638 2660 2699 2751 2771
72427 300
72428 2707 4184
72429 23
72430 1104
72431 1744
72432 351
72433 337 3379
72434 3157
72435 776
72436 994
72437 3514
72438 3943
72439 37
72440 2294
72441 3990
72442 3412
72443 3530
72444 1447
72445 1949
72446 2826
72447 3489
72448 552
72449 2614
72450 4376
72451 2189
72452 165 173 2357 2440 2653 2767 2776 2834
72453 2549
72454 2652
72455 2383
72456 2652
72457 2651
72458 2860
72459 5
72460 3203
72461 2770
72462 942
72463 3406
72464 2654
72465 2262
72466 3017
72467 2649
72468 1398
72469 1093
72470 3157
72471 2416
72472 1446
72473 3770
72474 697 4169
72475 3224
72476 2779
72477 34
72478 4239
72479 116
72480 1327
72481 2881
72482 2992
72483 771 3643 4173 4338
72484 1620
72485 2531
72486 3119
72487 3938
72488 1230
72489 4057
72490 1818
72491 690
72492 50
72493 1050
72494 4445
72495 4301
72496 3190
72497 4037
72498 2449
72499 877
72500 740
72501 3793
72502 3209 3210 3754
72503 3208
72504 2081
72505 3188
72506 2881
72507 2957
72508 483
72509 3023
72510 440
72511 3647
72512 3670
72513 2742
72514 4421
72515 4154
72516 2555
72517 581
72518 747
72519 3217
72520 4387
72521 3427
72522 3999
72523 1656
72524 3607
72525 1014
72526 1014
72527 2964
72528 1060 1975
72529 684
72530 4370
72531 2809
72532 3996
72533 4220
72534 4436
72535 1948
72536 4058
72537 2376
72538 2718
72539 1493
72540 919
72541 669 3173
72542 3648
72543 3830
72544 4141
72545 34
72546 4050
72547 4284
72548 2531
72549 684
72550 3839
72551 2006
72552 3726
72553 4026
72554 1092
72555 4021
72556 2852
72557 2949
72558 755
72559 449 2756 3068
72560 228
72561 378
72562 3877
72563 1021
72564 1524
72565 3249 4217
72566 4134
72567 4452
72568 3213
72569 1362
72570 1913
72571 49
72572 1169
72573 2705
72574 4014
72575 571
72576 4352
72577 2995
72578 3052
72579 1751
72580 1752
72581 1545
72582 1787
72583 269
72584 2901
72585 3082
72586 991
72587 934
72588 1457
72589 138
72590 2450
72591 327
72592 1029 2521
72593 2522
72594 2490
72595 1491
72596 4274
72597 3392
72598 1318
72599 3133
72600 669
72601 3217
72602 137
72603 409
72604 200
72605 3070
72606 3450
72607 2865
72608 4186
72609 3823
72610 770
72611 2470
72612 4423
72613 4011
72614 4211
72615 3276
72616 396
72617 1129
72618 1201
72619 3719
72620 1854
72621 4194
72622 1316
72623 2594
72624 2643
72625 3402
72626 227
72627 854 3754
72628 743
72629 3754
72630 3932
72631 1323
72632 2873
72633 2923 2960
72634 282
72635 3857
72636 2942
72637 371
72638 279
72639 2640
72640 2755
72641 3974
72642 2950
72643 3297
72644 1060
72645 3002
72646 2035
72647 4175
72648 3401
72649 1898
72650 3464
72651 4084
72652 4105
72653 387 396
72654 973
72655 976
72656 3204
72657 2496
72658 2143
72659 793
72660 3642
72661 1467
72662 3704
72663 4120
72664 1328
72665 1107
72666 2038
72667 1374
72668 1683
72669 1115
72670 4391
72671 3201
72672 675
72673 2770
72674 3348
72675 2871
72676 1839
72677 1824
72678 2095
72679 2580
72680 3200
72681 3467
72682 1386
72683 3109
72684 3703
72685 2516
72686 3425
72687 4089
72688 2950
72689 4041
72690 2992
72691 4031
72692 184
72693 270
72694 639
72695 1892
72696 613
72697 3382
72698 2808
72699 4235
72700 3244
72701 379
72702 1159
72703 1471
72704 1366
72705 1159
72706 455
72707 3935
72708 80
72709 2844
72710 4487
72711 3657
72712 2827
72713 3000
72714 3149
72715 1861 2742 2807
72716 3837
72717 2808
72718 4123
72719 2735
72720 397
72721 2974
72722 3880
72723 1349
72724 2801
72725 3103
72726 2977
72727 3666
72728 3113
72729 1367
72730 867
72731 3188
72732 3190
72733 1115
72734 434
72735 1115
72736 434
72737 3271
72738 867
72739 2062
72740 3269
72741 3896
72742 3190
72743 1855
72744 4450
72745 3218
72746 2968
72747 429
72748 3726
72749 535 1004
72750 3200
72751 2468 2559
72752 2420
72753 224
72754 3428
72755 369
72756 669
72757 441
72758 1230
72759 3063
72760 2820
72761 2849
72762 2812
72763 1218
72764 3216
72765 816
72766 3334
72767 2950
72768 670
72769 2845
72770 3925
72771 814
72772 1964
72773 342
72774 3754
72775 1217
72776 1865
72777 2848
72778 3989
72779 127
72780 3325
72781 2481
72782 1308
72783 3204
72784 405 747 3717
72785 2503
72786 1882
72787 4327
72788 2924
72789 3739
72790 3600
72791 2403
72792 784
72793 4001
72794 438
72795 3588
72796 2680
72797 618
72798 3930
72799 533
72800 2723
72801 3125
72802 4135
72803 2023
72804 2268
72805 20
72806 2523
72807 2717
72808 2746
72809 735
72810 3210
72811 2820
72812 2520
72813 3258
72814 1341
72815 3242
72816 2735
72817 2402
72818 4323
72819 3476
72820 2748
72821 2086
72822 2518
72823 2766
72824 1940
72825 175
72826 3351
72827 4351
72828 1545
72829 4283
72830 1818
72831 2889
72832 4432
72833 3275
72834 4026
72835 2033
72836 3215
72837 4197
72838 435
72839 2172
72840 2086
72841 3647
72842 1124
72843 2255
72844 660
72845 3215
72846 2661
72847 1323
72848 1049
72849 3029
72850 876
72851 766
72852 3598 4156
72853 1806
72854 1087
72855 3213
72856 2873
72857 405 1455 2535 3251
72858 186
72859 4318
72860 1580
72861 2610
72862 1643
72863 2115
72864 3462
72865 2702
72866 2523
72867 190
72868 2057
72869 3885
72870 431
72871 2599
72872 4080
72873 2064
72874 2802 2904 3958
72875 1455
72876 2713 3933
72877 1439
72878 1545 2900
72879 1193
72880 4101
72881 3754
72882 1967
72883 991 1288
72884 4011
72885 4397
72886 3988
72887 2729
72888 3280
72889 876
72890 3288
72891 2796
72892 1492
72893 3200
72894 2642
72895 2289
72896 2914
72897 1911
72898 365
72899 1273
72900 1203
72901 527
72902 2001
72903 4297
72904 1059
72905 4242
72906 3696
72907 2600
72908 4152
72909 3664
72910 1627
72911 4074
72912 1418
72913 4350
72914 1628
72915 1649
72916 2483
72917 1328
72918 1628
72919 2741
72920 2951 2955 3093 4363
72921 3694
72922 2751 3195 4472
72923 3978
72924 2057
72925 772
72926 54
72927 4292
72928 1734
72929 734
72930 3218
72931 155
72932 1901
72933 3810
72934 4367
72935 2755
72936 2654
72937 16
72938 3527
72939 2978
72940 1348
72941 3925
72942 4051
72943 930
72944 1069
72945 1690 3285
72946 2689
72947 3995
72948 2847
72949 1323
72950 2929
72951 2262
72952 2049
72953 2153
72954 3200
72955 278
72956 890
72957 236
72958 114
72959 379 1351
72960 4241
72961 709
72962 437
72963 1663
72964 3198
72965 3657
72966 4477
72967 2927
72968 1732
72969 1914
72970 2811
72971 229 2157 2188 2197
72972 9
72973 2204
72974 551
72975 2067
72976 4488
72977 1977
72978 2641
72979 2680 2773
72980 297
72981 2695
72982 473
72983 2483
72984 2953
72985 639 4297
72986 861
72987 2573
72988 1041
72989 3647
72990 3099
72991 1816
72992 2810
72993 2477 2952 2966 2992
72994 976 4183
72995 943 1708 2910
72996 2891
72997 36
72998 3648
72999 2945
73000 4467
73001 1421 2653
73002 485
73003 1575
73004 64
73005 1909
73006 640
73007 2512
73008 3978
73009 38
73010 1741
73011 1162 2393 2577
73012 3322
73013 3688
73014 473
73015 3245
73016 3107
73017 4434
73018 4208
73019 1341
73020 2346
73021 4405
73022 2639
73023 561
73024 1537
73025 2046
73026 3997
73027 3190
73028 882
73029 2826
73030 1247
73031 2752
73032 2090
73033 3935
73034 2174
73035 545
73036 1337
73037 4447
73038 173
73039 2179
73040 655
73041 816
73042 126
73043 4074
73044 1380
73045 1466
73046 1205
73047 2613
73048 2539
73049 3445
73050 824
73051 3665
73052 3210
73053 3489
73054 2987
73055 2020
73056 3945
73057 877
73058 2481
73059 3282
73060 2062
73061 46
73062 1707 2816
73063 4086
73064 2767
73065 1949
73066 4425
73067 1760
73068 2664
73069 3423
73070 3628
73071 543 4125
73072 3253
73073 3878
73074 4462
73075 1111
73076 1376
73077 441
73078 172
73079 3241
73080 1606
73081 2483
73082 1137
73083 2929 4147 4148
73084 2847
73085 2814
73086 3248
73087 2188
73088 2932
73089 1340
73090 569
73091 2666
73092 2163
73093 1447
73094 3714
73095 1401
73096 782
73097 784
73098 361
73099 3502
73100 693
73101 733 3690
73102 800
73103 793 841 1257 1293 3660
73104 2474 2824
73105 297
73106 343
73107 4173
73108 3708
73109 4434
73110 2361
73111 3154
73112 3454
73113 3588
73114 4352
73115 3499
73116 725
73117 3791
73118 1789
73119 2815
73120 3850
73121 2571
73122 4469
73123 2722
73124 3217
73125 409
73126 430
73127 2743
73128 3710
73129 2847
73130 229
73131 3419
73132 3219
73133 36
73134 4352
73135 3525
73136 289
73137 1841
73138 1175
73139 1236
73140 3113
73141 3452
73142 1952
73143 839
73144 4131
73145 3189
73146 2716
73147 703
73148 544
73149 1316
73150 956
73151 1784
73152 181
73153 2842
73154 112
73155 1550
73156 1479
73157 4303
73158 1492
73159 1342
73160 1405
73161 1025
73162 1325
73163 182
73164 2215
73165 4423
73166 1049
73167 4179
73168 669
73169 2668
73170 1239
73171 3173
73172 1548
73173 515
73174 1721
73175 3008
73176 3586
73177 1419
73178 2571
73179 2084
73180 1316
73181 3208
73182 123
73183 34
73184 2987
73185 2705
73186 4221
73187 2443
73188 4094
73189 4199
73190 1336
73191 90
73192 4029
73193 2600
73194 2712
73195 3631
73196 3098
73197 606
73198 3135
73199 692
73200 2594
73201 3666
73202 449
73203 867 867
73204 1305
73205 3170
73206 2001
73207 4183
73208 2057
73209 895
73210 1482
73211 3109
73212 3330
73213 2556
73214 655
73215 39
73216 1494
73217 3297
73218 3217
73219 1188
73220 1633
73221 820
73222 3209
73223 1066
73224 3902
73225 1016
73226 1584
73227 1443
73228 932
73229 2910
73230 733
73231 1281
73232 3966
73233 408
73234 3177
73235 3348
73236 2672
73237 3717
73238 248
73239 470
73240 2847
73241 4133
73242 3969
73243 369
73244 2994
73245 2057
73246 2057
73247 3200
73248 4442
73249 2057
73250 2057
73251 2060
73252 894
73253 842
73254 3216
73255 1458
73256 2057
73257 2570
73258 589
73259 2086
73260 2227
73261 2360
73262 1036
73263 3032
73264 2518
73265 3719
73266 1807
73267 2355
73268 2773
73269 2038
73270 2245
73271 3658
73272 409
73273 4086
73274 1528
73275 3200
73276 370
73277 733 2960 3251
73278 3292
73279 783
73280 139
73281 274 844 1932 1934
73282 1097
73283 3753
73284 250
73285 824
73286 4357
73287 915
73288 1345
73289 1062
73290 3188
73291 3835
73292 1799
73293 2763
73294 311
73295 2461
73296 1513
73297 736 1794
73298 373 1934
73299 1426
73300 3660
73301 3345
73302 4269
73303 3412
73304 3209
73305 67
73306 1455
73307 2858
73308 341
73309 451
73310 4279
73311 2046
73312 1348
73313 2435
73314 1214
73315 3674
73316 2296
73317 3617
73318 1613
73319 1052
73320 500
73321 2283
73322 2276
73323 3320
73324 3097
73325 351 1681 3425 3604
73326 2837 2882
73327 2955
73328 3928
73329 2719
73330 375
73331 42
73332 746
73333 2983
73334 3910
73335 684 1551
73336 941
73337 191
73338 663
73339 1132
73340 1535
73341 4138
73342 3215
73343 1402
73344 1036
73345 1060
73346 3491
73347 3790
73348 109
73349 62
73350 2994
73351 1820
73352 2512
73353 3743
73354 4147
73355 4275
73356 2531
73357 4043
73358 858
73359 1797
73360 40
73361 3665
73362 3293
73363 3044
73364 2674
73365 1418
73366 3235
73367 4360
73368 3853
73369 3839
73370 4444
73371 2840
73372 4455
73373 148
73374 3662
73375 3210
73376 3993
73377 2933 3935
73378 4447
73379 3945
73380 3598
73381 444
73382 1079
73383 3696
73384 1154
73385 4015
73386 1629
73387 466 1669
73388 2960
73389 2346
73390 1469 2460
73391 1675
73392 1099
73393 2595
73394 2517
73395 3526
73396 2715
73397 3123
73398 4328
73399 4090
73400 3120
73401 783
73402 4428
73403 2171
73404 239
73405 4476
73406 2729
73407 3404
73408 464
73409 764
73410 737
73411 3915
73412 3959
73413 3099
73414 1656
73415 3425
73416 2626
73417 3606
73418 2025
73419 2680
73420 3268
73421 2621
73422 1227
73423 326
73424 4447
73425 3190
73426 894
73427 728
73428 4381
73429 2793
73430 3934
73431 1538
73432 2474
73433 3160
73434 2963
73435 3631
73436 1236 2801
73437 3208
73438 2858
73439 3460
73440 2044
73441 741
73442 2678
73443 521
73444 1308 1387 1469
73445 2611
73446 1887
73447 1316
73448 3178
73449 563
73450 2878
73451 2968
73452 4298
73453 3204
73454 1239
73455 993
73456 1418
73457 2150
73458 2862
73459 3769
73460 587
73461 455
73462 1792
73463 2799
73464 3422
73465 221 3061 3154
73466 1733
73467 3105
73468 2858
73469 1614
73470 2740
73471 2874
73472 1025
73473 543
73474 1800
73475 542
73476 3531
73477 2454
73478 2075
73479 1080
73480 3718
73481 3217
73482 1257
73483 3157
73484 1520
73485 4347
73486 1149
73487 2586
73488 3604
73489 1875
73490 2571
73491 456
73492 711
73493 2145
73494 1316
73495 4181
73496 3157
73497 3754
73498 424
73499 3209
73500 74
73501 2457
73502 444
73503 2737
73504 2137
73505 192
73506 2095
73507 3209
73508 3713
73509 1672
73510 3838
73511 1793
73512 1862
73513 3190
73514 3441
73515 2844
73516 4206
73517 3147
73518 2204
73519 1999
73520 2656
73521 3244
73522 117
73523 2823
73524 106
73525 3214
73526 1980
73527 2591
73528 2522
73529 1973
73530 1586
73531 1087
73532 3243
73533 2294
73534 735
73535 2224
73536 3348
73537 733
73538 4428
73539 4274
73540 1325
73541 2850
73542 1230
73543 3959
73544 1764
73545 386 2047
73546 3684
73547 381
73548 1503
73549 1435
73550 702
73551 8
73552 2396
73553 3188
73554 3225
73555 1149
73556 3230
73557 4388
73558 3673
73559 3667
73560 4040
73561 4225
73562 3190
73563 1277
73564 50
73565 3189
73566 1440
73567 1469
73568 2250
73569 2585
73570 733 2263 3383
73571 3934
73572 1939
73573 3257
73574 1894
73575 49
73576 1055
73577 3683
73578 4149
73579 4075
73580 2568
73581 592
73582 1471 1471
73583 715
73584 26
73585 541
73586 1399 3379
73587 560
73588 2273
73589 2814
73590 2591
73591 3665
73592 3823
73593 160
73594 3765
73595 2752
73596 3200
73597 2588
73598 1124
73599 2459
73600 1814
73601 2751
73602 2247
73603 676
73604 3749
73605 188
73606 794
73607 3365
73608 2247
73609 2463
73610 4385
73611 990
73612 3960
73613 2503
73614 1322
73615 2060
73616 921
73617 1209
73618 527
73619 4434
73620 1196
73621 2796
73622 3949
73623 2864
73624 4309
73625 3155 3301
73626 3927
73627 3641
73628 1245
73629 1365 2900 3061 4284
73630 4173
73631 3758
73632 820
73633 83
73634 3487
73635 577
73636 1108
73637 1942
73638 473
73639 3661
73640 2900
73641 327
73642 249
73643 3772
73644 4085
73645 3430
73646 517
73647 3217
73648 3303
73649 393
73650 37
73651 3427
73652 695
73653 3726
73654 4393
73655 4292
73656 3355
73657 2508
73658 1855
73659 1206
73660 2685
73661 553 1052 4217 4292
73662 3205
73663 2755
73664 448
73665 4333
73666 1004
73667 1605
73668 3730
73669 684
73670 3092
73671 986
73672 38
73673 2998
73674 3726
73675 149
73676 510
73677 4128
73678 3641
73679 1199
73680 3996
73681 2414
73682 3188
73683 3190
73684 2301
73685 3143
73686 1539
73687 3106
73688 995
73689 1326
73690 4491
73691 548
73692 3995
73693 4188
73694 70
73695 29
73696 951
73697 543
73698 993
73699 486 3098
73700 1107
73701 3208
73702 4074
73703 342
73704 518
73705 1652
73706 1428
73707 1797 3924
73708 784
73709 2223
73710 3430
73711 402
73712 1505
73713 3201
73714 3316
73715 1581
73716 542
73717 419
73718 4205
73719 499 1668 2901 3154 4162
73720 2016
73721 1725
73722 740
73723 2808
73724 550
73725 4152
73726 2462
73727 500
73728 1037
73729 4348
73730 2718
73731 523
73732 171 309
73733 3688
73734 1594
73735 1308
73736 4470
73737 1292
73738 4383
73739 4059
73740 3823
73741 506
73742 3682
73743 1674
73744 3422
73745 3738
73746 3497
73747 3099
73748 2901
73749 3793
73750 455
73751 3699
73752 4283
73753 734
73754 3273
73755 1079
73756 1077
73757 712
73758 2285
73759 94
73760 623 802
73761 138
73762 3771
73763 2718
73764 3201
73765 3921
73766 3196
73767 4215
73768 2490
73769 4237
73770 998
73771 3688
73772 3869
73773 1673
73774 867
73775 1999
73776 2702
73777 2066
73778 3209
73779 3702
73780 4473 4474
73781 3542
73782 3209
73783 4089
73784 495
73785 1188
73786 1651
73787 444 1830 2531 2917
73788 1130
73789 4271
73790 1114
73791 1387
73792 1826
73793 2350
73794 2951 4082
73795 2559
73796 4027
73797 3038
73798 530
73799 657
73800 905
73801 1845
73802 4053
73803 1540
73804 4447
73805 2988
73806 3754
73807 1566
73808 1143 4184
73809 3862
73810 1104
73811 2115
73812 1514
73813 2652
73814 3961
73815 1225
73816 1348
73817 402
73818 1814
73819 365
73820 784
73821 874
73822 1455
73823 4362
73824 1121
73825 473 2749 3598
73826 3546
73827 577
73828 3407
73829 3410
73830 3218
73831 2422
73832 1480
73833 4417
73834 4004
73835 3899
73836 2044
73837 691
73838 3956
73839 1926
73840 676
73841 4432
73842 3858
73843 1174
73844 2542
73845 3320
73846 1418
73847 1084
73848 2322
73849 800
73850 1448
73851 2892
73852 1577
73853 3148
73854 106
73855 3877
73856 473 2679 4345
73857 3985
73858 2483
73859 1
73860 4012
73861 737
73862 2182
73863 2556
73864 894
73865 3662 4455
73866 934
73867 737
73868 2205
73869 1861
73870 4063
73871 2421
73872 3207
73873 1052
73874 1969
73875 2502
73876 901
73877 70
73878 2364
73879 3608
73880 3788
73881 4085
73882 1221
73883 1844
73884 3221
73885 905
73886 41
73887 3224
73888 2342
73889 3685
73890 52
73891 1308
73892 1258
73893 3216
73894 1311
73895 3892
73896 1784
73897 1111
73898 684
73899 4092
73900 575
73901 1567
73902 2801 3472
73903 2411
73904 2215
73905 2388
73906 1752
73907 2061
73908 3064 4447
73909 446
73910 2144 2653
73911 1847
73912 3667
73913 1441
73914 542
73915 735
73916 2288
73917 2626
73918 2969
73919 3858
73920 1757
73921 329
73922 1043
73923 974 1545 3667 4462
73924 2660
73925 2517
73926 3441
73927 2564
73928 3210
73929 462
73930 3382
73931 144
73932 3566
73933 3204
73934 2474
73935 3251
73936 1839
73937 3102
73938 2382
73939 2002
73940 2955
73941 619
73942 1765
73943 3567
73944 3384
73945 536
73946 429
73947 902
73948 2741
73949 1375
73950 4081
73951 1600
73952 1333
73953 3666
73954 1705
73955 4474
73956 1272
73957 2654
73958 4010
73959 4221
73960 2166
73961 2840 3499
73962 2728
73963 2750
73964 3949
73965 3547
73966 3812
73967 2747 3932
73968 455
73969 109
73970 2727
73971 2334
73972 1475
73973 1039
73974 1496
73975 4402
73976 48
73977 4291
73978 1093
73979 1870
73980 1021
73981 4087
73982 240
73983 2405
73984 3353
73985 2993
73986 297
73987 19
73988 675
73989 3836
73990 684
73991 669
73992 3975
73993 3550 4475
73994 4203
73995 1436
73996 2378
73997 2266
73998 1492
73999 2435
74000 338
74001 950
74002 2482
74003 1178
74004 3200
74005 261
74006 3796
74007 2718
74008 2849
74009 1172
74010 664
74011 734
74012 673
74013 1941
74014 3271
74015 2465
74016 3456
74017 3614
74018 4316
74019 754
74020 2040
74021 4123
74022 689
74023 3907
74024 402
74025 3330
74026 1488
74027 3744
74028 2057
74029 2847
74030 1345
74031 3106
74032 490
74033 3595
74034 1702
74035 3173
74036 1166
74037 3666
74038 3990
74039 2985
74040 1030
74041 2480
74042 4355 4462
74043 4205
74044 2621
74045 2240
74046 1545 3567 3836
74047 3083
74048 2592
74049 3578 3578
74050 2896
74051 627
74052 1861
74053 1448
74054 2181
74055 1450
74056 454
74057 3632
74058 1848
74059 2760
74060 2823
74061 2494
74062 923
74063 4490
74064 735
74065 1155
74066 2844
74067 1601
74068 1987
74069 669
74070 3722
74071 2588
74072 358
74073 3810
74074 2722
74075 2571
74076 2360 2742 3755
74077 3851
74078 2202
74079 465 1254 1446 1624 2761
74080 3291 3487
74081 2874
74082 3066
74083 2979 3439
74084 2095
74085 2574 2810 4033
74086 2955
74087 2515
74088 4474
74089 1854
74090 1455 1869 3025
74091 3486
74092 2577
74093 34
74094 1721
74095 2714
74096 3415
74097 733
74098 2062
74099 228 890
74100 2070 3217
74101 3068
74102 1523
74103 3828
74104 2503
74105 3972
74106 4455
74107 1661 1919 3446
74108 3489
74109 3378
74110 3442
74111 184
74112 1392
74113 3165
74114 444 665 3096
74115 3610
74116 1217
74117 3216
74118 165
74119 2105
74120 4116
74121 940
74122 2668
74123 387
74124 1436
74125 2428
74126 692
74127 3986
74128 1917
74129 1961
74130 3681
74131 2950
74132 4010
74133 3157
74134 3201
74135 1247
74136 186
74137 3864
74138 2037
74139 4262
74140 4094
74141 3653
74142 152
74143 3899
74144 202
74145 4439
74146 3205
74147 4213
74148 191
74149 4481
74150 860
74151 4083
74152 1025
74153 2531
74154 3217
74155 694
74156 2221
74157 1205
74158 3054
74159 349
74160 2804
74161 1922
74162 2044
74163 2779
74164 2741 4478
74165 1145
74166 3359
74167 3083
74168 4388
74169 2048
74170 1671
74171 1514
74172 4142
74173 2535
74174 2445
74175 2491 4284
74176 3221
74177 1700 3044 4345 4351
74178 339
74179 2682
74180 1865
74181 562
74182 1784
74183 3285
74184 4190
74185 79
74186 4051
74187 1964
74188 3599
74189 1969 2960
74190 2687
74191 31
74192 226 2027
74193 699
74194 1069 1636 2718
74195 3571
74196 1942
74197 2053
74198 3644
74199 4199
74200 3894
74201 2044
74202 211
74203 433
74204 3662 3721
74205 1037
74206 3863
74207 4487
74208 3689
74209 2690
74210 3571
74211 293
74212 1545
74213 1751
74214 321
74215 3035
74216 4120
74217 2676
74218 4183
74219 3188
74220 3108
74221 4457
74222 2336
74223 2349
74224 2321
74225 516
74226 4326
74227 3645
74228 822
74229 1624
74230 2508
74231 4290
74232 4385
74233 455
74234 3741
74235 1829
74236 3020
74237 3757
74238 786
74239 142
74240 4431
74241 3513
74242 1839
74243 84
74244 758 831
74245 152
74246 151
74247 3218
74248 1503
74249 1519
74250 1547
74251 1012
74252 2849
74253 1373 2540 3471
74254 3319
74255 771
74256 1600
74257 3938
74258 4375
74259 1854
74260 4186
74261 3231
74262 1427
74263 1346
74264 434
74265 2950 2953
74266 3651
74267 1280
74268 1479
74269 3218
74270 2613
74271 3441
74272 1118
74273 3095
74274 3218
74275 276
74276 3008
74277 3594
74278 334 669 3688
74279 3246
74280 299
74281 687
74282 918
74283 2653
74284 2117
74285 1271 1430 4169
74286 2347
74287 3760
74288 2295
74289 1851
74290 702
74291 3214
74292 634
74293 1343
74294 2520
74295 3527
74296 1279
74297 1731
74298 3684
74299 464
74300 669
74301 3681
74302 1628
74303 3592
74304 1511
74305 2644
74306 3926
74307 2878
74308 2095
74309 1519 2096 3844 4465
74310 1311
74311 3204
74312 1129
74313 1114
74314 3051
74315 1732
74316 2929
74317 447
74318 1969
74319 3103
74320 3207
74321 3649
74322 4382
74323 1060 2670 4047
74324 2963
74325 3653
74326 3325
74327 2704
74328 105
74329 1162
74330 3325
74331 933 4062
74332 2502
74333 2236
74334 1318
74335 2200
74336 1315
74337 99
74338 1949
74339 1628
74340 1655
74341 1120
74342 4084
74343 266
74344 2950 2992
74345 1693
74346 1659
74347 2381
74348 689
74349 4222
74350 3216
74351 3814
74352 3598
74353 2085
74354 1353
74355 443 3529
74356 3128
74357 726
74358 2493
74359 3881
74360 3893
74361 4173
74362 2531
74363 1469
74364 3000
74365 2648
74366 3382
74367 1142
74368 2068
74369 2415
74370 1103
74371 2955
74372 339 3383
74373 2649
74374 3578
74375 1268
74376 964
74377 1938
74378 2476
74379 2646
74380 1379
74381 154
74382 2843
74383 2758
74384 283
74385 1891
74386 303
74387 3414
74388 2872
74389 754
74390 3217
74391 2515 3499
74392 2646
74393 2322
74394 3135
74395 1316
74396 2808
74397 4355
74398 2468
74399 20
74400 1787
74401 1252
74402 3285
74403 1469
74404 3840
74405 2960
74406 2860
74407 4293
74408 2329
74409 1246 1545 1923 3250
74410 3668
74411 3682
74412 1414 3183
74413 2727
74414 1359
74415 1360
74416 3201
74417 1204
74418 2992
74419 196
74420 807
74421 1775
74422 1700
74423 217
74424 3325
74425 3596
74426 2069
74427 2069
74428 669
74429 2571
74430 3611
74431 1909
74432 3325
74433 3278
74434 3931
74435 692
74436 2052
74437 583
74438 3204
74439 1165
74440 1852
74441 303
74442 4200
74443 905
74444 2904
74445 3960
74446 43
74447 3842
74448 2994
74449 2696
74450 3894
74451 2649
74452 1713
74453 3210
74454 3472
74455 854
74456 3204
74457 1202
74458 2748
74459 3834
74460 3381
74461 3765
74462 1199
74463 2472
74464 1128
74465 652
74466 24
74467 877
74468 2919
74469 708
74470 2901
74471 4080
74472 3228
74473 2095
74474 1787
74475 1300
74476 3380 3384 3958
74477 4475
74478 428
74479 2953 4304
74480 2742
74481 5
74482 1738
74483 2987
74484 3431
74485 4043
74486 3772
74487 3251
74488 2198
74489 377
74490 3105
74491 1266
74492 3769
74493 2223
74494 2627 2818
74495 248 1431 2573 3062
74496 915
74497 4289
74498 2632
74499 3840
74500 2081
74501 3264 3693
74502 1696
74503 1886
74504 3347
74505 1611
74506 3099
74507 3717
74508 527
74509 1797 2468
74510 2465
74511 2780
74512 1797
74513 2147
74514 1342
74515 510
74516 3325
74517 327
74518 351
74519 3961
74520 652
74521 351 387
74522 3658
74523 593 621 1263
74524 3047
74525 3697
74526 3595
74527 4490
74528 3204
74529 860
74530 446 2945
74531 4445
74532 1478
74533 1472
74534 3493
74535 2001
74536 915 3216
74537 1579
74538 3562
74539 4059
74540 4074
74541 2336
74542 3359
74543 3201
74544 4116
74545 2303
74546 122
74547 4011
74548 1541
74549 1482
74550 1782
74551 312
74552 3790
74553 516
74554 3148
74555 4249
74556 4029
74557 896
74558 1163
74559 1526
74560 1202 2081
74561 2615
74562 3859
74563 4269
74564 3489
74565 1103
74566 2502
74567 2581
74568 1438
74569 1342
74570 4235
74571 1368
74572 915
74573 1346
74574 2815
74575 4221
74576 67
74577 104
74578 59
74579 3852
74580 1670
74581 79
74582 43
74583 59
74584 1798
74585 68
74586 80
74587 3525
74588 530
74589 3537
74590 689
74591 2860
74592 662
74593 3213
74594 1291
74595 3600
74596 3305
74597 1545 2914
74598 2491
74599 2729
74600 2914 3044
74601 670
74602 562
74603 549
74604 897
74605 467
74606 2532
74607 2910
74608 508
74609 934
74610 1316 4082
74611 3909
74612 3208
74613 923
74614 207
74615 1120
74616 2473
74617 2205
74618 4060
74619 1656
74620 2905
74621 1469
74622 3874
74623 339 1418
74624 3977
74625 2250 4348
74626 2708
74627 1152
74628 1948
74629 2748
74630 2243
74631 3487
74632 190
74633 190
74634 4491
74635 2773
74636 1923
74637 393
74638 3835
74639 4161
74640 2095
74641 4007
74642 905
74643 4466
74644 1974
74645 3874
74646 2992
74647 3346
74648 1445
74649 4094
74650 4047
74651 207
74652 3384
74653 850
74654 2322
74655 964
74656 4334
74657 77
74658 3278
74659 337
74660 1680
74661 4173
74662 2484
74663 1710
74664 3397
74665 2927
74666 3217
74667 4463
74668 3052
74669 465
74670 452
74671 1001
74672 1613 1784 2750
74673 4054
74674 2175
74675 364
74676 3937
74677 2526
74678 2204
74679 3983
74680 3572 4297
74681 1796
74682 2749
74683 3692
74684 492
74685 2675
74686 867
74687 119
74688 205 1693 2465 3054 3461
74689 734
74690 1993
74691 3261
74692 2199
74693 2864
74694 944
74695 254
74696 2992
74697 916
74698 3442
74699 1489
74700 1113
74701 497 721 762 2112 2537
74702 3157
74703 3120
74704 638
74705 2675
74706 3683
74707 585
74708 3836
74709 3139
74710 2738
74711 2845
74712 1450
74713 3792
74714 2528
74715 1245
74716 1345
74717 1236
74718 3119
74719 3513
74720 4172
74721 309 532
74722 3535
74723 1750
74724 4162
74725 4271
74726 489
74727 3570
74728 2323
74729 3331
74730 3331
74731 2771
74732 3219
74733 4396
74734 3013
74735 78
74736 1873
74737 2573
74738 2737
74739 1062
74740 3961
74741 1797
74742 2944
74743 3336
74744 3210
74745 3672
74746 4239
74747 2138
74748 3735
74749 302
74750 3348
74751 1796
74752 311
74753 1941
74754 2360
74755 4447
74756 3493
74757 1958
74758 1000
74759 1953
74760 3527
74761 1216
74762 529 4123
74763 759
74764 718
74765 887
74766 443
74767 1932
74768 2987
74769 2992
74770 21
74771 1912
74772 2581 2661 2818
74773 3631
74774 2617
74775 4218
74776 3277
74777 1894
74778 4219
74779 2789
74780 3129
74781 3211
74782 2988
74783 135 1743
74784 4327
74785 3704
74786 3832
74787 1125
74788 2581 3535
74789 2939
74790 1540
74791 1418
74792 1887
74793 905
74794 4307
74795 394
74796 2081
74797 854
74798 2672
74799 3927
74800 4259
74801 2104
74802 3489
74803 1044
74804 2559
74805 4255
74806 3915
74807 2059
74808 1043
74809 3164
74810 923
74811 491
74812 394
74813 3209
74814 1817
74815 1470
74816 1689
74817 2718
74818 579
74819 4456
74820 2577
74821 63
74822 2240
74823 2135
74824 3473
74825 3142
74826 483
74827 3814
74828 3105
74829 784
74830 566
74831 1115
74832 1719
74833 2046
74834 3531
74835 87
74836 899
74837 803
74838 1135
74839 2967
74840 159
74841 1170
74842 3768 4204
74843 3377
74844 3598
74845 718
74846 546
74847 87
74848 2679
74849 2543
74850 3000
74851 3668
74852 2212
74853 3677
74854 4120
74855 1002
74856 266 3249
74857 1099 1503
74858 4416
74859 2190
74860 3100
74861 2656
74862 1717
74863 513
74864 3710
74865 734
74866 4129
74867 2504
74868 1587
74869 2649
74870 1097
74871 1060
74872 2653
74873 619
74874 2728
74875 464
74876 1200
74877 2953
74878 1452 4164
74879 1847
74880 1698
74881 2357
74882 3729
74883 217 874 2818
74884 396
74885 1350
74886 3998
74887 2783
74888 1545 4123
74889 434
74890 1351
74891 2168
74892 2578
74893 976 3048
74894 588
74895 538
74896 924
74897 3165
74898 3201
74899 4158
74900 3666
74901 2521
74902 3399
74903 2502
74904 1565
74905 824 825 1985 3137
74906 4427
74907 906
74908 412
74909 3737
74910 3157
74911 2086
74912 122
74913 1740
74914 1917
74915 1662
74916 81
74917 235
74918 723
74919 3157
74920 2808
74921 293
74922 332
74923 277
74924 3688
74925 901
74926 3370
74927 290
74928 2725
74929 1953
74930 2963
74931 1206
74932 2175
74933 1045
74934 4028
74935 4373
74936 3318
74937 812
74938 3486
74939 2043
74940 3261
74941 919
74942 4492
74943 2992
74944 1341
74945 1790
74946 3676
74947 1667
74948 4123
74949 1493
74950 1683
74951 2718
74952 339 341 342 342 345 551 1231 1405 2862 3355 3489 3493 3503 3688 3978 4076 4299 4300
74953 2983
74954 3576
74955 3200
74956 1596
74957 2315
74958 1869 1870
74959 418
74960 60
74961 3769
74962 169
74963 787
74964 3341
74965 2456
74966 1214 2482
74967 3544
74968 837
74969 2428 2715
74970 467
74971 2635
74972 2051
74973 1197
74974 292 2699
74975 2083
74976 923
74977 1405
74978 2770
74979 2726
74980 78
74981 2852
74982 3543
74983 69
74984 67
74985 3950
74986 3297
74987 2579 2785
74988 1162
74989 2439
74990 3136
74991 1408
74992 1590
74993 2378
74994 4023
74995 2559
74996 3687
74997 1128
74998 678
74999 3190
75000 4317
75001 2389 2808
75002 314
75003 106 218 316 1706 1940 3381 3765
75004 3124
75005 1906
75006 3149
75007 966
75008 1617
75009 4277
75010 1299
75011 294
75012 1307 4147
75013 394
75014 17
75015 1028
75016 2160
75017 1825
75018 2094
75019 888
75020 2012
75021 417
75022 783
75023 1166
75024 3657
75025 1202
75026 1511
75027 4148
75028 891
75029 2368
75030 2558
75031 1736
75032 3214
75033 1885
75034 2086
75035 1883
75036 4415
75037 2808 3195 3628
75038 934
75039 583
75040 1467
75041 1061
75042 1661
75043 1434 2627
75044 1318
75045 3099
75046 3331
75047 4209
75048 2545
75049 2740
75050 905
75051 2095
75052 339 1839 4074
75053 4159
75054 632
75055 874 3964
75056 106 3499
75057 781
75058 2230
75059 4224
75060 1254
75061 116 473 2440 2578 2741
75062 4265
75063 4320
75064 812
75065 810
75066 1539
75067 923
75068 962 1200 2004 2910 4003 4076
75069 1230
75070 814
75071 1354
75072 2544
75073 3797
75074 1340
75075 3611
75076 3826
75077 3626
75078 770
75079 1538
75080 3208
75081 2390
75082 1881
75083 3850
75084 1695
75085 3704
75086 3256
75087 1985
75088 2885
75089 3741
75090 2851
75091 2994
75092 2660
75093 3394
75094 2766 2808
75095 282
75096 1060
75097 3113
75098 820
75099 62
75100 4470
75101 2627
75102 350
75103 737
75104 4161
75105 2656
75106 929
75107 1200
75108 4221
75109 3647
75110 2086
75111 4239
75112 473
75113 2510
75114 2955
75115 1060
75116 3637
75117 4409
75118 784
75119 705
75120 3688
75121 2802 3013
75122 1182
75123 1708
75124 959
75125 465
75126 820
75127 1742
75128 3676
75129 242
75130 3499
75131 2203
75132 3009
75133 321 3074
75134 91
75135 3351
75136 1892
75137 2001
75138 1641
75139 1632
75140 3209
75141 2661 4174
75142 507
75143 2121
75144 3188
75145 2874
75146 3754
75147 1797 2007
75148 2053
75149 1482
75150 1537
75151 820
75152 3548
75153 2583
75154 2113
75155 4284
75156 4234
75157 562
75158 868
75159 21
75160 2642
75161 3718
75162 4387
75163 2202
75164 1924
75165 868
75166 446 2818
75167 2189
75168 311
75169 1050
75170 4446
75171 3935
75172 1411
75173 541
75174 838
75175 2224
75176 3391
75177 2984
75178 2578
75179 470
75180 1721
75181 1496
75182 3188
75183 391
75184 1771
75185 517
75186 1328
75187 2960
75188 2572
75189 4329
75190 1192
75191 1983
75192 3
75193 3375
75194 147
75195 3002
75196 1455
75197 2179
75198 2259
75199 3644
75200 264 1600 3354
75201 4047
75202 4048
75203 516
75204 1447
75205 2095
75206 3872
75207 2527
75208 1644
75209 4188
75210 1446
75211 4018
75212 191
75213 3829
75214 3194
75215 3709
75216 844
75217 3384
75218 369
75219 2471 3102
75220 1341
75221 1183
75222 3344
75223 3606
75224 1929
75225 164
75226 26
75227 3216 3663
75228 4433
75229 2471
75230 2393
75231 2663 2698
75232 4317
75233 960
75234 744
75235 4096
75236 4088
75237 3
75238 3918
75239 15
75240 3044
75241 4007
75242 586
75243 2950
75244 4238
75245 3920
75246 4067
75247 1431
75248 2704
75249 2075
75250 1327
75251 123
75252 918
75253 3945
75254 1457
75255 713
75256 2636
75257 4172
75258 1982
75259 2214
75260 3225
75261 3754
75262 4313
75263 2250
75264 470
75265 176
75266 3910
75267 3388
75268 2198
75269 4473
75270 3440
75271 711
75272 3445
75273 2763
75274 3777
75275 3216
75276 2209
75277 2038
75278 3687
75279 1616
75280 1805
75281 3636
75282 2707
75283 3933
75284 3402
75285 4162
75286 216 1712
75287 2131
75288 1966
75289 704
75290 3328
75291 634
75292 2139
75293 2205
75294 1428
75295 3800
75296 3876
75297 690
75298 2104
75299 1845
75300 1900
75301 2766
75302 4452
75303 734 737
75304 1060 1430 3128
75305 761
75306 2598
75307 2983
75308 4414
75309 519
75310 2969
75311 225
75312 783
75313 1468
75314 1324
75315 757
75316 141
75317 1693 1700
75318 3451
75319 3038
75320 2675 2715
75321 1143
75322 237 471 562 735 820 1430 2075 3048 3251 3490 3495 3666 3857 4184
75323 2596
75324 3490
75325 3713
75326 2202
75327 4183
75328 1469 2636 2737 3631
75329 1361 2929
75330 3551
75331 2185
75332 3347
75333 4186
75334 2348
75335 349
75336 680
75337 3644
75338 4017
75339 669
75340 3651
75341 3899
75342 3670
75343 3147
75344 17
75345 3590
75346 2210
75347 4426
75348 3799
75349 3992
75350 1593
75351 3340
75352 754
75353 3701
75354 3215
75355 3379
75356 3578
75357 2057
75358 797
75359 3983
75360 2951
75361 3599
75362 2754
75363 3331
75364 1748
75365 4448
75366 883
75367 624 3337
75368 1358
75369 4221
75370 2227
75371 1150
75372 3379
75373 402
75374 3697
75375 1029
75376 937
75377 2368
75378 1021 1545
75379 2573
75380 3575 4221
75381 240
75382 1760
75383 3128
75384 4062
75385 1924
75386 2822
75387 2239
75388 1572
75389 4357
75390 5
75391 1675
75392 3549
75393 2727
75394 2601
75395 123
75396 4364
75397 506
75398 1978
75399 3730
75400 3728
75401 1783
75402 1809
75403 1182
75404 2020
75405 1341
75406 1341
75407 818 2170
75408 3158
75409 350
75410 1669
75411 3213
75412 247
75413 1521
75414 2900
75415 1854
75416 2400
75417 4088
75418 542
75419 4475
75420 182
75421 903
75422 2084
75423 68
75424 3619
75425 1169
75426 111
75427 111
75428 3316
75429 3968
75430 1953
75431 3024
75432 1102
75433 2607
75434 2640
75435 3680
75436 3244
75437 3047
75438 2961
75439 25
75440 3805
75441 3216
75442 2992
75443 916
75444 3809
75445 4317
75446 1311
75447 95
75448 52
75449 3872
75450 840 1797
75451 2873
75452 335
75453 4181
75454 1123
75455 669
75456 714
75457 3560
75458 1000
75459 3498
75460 4412
75461 754
75462 917
75463 4290
75464 3641
75465 3967
75466 4024
75467 2775 3378
75468 4385
75469 695
75470 3862
75471 2073
75472 1676
75473 3003
75474 2062
75475 3535
75476 2952 3158
75477 2695
75478 2325
75479 1590
75480 4446
75481 1727
75482 2574 2908 3057
75483 1984
75484 3908
75485 986
75486 2273
75487 966
75488 2992
75489 3527
75490 4085
75491 1435 4423
75492 1101
75493 2572
75494 1636 2227 3217
75495 1546
75496 2522
75497 2259
75498 737
75499 1881
75500 4210
75501 4321
75502 2770
75503 2001
75504 1612
75505 3844
75506 1342
75507 2483
75508 2886
